Date,Voucher Type,Voucher No,Ledger,Debit,Credit,Narration
01-04-2025,Sales,1,Customer 10,123720.81,,
01-04-2025,Sales,1,Sales - Local,,123720.81,
01-04-2025,Payment,1,Supplier 06,11900.43,,
01-04-2025,Payment,1,HDFC Bank Current A/c,,11900.43,
01-04-2025,Sales,2,Customer 08,78684.60,,
01-04-2025,Sales,2,Sales - Local,,78684.60,
01-04-2025,Sales,3,Cash,44686.26,,
01-04-2025,Sales,3,Sales - Local,,44686.26,
02-04-2025,Sales,4,Customer 03,148965.42,,
02-04-2025,Sales,4,Sales - Local,,148965.42,
02-04-2025,Sales,5,Cash,24172.55,,
02-04-2025,Sales,5,Sales - Local,,24172.55,
02-04-2025,Purchase,1,Purchases - Local,119341.83,,
02-04-2025,Purchase,1,Supplier 01,,119341.83,
02-04-2025,Sales,6,Customer 05,173121.57,,
02-04-2025,Sales,6,Sales - Local,,173121.57,
03-04-2025,Payment,2,Staff Welfare,2614.24,,
03-04-2025,Payment,2,Cash,,2614.24,
03-04-2025,Sales,7,Cash,30735.49,,
03-04-2025,Sales,7,Sales - Local,,30735.49,
03-04-2025,Purchase,2,Purchases - Local,70378.43,,
03-04-2025,Purchase,2,Supplier 03,,70378.43,
03-04-2025,Sales,8,Customer 04,198020.67,,
03-04-2025,Sales,8,Sales - Local,,198020.67,
04-04-2025,Receipt,1,HDFC Bank Current A/c,73039.71,,
04-04-2025,Receipt,1,Customer 08,,73039.71,
04-04-2025,Purchase,3,Purchases - Local,24693.83,,
04-04-2025,Purchase,3,Supplier 03,,24693.83,
04-04-2025,Receipt,2,HDFC Bank Current A/c,2034.88,,
04-04-2025,Receipt,2,Interest Received,,2034.88,
04-04-2025,Payment,3,Staff Welfare,5229.54,,
04-04-2025,Payment,3,Cash,,5229.54,
05-04-2025,Sales,9,Cash,22651.20,,
05-04-2025,Sales,9,Sales - Local,,22651.20,
05-04-2025,Receipt,3,HDFC Bank Current A/c,187799.88,,
05-04-2025,Receipt,3,Customer 03,,187799.88,
05-04-2025,Sales,10,Customer 09,18180.07,,
05-04-2025,Sales,10,Sales - Local,,18180.07,
05-04-2025,Receipt,4,HDFC Bank Current A/c,315915.79,,
05-04-2025,Receipt,4,Customer 05,,315915.79,
06-04-2025,Sales,11,Customer 03,42463.07,,
06-04-2025,Sales,11,Sales - Local,,42463.07,
06-04-2025,Receipt,5,HDFC Bank Current A/c,147290.42,,
06-04-2025,Receipt,5,Customer 10,,147290.42,
06-04-2025,Sales,12,Cash,40999.84,,
06-04-2025,Sales,12,Sales - Local,,40999.84,
06-04-2025,Payment,4,Conveyance,5922.91,,
06-04-2025,Payment,4,Cash,,5922.91,
07-04-2025,Payment,5,Staff Welfare,9489.98,,
07-04-2025,Payment,5,Cash,,9489.98,
07-04-2025,Sales,13,Cash,33666.13,,
07-04-2025,Sales,13,Sales - Local,,33666.13,
07-04-2025,Receipt,6,Cash,7560.87,,
07-04-2025,Receipt,6,Customer 03,,7560.87,
07-04-2025,Payment,6,Supplier 03,78264.73,,
07-04-2025,Payment,6,HDFC Bank Current A/c,,78264.73,
08-04-2025,Receipt,7,HDFC Bank Current A/c,2837.45,,
08-04-2025,Receipt,7,Interest Received,,2837.45,
08-04-2025,Sales,14,Customer 03,139548.20,,
08-04-2025,Sales,14,Sales - Local,,139548.20,
08-04-2025,Payment,7,Bank Charges,425.93,,
08-04-2025,Payment,7,HDFC Bank Current A/c,,425.93,
08-04-2025,Sales,15,Cash,2975.34,,
08-04-2025,Sales,15,Sales - Local,,2975.34,
09-04-2025,Receipt,8,HDFC Bank Current A/c,84632.84,,
09-04-2025,Receipt,8,Customer 09,,84632.84,
09-04-2025,Sales,16,Cash,26688.47,,
09-04-2025,Sales,16,Sales - Local,,26688.47,
09-04-2025,Payment,8,Supplier 02,21036.07,,
09-04-2025,Payment,8,HDFC Bank Current A/c,,21036.07,
09-04-2025,Receipt,9,HDFC Bank Current A/c,100382.32,,
09-04-2025,Receipt,9,Customer 07,,100382.32,
10-04-2025,Sales,17,Customer 08,175071.89,,
10-04-2025,Sales,17,Sales - Local,,175071.89,
10-04-2025,Payment,9,Telephone Expenses,6919.20,,
10-04-2025,Payment,9,Cash,,6919.20,
10-04-2025,Payment,10,Supplier 03,41011.72,,
10-04-2025,Payment,10,HDFC Bank Current A/c,,41011.72,
10-04-2025,Payment,11,Conveyance,584.25,,
10-04-2025,Payment,11,Cash,,584.25,
11-04-2025,Sales,18,Cash,30652.50,,
11-04-2025,Sales,18,Sales - Local,,30652.50,
11-04-2025,Receipt,10,HDFC Bank Current A/c,61968.75,,
11-04-2025,Receipt,10,Customer 02,,61968.75,
11-04-2025,Receipt,11,HDFC Bank Current A/c,42548.30,,
11-04-2025,Receipt,11,Customer 01,,42548.30,
11-04-2025,Purchase,4,Purchases - Local,104821.06,,
11-04-2025,Purchase,4,Supplier 05,,104821.06,
12-04-2025,Sales,19,Cash,47652.94,,
12-04-2025,Sales,19,Sales - Local,,47652.94,
12-04-2025,Sales,20,Customer 02,56882.57,,
12-04-2025,Sales,20,Sales - Local,,56882.57,
12-04-2025,Payment,12,Supplier 04,16635.74,,
12-04-2025,Payment,12,HDFC Bank Current A/c,,16635.74,
12-04-2025,Purchase,5,Purchases - Local,97813.49,,
12-04-2025,Purchase,5,Supplier 06,,97813.49,
13-04-2025,Receipt,12,HDFC Bank Current A/c,17076.40,,
13-04-2025,Receipt,12,Customer 07,,17076.40,
13-04-2025,Sales,21,Customer 04,93859.64,,
13-04-2025,Sales,21,Sales - Local,,93859.64,
13-04-2025,Receipt,13,HDFC Bank Current A/c,23284.60,,
13-04-2025,Receipt,13,Customer 06,,23284.60,
13-04-2025,Purchase,6,Purchases - Local,96481.59,,
13-04-2025,Purchase,6,Supplier 02,,96481.59,
14-04-2025,Payment,13,Supplier 02,98970.48,,
14-04-2025,Payment,13,HDFC Bank Current A/c,,98970.48,
14-04-2025,Sales,22,Customer 04,181757.73,,
14-04-2025,Sales,22,Sales - Local,,181757.73,
14-04-2025,Sales,23,Customer 02,29254.41,,
14-04-2025,Sales,23,Sales - Local,,29254.41,
14-04-2025,Sales,24,Customer 06,45973.30,,
14-04-2025,Sales,24,Sales - Local,,45973.30,
15-04-2025,Payment,14,Supplier 01,40666.54,,
15-04-2025,Payment,14,HDFC Bank Current A/c,,40666.54,
15-04-2025,Sales,25,Cash,17240.22,,
15-04-2025,Sales,25,Sales - Local,,17240.22,
15-04-2025,Sales,26,Customer 03,54480.02,,
15-04-2025,Sales,26,Sales - Local,,54480.02,
15-04-2025,Purchase,7,Purchases - Local,91932.58,,
15-04-2025,Purchase,7,Supplier 01,,91932.58,
16-04-2025,Payment,15,Rent,25000.00,,
16-04-2025,Payment,15,HDFC Bank Current A/c,,25000.00,
16-04-2025,Payment,16,Salary,45996.92,,
16-04-2025,Payment,16,HDFC Bank Current A/c,,45996.92,
16-04-2025,Payment,17,Electricity Charges,4148.36,,
16-04-2025,Payment,17,HDFC Bank Current A/c,,4148.36,
16-04-2025,Journal,1,Interest on Unsecured Loans,3000.00,,
16-04-2025,Journal,1,Unsecured Loan - Rajesh Kumar,,2700.00,
16-04-2025,Journal,1,TDS Payable,,300.00,
16-04-2025,Payment,18,TDS Payable,300.00,,
16-04-2025,Payment,18,HDFC Bank Current A/c,,300.00,
16-04-2025,Sales,27,Customer 07,108438.83,,
16-04-2025,Sales,27,Sales - Local,,108438.83,
16-04-2025,Payment,19,Supplier 03,37065.40,,
16-04-2025,Payment,19,HDFC Bank Current A/c,,37065.40,
16-04-2025,Sales,28,Cash,35027.75,,
16-04-2025,Sales,28,Sales - Local,,35027.75,
16-04-2025,Sales,29,Customer 10,18686.58,,
16-04-2025,Sales,29,Sales - Local,,18686.58,
17-04-2025,Purchase,8,Purchases - Local,59998.78,,
17-04-2025,Purchase,8,Supplier 06,,59998.78,
17-04-2025,Purchase,9,Purchases - Local,18416.51,,
17-04-2025,Purchase,9,Supplier 02,,18416.51,
17-04-2025,Sales,30,Cash,39594.36,,
17-04-2025,Sales,30,Sales - Local,,39594.36,
17-04-2025,Receipt,14,HDFC Bank Current A/c,1258.13,,
17-04-2025,Receipt,14,Customer 05,,1258.13,
18-04-2025,Receipt,15,HDFC Bank Current A/c,92523.38,,
18-04-2025,Receipt,15,Customer 02,,92523.38,
18-04-2025,Receipt,16,HDFC Bank Current A/c,522557.30,,
18-04-2025,Receipt,16,Customer 04,,522557.30,
18-04-2025,Purchase,10,Purchases - Local,69944.24,,
18-04-2025,Purchase,10,Supplier 05,,69944.24,
18-04-2025,Payment,20,Supplier 04,6834.45,,
18-04-2025,Payment,20,HDFC Bank Current A/c,,6834.45,
19-04-2025,Receipt,17,HDFC Bank Current A/c,11593.60,,
19-04-2025,Receipt,17,Customer 10,,11593.60,
19-04-2025,Payment,21,Supplier 02,28616.95,,
19-04-2025,Payment,21,HDFC Bank Current A/c,,28616.95,
19-04-2025,Sales,31,Cash,7461.52,,
19-04-2025,Sales,31,Sales - Local,,7461.52,
19-04-2025,Payment,22,Supplier 03,2788.79,,
19-04-2025,Payment,22,HDFC Bank Current A/c,,2788.79,
20-04-2025,Receipt,18,HDFC Bank Current A/c,206128.82,,
20-04-2025,Receipt,18,Customer 03,,206128.82,
20-04-2025,Sales,32,Cash,24977.07,,
20-04-2025,Sales,32,Sales - Local,,24977.07,
20-04-2025,Receipt,19,Cash,12466.48,,
20-04-2025,Receipt,19,Customer 09,,12466.48,
20-04-2025,Purchase,11,Purchases - Local,6065.28,,
20-04-2025,Purchase,11,Supplier 02,,6065.28,
21-04-2025,Payment,23,Office Expenses,5453.09,,
21-04-2025,Payment,23,Cash,,5453.09,
21-04-2025,Receipt,20,HDFC Bank Current A/c,20072.31,,
21-04-2025,Receipt,20,Customer 03,,20072.31,
21-04-2025,Receipt,21,HDFC Bank Current A/c,27064.27,,
21-04-2025,Receipt,21,Customer 02,,27064.27,
21-04-2025,Sales,33,Customer 05,179467.43,,
21-04-2025,Sales,33,Sales - Local,,179467.43,
22-04-2025,Receipt,22,HDFC Bank Current A/c,27421.23,,
22-04-2025,Receipt,22,Customer 10,,27421.23,
22-04-2025,Sales,34,Cash,48993.03,,
22-04-2025,Sales,34,Sales - Local,,48993.03,
22-04-2025,Sales,35,Customer 08,73126.94,,
22-04-2025,Sales,35,Sales - Local,,73126.94,
22-04-2025,Receipt,23,HDFC Bank Current A/c,76554.89,,
22-04-2025,Receipt,23,Customer 07,,76554.89,
23-04-2025,Purchase,12,Purchases - Local,78037.15,,
23-04-2025,Purchase,12,Supplier 05,,78037.15,
23-04-2025,Purchase,13,Purchases - Local,101148.83,,
23-04-2025,Purchase,13,Supplier 05,,101148.83,
23-04-2025,Payment,24,Supplier 04,2483.97,,
23-04-2025,Payment,24,HDFC Bank Current A/c,,2483.97,
23-04-2025,Purchase,14,Purchases - Local,91336.23,,
23-04-2025,Purchase,14,Supplier 01,,91336.23,
24-04-2025,Payment,25,Supplier 01,43579.66,,
24-04-2025,Payment,25,HDFC Bank Current A/c,,43579.66,
24-04-2025,Sales,36,Cash,22853.76,,
24-04-2025,Sales,36,Sales - Local,,22853.76,
24-04-2025,Payment,26,Supplier 01,62511.22,,
24-04-2025,Payment,26,HDFC Bank Current A/c,,62511.22,
24-04-2025,Sales,37,Customer 01,63190.88,,
24-04-2025,Sales,37,Sales - Local,,63190.88,
25-04-2025,Purchase,15,Purchases - Local,42049.04,,
25-04-2025,Purchase,15,Supplier 04,,42049.04,
25-04-2025,Payment,27,Bank Charges,152.89,,
25-04-2025,Payment,27,HDFC Bank Current A/c,,152.89,
25-04-2025,Payment,28,Supplier 01,84042.39,,
25-04-2025,Payment,28,HDFC Bank Current A/c,,84042.39,
25-04-2025,Sales,38,Customer 07,199287.40,,
25-04-2025,Sales,38,Sales - Local,,199287.40,
26-04-2025,Payment,29,Supplier 05,5689.28,,
26-04-2025,Payment,29,HDFC Bank Current A/c,,5689.28,
26-04-2025,Receipt,24,HDFC Bank Current A/c,2103.89,,
26-04-2025,Receipt,24,Customer 03,,2103.89,
26-04-2025,Sales,39,Cash,15210.13,,
26-04-2025,Sales,39,Sales - Local,,15210.13,
26-04-2025,Sales,40,Customer 04,143736.19,,
26-04-2025,Sales,40,Sales - Local,,143736.19,
27-04-2025,Purchase,16,Purchases - Local,66025.63,,
27-04-2025,Purchase,16,Supplier 06,,66025.63,
27-04-2025,Sales,41,Cash,27417.90,,
27-04-2025,Sales,41,Sales - Local,,27417.90,
27-04-2025,Sales,42,Customer 09,41477.68,,
27-04-2025,Sales,42,Sales - Local,,41477.68,
27-04-2025,Sales,43,Cash,1608.32,,
27-04-2025,Sales,43,Sales - Local,,1608.32,
28-04-2025,Receipt,25,Cash,18580.09,,
28-04-2025,Receipt,25,Customer 07,,18580.09,
28-04-2025,Sales,44,Customer 02,163277.37,,
28-04-2025,Sales,44,Sales - Local,,163277.37,
28-04-2025,Receipt,26,HDFC Bank Current A/c,4687.75,,
28-04-2025,Receipt,26,Interest Received,,4687.75,
28-04-2025,Receipt,27,HDFC Bank Current A/c,13130.72,,
28-04-2025,Receipt,27,Customer 01,,13130.72,
29-04-2025,Sales,45,Cash,15005.44,,
29-04-2025,Sales,45,Sales - Local,,15005.44,
29-04-2025,Sales,46,Cash,35888.06,,
29-04-2025,Sales,46,Sales - Local,,35888.06,
29-04-2025,Sales,47,Customer 03,197456.23,,
29-04-2025,Sales,47,Sales - Local,,197456.23,
29-04-2025,Payment,30,Printing & Stationery,4043.62,,
29-04-2025,Payment,30,Cash,,4043.62,
30-04-2025,Sales,48,Cash,23357.72,,
30-04-2025,Sales,48,Sales - Local,,23357.72,
30-04-2025,Receipt,28,HDFC Bank Current A/c,134986.31,,
30-04-2025,Receipt,28,Customer 03,,134986.31,
30-04-2025,Payment,31,Staff Welfare,386.15,,
30-04-2025,Payment,31,Cash,,386.15,
30-04-2025,Sales,49,Cash,22395.40,,
30-04-2025,Sales,49,Sales - Local,,22395.40,
01-05-2025,Receipt,29,HDFC Bank Current A/c,33366.84,,
01-05-2025,Receipt,29,Customer 01,,33366.84,
01-05-2025,Sales,50,Customer 01,70783.80,,
01-05-2025,Sales,50,Sales - Local,,70783.80,
01-05-2025,Payment,32,Supplier 01,29729.65,,
01-05-2025,Payment,32,HDFC Bank Current A/c,,29729.65,
01-05-2025,Sales,51,Customer 07,163511.04,,
01-05-2025,Sales,51,Sales - Local,,163511.04,
02-05-2025,Sales,52,Customer 06,47654.37,,
02-05-2025,Sales,52,Sales - Local,,47654.37,
02-05-2025,Sales,53,Customer 10,73566.41,,
02-05-2025,Sales,53,Sales - Local,,73566.41,
02-05-2025,Receipt,30,HDFC Bank Current A/c,3206.78,,
02-05-2025,Receipt,30,Customer 01,,3206.78,
02-05-2025,Receipt,31,HDFC Bank Current A/c,72934.13,,
02-05-2025,Receipt,31,Customer 05,,72934.13,
03-05-2025,Payment,33,Supplier 06,191108.18,,
03-05-2025,Payment,33,HDFC Bank Current A/c,,191108.18,
03-05-2025,Sales,54,Cash,14375.90,,
03-05-2025,Sales,54,Sales - Local,,14375.90,
03-05-2025,Receipt,32,HDFC Bank Current A/c,43176.19,,
03-05-2025,Receipt,32,Customer 01,,43176.19,
03-05-2025,Receipt,33,HDFC Bank Current A/c,32053.36,,
03-05-2025,Receipt,33,Customer 04,,32053.36,
04-05-2025,Sales,55,Cash,5597.13,,
04-05-2025,Sales,55,Sales - Local,,5597.13,
04-05-2025,Receipt,34,Cash,15122.48,,
04-05-2025,Receipt,34,Customer 02,,15122.48,
04-05-2025,Payment,34,Supplier 06,10205.63,,
04-05-2025,Payment,34,HDFC Bank Current A/c,,10205.63,
04-05-2025,Purchase,17,Purchases - Local,13564.71,,
04-05-2025,Purchase,17,Supplier 03,,13564.71,
05-05-2025,Sales,56,Customer 04,28216.35,,
05-05-2025,Sales,56,Sales - Local,,28216.35,
05-05-2025,Sales,57,Customer 01,33593.74,,
05-05-2025,Sales,57,Sales - Local,,33593.74,
05-05-2025,Payment,35,Staff Welfare,3993.50,,
05-05-2025,Payment,35,Cash,,3993.50,
05-05-2025,Purchase,18,Purchases - Local,43208.92,,
05-05-2025,Purchase,18,Supplier 06,,43208.92,
06-05-2025,Receipt,35,HDFC Bank Current A/c,132592.33,,
06-05-2025,Receipt,35,Customer 07,,132592.33,
06-05-2025,Receipt,36,Cash,17402.43,,
06-05-2025,Receipt,36,Customer 09,,17402.43,
06-05-2025,Payment,36,Supplier 02,6387.22,,
06-05-2025,Payment,36,HDFC Bank Current A/c,,6387.22,
06-05-2025,Payment,37,Supplier 05,344301.56,,
06-05-2025,Payment,37,HDFC Bank Current A/c,,344301.56,
07-05-2025,Purchase,19,Purchases - Local,78700.32,,
07-05-2025,Purchase,19,Supplier 01,,78700.32,
07-05-2025,Purchase,20,Purchases - Local,53081.02,,
07-05-2025,Purchase,20,Supplier 02,,53081.02,
07-05-2025,Receipt,37,HDFC Bank Current A/c,48020.77,,
07-05-2025,Receipt,37,Customer 05,,48020.77,
07-05-2025,Sales,58,Customer 01,69858.65,,
07-05-2025,Sales,58,Sales - Local,,69858.65,
08-05-2025,Payment,38,Supplier 06,66106.86,,
08-05-2025,Payment,38,HDFC Bank Current A/c,,66106.86,
08-05-2025,Payment,39,Printing & Stationery,3629.42,,
08-05-2025,Payment,39,Cash,,3629.42,
08-05-2025,Payment,40,Supplier 03,13395.57,,
08-05-2025,Payment,40,HDFC Bank Current A/c,,13395.57,
08-05-2025,Receipt,38,HDFC Bank Current A/c,143535.02,,
08-05-2025,Receipt,38,Customer 07,,143535.02,
09-05-2025,Payment,41,Supplier 02,14637.44,,
09-05-2025,Payment,41,HDFC Bank Current A/c,,14637.44,
09-05-2025,Sales,59,Customer 06,83627.35,,
09-05-2025,Sales,59,Sales - Local,,83627.35,
09-05-2025,Purchase,21,Purchases - Local,21557.03,,
09-05-2025,Purchase,21,Supplier 06,,21557.03,
09-05-2025,Purchase,22,Purchases - Local,55662.73,,
09-05-2025,Purchase,22,Supplier 05,,55662.73,
10-05-2025,Sales,60,Customer 06,189457.68,,
10-05-2025,Sales,60,Sales - Local,,189457.68,
10-05-2025,Receipt,39,HDFC Bank Current A/c,15929.15,,
10-05-2025,Receipt,39,Customer 10,,15929.15,
10-05-2025,Receipt,40,HDFC Bank Current A/c,42930.79,,
10-05-2025,Receipt,40,Customer 05,,42930.79,
10-05-2025,Sales,61,Customer 09,16023.97,,
10-05-2025,Sales,61,Sales - Local,,16023.97,
11-05-2025,Sales,62,Cash,27343.29,,
11-05-2025,Sales,62,Sales - Local,,27343.29,
11-05-2025,Sales,63,Customer 04,169567.37,,
11-05-2025,Sales,63,Sales - Local,,169567.37,
11-05-2025,Sales,64,Customer 07,195459.03,,
11-05-2025,Sales,64,Sales - Local,,195459.03,
11-05-2025,Payment,42,Bank Charges,98.29,,
11-05-2025,Payment,42,HDFC Bank Current A/c,,98.29,
12-05-2025,Purchase,23,Purchases - Local,87512.79,,
12-05-2025,Purchase,23,Supplier 06,,87512.79,
12-05-2025,Sales,65,Cash,45363.72,,
12-05-2025,Sales,65,Sales - Local,,45363.72,
12-05-2025,Receipt,41,HDFC Bank Current A/c,127289.62,,
12-05-2025,Receipt,41,Customer 01,,127289.62,
12-05-2025,Sales,66,Cash,37937.32,,
12-05-2025,Sales,66,Sales - Local,,37937.32,
13-05-2025,Sales,67,Cash,5470.81,,
13-05-2025,Sales,67,Sales - Local,,5470.81,
13-05-2025,Sales,68,Customer 10,27452.84,,
13-05-2025,Sales,68,Sales - Local,,27452.84,
13-05-2025,Payment,43,Printing & Stationery,6977.01,,
13-05-2025,Payment,43,Cash,,6977.01,
13-05-2025,Receipt,42,HDFC Bank Current A/c,12487.40,,
13-05-2025,Receipt,42,Customer 05,,12487.40,
14-05-2025,Purchase,24,Purchases - Local,93966.56,,
14-05-2025,Purchase,24,Supplier 02,,93966.56,
14-05-2025,Payment,44,Office Expenses,6708.94,,
14-05-2025,Payment,44,Cash,,6708.94,
14-05-2025,Sales,69,Cash,5763.62,,
14-05-2025,Sales,69,Sales - Local,,5763.62,
14-05-2025,Sales,70,Customer 04,67868.76,,
14-05-2025,Sales,70,Sales - Local,,67868.76,
15-05-2025,Receipt,43,HDFC Bank Current A/c,91077.32,,
15-05-2025,Receipt,43,Customer 02,,91077.32,
15-05-2025,Purchase,25,Purchases - Local,100953.21,,
15-05-2025,Purchase,25,Supplier 02,,100953.21,
15-05-2025,Payment,45,Staff Welfare,7946.24,,
15-05-2025,Payment,45,Cash,,7946.24,
15-05-2025,Payment,46,Bank Charges,46.71,,
15-05-2025,Payment,46,HDFC Bank Current A/c,,46.71,
16-05-2025,Payment,47,Rent,25000.00,,
16-05-2025,Payment,47,HDFC Bank Current A/c,,25000.00,
16-05-2025,Payment,48,Salary,47100.42,,
16-05-2025,Payment,48,HDFC Bank Current A/c,,47100.42,
16-05-2025,Payment,49,Electricity Charges,6497.72,,
16-05-2025,Payment,49,HDFC Bank Current A/c,,6497.72,
16-05-2025,Journal,2,Interest on Unsecured Loans,3000.00,,
16-05-2025,Journal,2,Unsecured Loan - Rajesh Kumar,,2700.00,
16-05-2025,Journal,2,TDS Payable,,300.00,
16-05-2025,Payment,50,TDS Payable,300.00,,
16-05-2025,Payment,50,HDFC Bank Current A/c,,300.00,
16-05-2025,Purchase,26,Purchases - Local,101695.70,,
16-05-2025,Purchase,26,Supplier 02,,101695.70,
16-05-2025,Sales,71,Customer 07,33231.03,,
16-05-2025,Sales,71,Sales - Local,,33231.03,
16-05-2025,Sales,72,Customer 05,30190.76,,
16-05-2025,Sales,72,Sales - Local,,30190.76,
16-05-2025,Purchase,27,Purchases - Local,112151.99,,
16-05-2025,Purchase,27,Supplier 04,,112151.99,
17-05-2025,Sales,73,Cash,5629.79,,
17-05-2025,Sales,73,Sales - Local,,5629.79,
17-05-2025,Sales,74,Customer 09,174298.19,,
17-05-2025,Sales,74,Sales - Local,,174298.19,
17-05-2025,Receipt,44,Cash,13855.76,,
17-05-2025,Receipt,44,Customer 08,,13855.76,
17-05-2025,Sales,75,Customer 06,12081.03,,
17-05-2025,Sales,75,Sales - Local,,12081.03,
18-05-2025,Receipt,45,HDFC Bank Current A/c,151935.81,,
18-05-2025,Receipt,45,Customer 04,,151935.81,
18-05-2025,Payment,51,Supplier 02,71783.28,,
18-05-2025,Payment,51,HDFC Bank Current A/c,,71783.28,
18-05-2025,Payment,52,Printing & Stationery,5320.70,,
18-05-2025,Payment,52,Cash,,5320.70,
18-05-2025,Receipt,46,HDFC Bank Current A/c,3239.96,,
18-05-2025,Receipt,46,Customer 05,,3239.96,
19-05-2025,Payment,53,Staff Welfare,1179.66,,
19-05-2025,Payment,53,Cash,,1179.66,
19-05-2025,Receipt,47,HDFC Bank Current A/c,75583.46,,
19-05-2025,Receipt,47,Customer 10,,75583.46,
19-05-2025,Sales,76,Cash,12608.27,,
19-05-2025,Sales,76,Sales - Local,,12608.27,
19-05-2025,Receipt,48,Cash,16097.36,,
19-05-2025,Receipt,48,Customer 02,,16097.36,
20-05-2025,Receipt,49,HDFC Bank Current A/c,81585.62,,
20-05-2025,Receipt,49,Customer 09,,81585.62,
20-05-2025,Receipt,50,HDFC Bank Current A/c,28895.14,,
20-05-2025,Receipt,50,Customer 05,,28895.14,
20-05-2025,Sales,77,Customer 06,168880.22,,
20-05-2025,Sales,77,Sales - Local,,168880.22,
20-05-2025,Purchase,28,Purchases - Local,15115.45,,
20-05-2025,Purchase,28,Supplier 01,,15115.45,
21-05-2025,Receipt,51,HDFC Bank Current A/c,90455.38,,
21-05-2025,Receipt,51,Customer 09,,90455.38,
21-05-2025,Payment,54,Telephone Expenses,7068.14,,
21-05-2025,Payment,54,Cash,,7068.14,
21-05-2025,Payment,55,Supplier 05,3063.29,,
21-05-2025,Payment,55,HDFC Bank Current A/c,,3063.29,
21-05-2025,Sales,78,Cash,23232.01,,
21-05-2025,Sales,78,Sales - Local,,23232.01,
22-05-2025,Sales,79,Customer 03,6304.00,,
22-05-2025,Sales,79,Sales - Local,,6304.00,
22-05-2025,Sales,80,Customer 08,100099.61,,
22-05-2025,Sales,80,Sales - Local,,100099.61,
22-05-2025,Sales,81,Customer 08,95996.86,,
22-05-2025,Sales,81,Sales - Local,,95996.86,
22-05-2025,Receipt,52,HDFC Bank Current A/c,326341.27,,
22-05-2025,Receipt,52,Customer 08,,326341.27,
23-05-2025,Payment,56,Supplier 01,139710.03,,
23-05-2025,Payment,56,HDFC Bank Current A/c,,139710.03,
23-05-2025,Receipt,53,HDFC Bank Current A/c,83236.35,,
23-05-2025,Receipt,53,Customer 09,,83236.35,
23-05-2025,Payment,57,Supplier 05,55052.27,,
23-05-2025,Payment,57,HDFC Bank Current A/c,,55052.27,
23-05-2025,Payment,58,Telephone Expenses,2951.98,,
23-05-2025,Payment,58,Cash,,2951.98,
24-05-2025,Payment,59,Printing & Stationery,1808.30,,
24-05-2025,Payment,59,Cash,,1808.30,
24-05-2025,Payment,60,Supplier 04,69494.67,,
24-05-2025,Payment,60,HDFC Bank Current A/c,,69494.67,
24-05-2025,Payment,61,Supplier 06,6592.44,,
24-05-2025,Payment,61,HDFC Bank Current A/c,,6592.44,
24-05-2025,Sales,82,Customer 06,104405.27,,
24-05-2025,Sales,82,Sales - Local,,104405.27,
25-05-2025,Purchase,29,Purchases - Local,32395.09,,
25-05-2025,Purchase,29,Supplier 02,,32395.09,
25-05-2025,Purchase,30,Purchases - Local,100446.19,,
25-05-2025,Purchase,30,Supplier 06,,100446.19,
25-05-2025,Sales,83,Cash,10412.32,,
25-05-2025,Sales,83,Sales - Local,,10412.32,
26-05-2025,Purchase,31,Purchases - Local,64309.46,,
26-05-2025,Purchase,31,Supplier 03,,64309.46,
26-05-2025,Sales,84,Customer 08,147741.61,,
26-05-2025,Sales,84,Sales - Local,,147741.61,
26-05-2025,Payment,62,Supplier 06,81821.90,,
26-05-2025,Payment,62,HDFC Bank Current A/c,,81821.90,
27-05-2025,Purchase,32,Purchases - Local,32683.99,,
27-05-2025,Purchase,32,Supplier 02,,32683.99,
27-05-2025,Purchase,33,Purchases - Local,19597.02,,
27-05-2025,Purchase,33,Supplier 03,,19597.02,
27-05-2025,Purchase,34,Purchases - Local,77682.26,,
27-05-2025,Purchase,34,Supplier 06,,77682.26,
27-05-2025,Receipt,54,HDFC Bank Current A/c,12317.90,,
27-05-2025,Receipt,54,Customer 01,,12317.90,
28-05-2025,Sales,85,Customer 04,26475.95,,
28-05-2025,Sales,85,Sales - Local,,26475.95,
28-05-2025,Sales,86,Cash,7692.38,,
28-05-2025,Sales,86,Sales - Local,,7692.38,
28-05-2025,Receipt,55,HDFC Bank Current A/c,4455.11,,
28-05-2025,Receipt,55,Interest Received,,4455.11,
28-05-2025,Receipt,56,HDFC Bank Current A/c,21802.06,,
28-05-2025,Receipt,56,Customer 03,,21802.06,
29-05-2025,Receipt,57,HDFC Bank Current A/c,14235.01,,
29-05-2025,Receipt,57,Customer 02,,14235.01,
29-05-2025,Payment,63,Supplier 02,187716.06,,
29-05-2025,Payment,63,HDFC Bank Current A/c,,187716.06,
29-05-2025,Receipt,58,HDFC Bank Current A/c,6509.23,,
29-05-2025,Receipt,58,Customer 07,,6509.23,
29-05-2025,Payment,64,Bank Charges,74.12,,
29-05-2025,Payment,64,HDFC Bank Current A/c,,74.12,
30-05-2025,Sales,87,Cash,6953.99,,
30-05-2025,Sales,87,Sales - Local,,6953.99,
30-05-2025,Sales,88,Customer 05,86676.39,,
30-05-2025,Sales,88,Sales - Local,,86676.39,
30-05-2025,Sales,89,Cash,25634.11,,
30-05-2025,Sales,89,Sales - Local,,25634.11,
30-05-2025,Sales,90,Customer 01,141796.53,,
30-05-2025,Sales,90,Sales - Local,,141796.53,
31-05-2025,Payment,65,Conveyance,3232.52,,
31-05-2025,Payment,65,Cash,,3232.52,
31-05-2025,Purchase,35,Purchases - Local,58402.90,,
31-05-2025,Purchase,35,Supplier 03,,58402.90,
31-05-2025,Payment,66,Supplier 02,117185.37,,
31-05-2025,Payment,66,HDFC Bank Current A/c,,117185.37,
31-05-2025,Purchase,36,Purchases - Local,81038.12,,
31-05-2025,Purchase,36,Supplier 05,,81038.12,
01-06-2025,Receipt,59,HDFC Bank Current A/c,2555.96,,
01-06-2025,Receipt,59,Customer 02,,2555.96,
01-06-2025,Purchase,37,Purchases - Local,16786.41,,
01-06-2025,Purchase,37,Supplier 05,,16786.41,
01-06-2025,Purchase,38,Purchases - Local,100802.78,,
01-06-2025,Purchase,38,Supplier 05,,100802.78,
01-06-2025,Payment,67,Conveyance,5579.98,,
01-06-2025,Payment,67,Cash,,5579.98,
02-06-2025,Receipt,60,HDFC Bank Current A/c,55049.29,,
02-06-2025,Receipt,60,Customer 01,,55049.29,
02-06-2025,Payment,68,Conveyance,736.19,,
02-06-2025,Payment,68,Cash,,736.19,
02-06-2025,Payment,69,Supplier 06,109219.45,,
02-06-2025,Payment,69,HDFC Bank Current A/c,,109219.45,
02-06-2025,Payment,70,Staff Welfare,4312.03,,
02-06-2025,Payment,70,Cash,,4312.03,
03-06-2025,Sales,91,Cash,15640.02,,
03-06-2025,Sales,91,Sales - Local,,15640.02,
03-06-2025,Purchase,39,Purchases - Local,76083.09,,
03-06-2025,Purchase,39,Supplier 02,,76083.09,
03-06-2025,Receipt,61,HDFC Bank Current A/c,218592.80,,
03-06-2025,Receipt,61,Customer 07,,218592.80,
03-06-2025,Sales,92,Customer 09,120729.63,,
03-06-2025,Sales,92,Sales - Local,,120729.63,
04-06-2025,Sales,93,Cash,44232.92,,
04-06-2025,Sales,93,Sales - Local,,44232.92,
04-06-2025,Sales,94,Cash,42398.59,,
04-06-2025,Sales,94,Sales - Local,,42398.59,
04-06-2025,Payment,71,Supplier 06,20666.15,,
04-06-2025,Payment,71,HDFC Bank Current A/c,,20666.15,
04-06-2025,Payment,72,Printing & Stationery,9621.55,,
04-06-2025,Payment,72,Cash,,9621.55,
05-06-2025,Sales,95,Customer 07,16648.89,,
05-06-2025,Sales,95,Sales - Local,,16648.89,
05-06-2025,Payment,73,Conveyance,3592.02,,
05-06-2025,Payment,73,Cash,,3592.02,
05-06-2025,Sales,96,Customer 01,94974.75,,
05-06-2025,Sales,96,Sales - Local,,94974.75,
05-06-2025,Purchase,40,Purchases - Local,87614.54,,
05-06-2025,Purchase,40,Supplier 05,,87614.54,
06-06-2025,Sales,97,Customer 03,94834.36,,
06-06-2025,Sales,97,Sales - Local,,94834.36,
06-06-2025,Receipt,62,Cash,2940.01,,
06-06-2025,Receipt,62,Customer 10,,2940.01,
06-06-2025,Payment,74,Printing & Stationery,3433.86,,
06-06-2025,Payment,74,Cash,,3433.86,
06-06-2025,Sales,98,Customer 07,103180.26,,
06-06-2025,Sales,98,Sales - Local,,103180.26,
07-06-2025,Sales,99,Customer 08,53495.53,,
07-06-2025,Sales,99,Sales - Local,,53495.53,
07-06-2025,Purchase,41,Purchases - Local,10475.16,,
07-06-2025,Purchase,41,Supplier 03,,10475.16,
07-06-2025,Payment,75,Supplier 06,40074.95,,
07-06-2025,Payment,75,HDFC Bank Current A/c,,40074.95,
07-06-2025,Payment,76,Supplier 02,21884.05,,
07-06-2025,Payment,76,HDFC Bank Current A/c,,21884.05,
08-06-2025,Sales,100,Cash,38249.81,,
08-06-2025,Sales,100,Sales - Local,,38249.81,
08-06-2025,Sales,101,Customer 03,195737.89,,
08-06-2025,Sales,101,Sales - Local,,195737.89,
08-06-2025,Payment,77,Conveyance,7660.89,,
08-06-2025,Payment,77,Cash,,7660.89,
08-06-2025,Receipt,63,Cash,15673.42,,
08-06-2025,Receipt,63,Customer 02,,15673.42,
09-06-2025,Receipt,64,HDFC Bank Current A/c,126356.39,,
09-06-2025,Receipt,64,Customer 08,,126356.39,
09-06-2025,Purchase,42,Purchases - Local,69771.36,,
09-06-2025,Purchase,42,Supplier 01,,69771.36,
09-06-2025,Sales,102,Cash,40851.71,,
09-06-2025,Sales,102,Sales - Local,,40851.71,
09-06-2025,Payment,78,Supplier 03,115174.13,,
09-06-2025,Payment,78,HDFC Bank Current A/c,,115174.13,
10-06-2025,Sales,103,Cash,5850.15,,
10-06-2025,Sales,103,Sales - Local,,5850.15,
10-06-2025,Sales,104,Customer 07,123989.82,,
10-06-2025,Sales,104,Sales - Local,,123989.82,
10-06-2025,Receipt,65,Cash,11930.95,,
10-06-2025,Receipt,65,Customer 02,,11930.95,
10-06-2025,Receipt,66,HDFC Bank Current A/c,13592.54,,
10-06-2025,Receipt,66,Customer 07,,13592.54,
11-06-2025,Purchase,43,Purchases - Local,58599.65,,
11-06-2025,Purchase,43,Supplier 05,,58599.65,
11-06-2025,Receipt,67,HDFC Bank Current A/c,152066.03,,
11-06-2025,Receipt,67,Customer 01,,152066.03,
11-06-2025,Sales,105,Customer 01,88576.33,,
11-06-2025,Sales,105,Sales - Local,,88576.33,
11-06-2025,Sales,106,Customer 08,108707.94,,
11-06-2025,Sales,106,Sales - Local,,108707.94,
12-06-2025,Payment,79,Supplier 03,8944.30,,
12-06-2025,Payment,79,HDFC Bank Current A/c,,8944.30,
12-06-2025,Sales,107,Customer 02,118270.42,,
12-06-2025,Sales,107,Sales - Local,,118270.42,
12-06-2025,Payment,80,Supplier 01,91609.02,,
12-06-2025,Payment,80,HDFC Bank Current A/c,,91609.02,
12-06-2025,Purchase,44,Purchases - Local,69166.47,,
12-06-2025,Purchase,44,Supplier 03,,69166.47,
13-06-2025,Payment,81,Conveyance,5985.05,,
13-06-2025,Payment,81,Cash,,5985.05,
13-06-2025,Purchase,45,Purchases - Local,112868.87,,
13-06-2025,Purchase,45,Supplier 06,,112868.87,
13-06-2025,Payment,82,Bank Charges,168.21,,
13-06-2025,Payment,82,HDFC Bank Current A/c,,168.21,
13-06-2025,Receipt,68,HDFC Bank Current A/c,16436.49,,
13-06-2025,Receipt,68,Customer 01,,16436.49,
14-06-2025,Sales,108,Customer 07,115417.64,,
14-06-2025,Sales,108,Sales - Local,,115417.64,
14-06-2025,Purchase,46,Purchases - Local,108748.79,,
14-06-2025,Purchase,46,Supplier 03,,108748.79,
14-06-2025,Receipt,69,HDFC Bank Current A/c,541774.22,,
14-06-2025,Receipt,69,Customer 06,,541774.22,
14-06-2025,Purchase,47,Purchases - Local,19243.89,,
14-06-2025,Purchase,47,Supplier 06,,19243.89,
15-06-2025,Payment,83,Rent,25000.00,,
15-06-2025,Payment,83,HDFC Bank Current A/c,,25000.00,
15-06-2025,Payment,84,Salary,43206.03,,
15-06-2025,Payment,84,HDFC Bank Current A/c,,43206.03,
15-06-2025,Payment,85,Electricity Charges,5750.86,,
15-06-2025,Payment,85,HDFC Bank Current A/c,,5750.86,
15-06-2025,Journal,3,Interest on Unsecured Loans,3000.00,,
15-06-2025,Journal,3,Unsecured Loan - Rajesh Kumar,,2700.00,
15-06-2025,Journal,3,TDS Payable,,300.00,
15-06-2025,Payment,86,TDS Payable,300.00,,
15-06-2025,Payment,86,HDFC Bank Current A/c,,300.00,
15-06-2025,Payment,87,Supplier 03,1449.90,,
15-06-2025,Payment,87,HDFC Bank Current A/c,,1449.90,
15-06-2025,Sales,109,Customer 09,42399.47,,
15-06-2025,Sales,109,Sales - Local,,42399.47,
15-06-2025,Payment,88,Bank Charges,494.89,,
15-06-2025,Payment,88,HDFC Bank Current A/c,,494.89,
15-06-2025,Receipt,70,HDFC Bank Current A/c,7802.45,,
15-06-2025,Receipt,70,Customer 01,,7802.45,
16-06-2025,Sales,110,Customer 04,73814.51,,
16-06-2025,Sales,110,Sales - Local,,73814.51,
16-06-2025,Sales,111,Customer 05,154207.70,,
16-06-2025,Sales,111,Sales - Local,,154207.70,
16-06-2025,Sales,112,Customer 06,67386.46,,
16-06-2025,Sales,112,Sales - Local,,67386.46,
16-06-2025,Sales,113,Cash,44372.69,,
16-06-2025,Sales,113,Sales - Local,,44372.69,
17-06-2025,Purchase,48,Purchases - Local,40261.61,,
17-06-2025,Purchase,48,Supplier 04,,40261.61,
17-06-2025,Payment,89,Bank Charges,121.70,,
17-06-2025,Payment,89,HDFC Bank Current A/c,,121.70,
17-06-2025,Sales,114,Customer 06,99344.44,,
17-06-2025,Sales,114,Sales - Local,,99344.44,
17-06-2025,Sales,115,Customer 09,126514.05,,
17-06-2025,Sales,115,Sales - Local,,126514.05,
18-06-2025,Sales,116,Customer 04,68050.56,,
18-06-2025,Sales,116,Sales - Local,,68050.56,
18-06-2025,Sales,117,Cash,29846.09,,
18-06-2025,Sales,117,Sales - Local,,29846.09,
18-06-2025,Sales,118,Customer 08,95787.22,,
18-06-2025,Sales,118,Sales - Local,,95787.22,
18-06-2025,Payment,90,Bank Charges,436.59,,
18-06-2025,Payment,90,HDFC Bank Current A/c,,436.59,
19-06-2025,Purchase,49,Purchases - Local,53388.16,,
19-06-2025,Purchase,49,Supplier 01,,53388.16,
19-06-2025,Purchase,50,Purchases - Local,38405.94,,
19-06-2025,Purchase,50,Supplier 06,,38405.94,
19-06-2025,Purchase,51,Purchases - Local,23705.45,,
19-06-2025,Purchase,51,Supplier 04,,23705.45,
19-06-2025,Sales,119,Customer 08,185121.29,,
19-06-2025,Sales,119,Sales - Local,,185121.29,
20-06-2025,Purchase,52,Purchases - Local,11810.72,,
20-06-2025,Purchase,52,Supplier 02,,11810.72,
20-06-2025,Sales,120,Cash,48123.11,,
20-06-2025,Sales,120,Sales - Local,,48123.11,
20-06-2025,Sales,121,Cash,530.09,,
20-06-2025,Sales,121,Sales - Local,,530.09,
20-06-2025,Sales,122,Cash,18152.13,,
20-06-2025,Sales,122,Sales - Local,,18152.13,
21-06-2025,Sales,123,Cash,15752.65,,
21-06-2025,Sales,123,Sales - Local,,15752.65,
21-06-2025,Purchase,53,Purchases - Local,50337.52,,
21-06-2025,Purchase,53,Supplier 02,,50337.52,
21-06-2025,Payment,91,Supplier 05,57248.53,,
21-06-2025,Payment,91,HDFC Bank Current A/c,,57248.53,
21-06-2025,Receipt,71,HDFC Bank Current A/c,222449.98,,
21-06-2025,Receipt,71,Customer 03,,222449.98,
22-06-2025,Sales,124,Customer 02,36356.91,,
22-06-2025,Sales,124,Sales - Local,,36356.91,
22-06-2025,Receipt,72,HDFC Bank Current A/c,72331.72,,
22-06-2025,Receipt,72,Customer 06,,72331.72,
22-06-2025,Purchase,54,Purchases - Local,99653.69,,
22-06-2025,Purchase,54,Supplier 04,,99653.69,
22-06-2025,Sales,125,Customer 05,73978.18,,
22-06-2025,Sales,125,Sales - Local,,73978.18,
23-06-2025,Payment,92,Supplier 02,109131.81,,
23-06-2025,Payment,92,HDFC Bank Current A/c,,109131.81,
23-06-2025,Sales,126,Customer 04,48133.58,,
23-06-2025,Sales,126,Sales - Local,,48133.58,
23-06-2025,Payment,93,Conveyance,419.01,,
23-06-2025,Payment,93,Cash,,419.01,
23-06-2025,Receipt,73,HDFC Bank Current A/c,8950.38,,
23-06-2025,Receipt,73,Customer 10,,8950.38,
24-06-2025,Sales,127,Cash,6672.56,,
24-06-2025,Sales,127,Sales - Local,,6672.56,
24-06-2025,Receipt,74,HDFC Bank Current A/c,2253.32,,
24-06-2025,Receipt,74,Customer 10,,2253.32,
24-06-2025,Payment,94,Telephone Expenses,6562.95,,
24-06-2025,Payment,94,Cash,,6562.95,
24-06-2025,Receipt,75,HDFC Bank Current A/c,31203.46,,
24-06-2025,Receipt,75,Customer 01,,31203.46,
25-06-2025,Sales,128,Cash,44490.56,,
25-06-2025,Sales,128,Sales - Local,,44490.56,
25-06-2025,Purchase,55,Purchases - Local,74537.86,,
25-06-2025,Purchase,55,Supplier 02,,74537.86,
25-06-2025,Payment,95,Telephone Expenses,589.76,,
25-06-2025,Payment,95,Cash,,589.76,
25-06-2025,Purchase,56,Purchases - Local,11663.84,,
25-06-2025,Purchase,56,Supplier 05,,11663.84,
26-06-2025,Purchase,57,Purchases - Local,83561.27,,
26-06-2025,Purchase,57,Supplier 04,,83561.27,
26-06-2025,Payment,96,Telephone Expenses,8545.68,,
26-06-2025,Payment,96,Cash,,8545.68,
26-06-2025,Receipt,76,HDFC Bank Current A/c,67475.72,,
26-06-2025,Receipt,76,Customer 05,,67475.72,
26-06-2025,Receipt,77,HDFC Bank Current A/c,476590.07,,
26-06-2025,Receipt,77,Customer 08,,476590.07,
27-06-2025,Receipt,78,Cash,18557.41,,
27-06-2025,Receipt,78,Customer 04,,18557.41,
27-06-2025,Purchase,58,Purchases - Local,94022.84,,
27-06-2025,Purchase,58,Supplier 04,,94022.84,
27-06-2025,Payment,97,Supplier 03,181333.54,,
27-06-2025,Payment,97,HDFC Bank Current A/c,,181333.54,
27-06-2025,Receipt,79,Cash,18372.13,,
27-06-2025,Receipt,79,Customer 06,,18372.13,
28-06-2025,Payment,98,Telephone Expenses,2273.40,,
28-06-2025,Payment,98,Cash,,2273.40,
28-06-2025,Sales,129,Cash,17842.28,,
28-06-2025,Sales,129,Sales - Local,,17842.28,
28-06-2025,Receipt,80,HDFC Bank Current A/c,106935.93,,
28-06-2025,Receipt,80,Customer 04,,106935.93,
28-06-2025,Purchase,59,Purchases - Local,66050.61,,
28-06-2025,Purchase,59,Supplier 05,,66050.61,
29-06-2025,Receipt,81,HDFC Bank Current A/c,3654.50,,
29-06-2025,Receipt,81,Customer 10,,3654.50,
29-06-2025,Receipt,82,HDFC Bank Current A/c,5675.69,,
29-06-2025,Receipt,82,Interest Received,,5675.69,
29-06-2025,Purchase,60,Purchases - Local,24823.88,,
29-06-2025,Purchase,60,Supplier 02,,24823.88,
29-06-2025,Purchase,61,Purchases - Local,49017.30,,
29-06-2025,Purchase,61,Supplier 03,,49017.30,
30-06-2025,Receipt,83,HDFC Bank Current A/c,82343.59,,
30-06-2025,Receipt,83,Customer 07,,82343.59,
30-06-2025,Receipt,84,HDFC Bank Current A/c,32995.02,,
30-06-2025,Receipt,84,Customer 08,,32995.02,
30-06-2025,Purchase,62,Purchases - Local,41809.59,,
30-06-2025,Purchase,62,Supplier 03,,41809.59,
30-06-2025,Sales,130,Cash,2431.17,,
30-06-2025,Sales,130,Sales - Local,,2431.17,
01-07-2025,Payment,99,Supplier 02,94388.96,,
01-07-2025,Payment,99,HDFC Bank Current A/c,,94388.96,
01-07-2025,Sales,131,Customer 09,99554.26,,
01-07-2025,Sales,131,Sales - Local,,99554.26,
01-07-2025,Purchase,63,Purchases - Local,97353.47,,
01-07-2025,Purchase,63,Supplier 01,,97353.47,
01-07-2025,Sales,132,Customer 10,46858.31,,
01-07-2025,Sales,132,Sales - Local,,46858.31,
02-07-2025,Payment,100,Staff Welfare,8818.84,,
02-07-2025,Payment,100,Cash,,8818.84,
02-07-2025,Receipt,85,Cash,18620.37,,
02-07-2025,Receipt,85,Customer 01,,18620.37,
02-07-2025,Receipt,86,Cash,5928.94,,
02-07-2025,Receipt,86,Customer 02,,5928.94,
02-07-2025,Sales,133,Customer 03,60048.22,,
02-07-2025,Sales,133,Sales - Local,,60048.22,
03-07-2025,Payment,101,Supplier 04,371702.96,,
03-07-2025,Payment,101,HDFC Bank Current A/c,,371702.96,
03-07-2025,Receipt,87,Cash,5550.34,,
03-07-2025,Receipt,87,Customer 03,,5550.34,
03-07-2025,Sales,134,Customer 10,30490.44,,
03-07-2025,Sales,134,Sales - Local,,30490.44,
03-07-2025,Receipt,88,HDFC Bank Current A/c,259568.36,,
03-07-2025,Receipt,88,Customer 09,,259568.36,
04-07-2025,Receipt,89,HDFC Bank Current A/c,2190.53,,
04-07-2025,Receipt,89,Interest Received,,2190.53,
04-07-2025,Receipt,90,HDFC Bank Current A/c,159880.93,,
04-07-2025,Receipt,90,Customer 03,,159880.93,
04-07-2025,Purchase,64,Purchases - Local,71621.03,,
04-07-2025,Purchase,64,Supplier 04,,71621.03,
04-07-2025,Purchase,65,Purchases - Local,118616.96,,
04-07-2025,Purchase,65,Supplier 05,,118616.96,
05-07-2025,Purchase,66,Purchases - Local,55615.11,,
05-07-2025,Purchase,66,Supplier 04,,55615.11,
05-07-2025,Receipt,91,Cash,18299.20,,
05-07-2025,Receipt,91,Customer 08,,18299.20,
05-07-2025,Purchase,67,Purchases - Local,31312.69,,
05-07-2025,Purchase,67,Supplier 02,,31312.69,
05-07-2025,Purchase,68,Purchases - Local,55261.10,,
05-07-2025,Purchase,68,Supplier 03,,55261.10,
06-07-2025,Receipt,92,Cash,10909.13,,
06-07-2025,Receipt,92,Customer 03,,10909.13,
06-07-2025,Receipt,93,HDFC Bank Current A/c,100220.13,,
06-07-2025,Receipt,93,Customer 06,,100220.13,
06-07-2025,Payment,102,Supplier 05,562049.53,,
06-07-2025,Payment,102,HDFC Bank Current A/c,,562049.53,
06-07-2025,Payment,103,Telephone Expenses,2301.96,,
06-07-2025,Payment,103,Cash,,2301.96,
07-07-2025,Receipt,94,HDFC Bank Current A/c,55690.16,,
07-07-2025,Receipt,94,Customer 08,,55690.16,
07-07-2025,Sales,135,Customer 02,99333.23,,
07-07-2025,Sales,135,Sales - Local,,99333.23,
07-07-2025,Payment,104,Supplier 04,168713.62,,
07-07-2025,Payment,104,HDFC Bank Current A/c,,168713.62,
07-07-2025,Receipt,95,HDFC Bank Current A/c,126307.45,,
07-07-2025,Receipt,95,Customer 09,,126307.45,
08-07-2025,Sales,136,Customer 01,65798.42,,
08-07-2025,Sales,136,Sales - Local,,65798.42,
08-07-2025,Payment,105,Supplier 06,192393.20,,
08-07-2025,Payment,105,HDFC Bank Current A/c,,192393.20,
08-07-2025,Receipt,96,HDFC Bank Current A/c,229320.82,,
08-07-2025,Receipt,96,Customer 02,,229320.82,
08-07-2025,Payment,106,Supplier 02,2178.64,,
08-07-2025,Payment,106,HDFC Bank Current A/c,,2178.64,
09-07-2025,Sales,137,Customer 07,140329.56,,
09-07-2025,Sales,137,Sales - Local,,140329.56,
09-07-2025,Receipt,97,Cash,18069.80,,
09-07-2025,Receipt,97,Customer 02,,18069.80,
09-07-2025,Receipt,98,Cash,8322.97,,
09-07-2025,Receipt,98,Customer 09,,8322.97,
10-07-2025,Payment,107,Supplier 05,1793.63,,
10-07-2025,Payment,107,HDFC Bank Current A/c,,1793.63,
10-07-2025,Sales,138,Customer 04,44283.35,,
10-07-2025,Sales,138,Sales - Local,,44283.35,
10-07-2025,Sales,139,Cash,10362.53,,
10-07-2025,Sales,139,Sales - Local,,10362.53,
11-07-2025,Sales,140,Cash,31141.99,,
11-07-2025,Sales,140,Sales - Local,,31141.99,
11-07-2025,Sales,141,Customer 09,187705.25,,
11-07-2025,Sales,141,Sales - Local,,187705.25,
11-07-2025,Sales,142,Customer 08,89191.18,,
11-07-2025,Sales,142,Sales - Local,,89191.18,
11-07-2025,Sales,143,Cash,43702.14,,
11-07-2025,Sales,143,Sales - Local,,43702.14,
12-07-2025,Sales,144,Customer 09,7081.57,,
12-07-2025,Sales,144,Sales - Local,,7081.57,
12-07-2025,Purchase,69,Purchases - Local,46677.65,,
12-07-2025,Purchase,69,Supplier 06,,46677.65,
12-07-2025,Sales,145,Customer 04,117353.93,,
12-07-2025,Sales,145,Sales - Local,,117353.93,
12-07-2025,Receipt,99,HDFC Bank Current A/c,229431.97,,
12-07-2025,Receipt,99,Customer 07,,229431.97,
13-07-2025,Sales,146,Cash,48878.26,,
13-07-2025,Sales,146,Sales - Local,,48878.26,
13-07-2025,Receipt,100,HDFC Bank Current A/c,40739.09,,
13-07-2025,Receipt,100,Customer 01,,40739.09,
13-07-2025,Sales,147,Customer 03,100835.58,,
13-07-2025,Sales,147,Sales - Local,,100835.58,
13-07-2025,Receipt,101,Cash,2050.68,,
13-07-2025,Receipt,101,Customer 02,,2050.68,
14-07-2025,Sales,148,Customer 04,131135.01,,
14-07-2025,Sales,148,Sales - Local,,131135.01,
14-07-2025,Receipt,102,HDFC Bank Current A/c,250784.72,,
14-07-2025,Receipt,102,Customer 07,,250784.72,
14-07-2025,Purchase,70,Purchases - Local,19372.11,,
14-07-2025,Purchase,70,Supplier 05,,19372.11,
14-07-2025,Receipt,103,HDFC Bank Current A/c,71342.39,,
14-07-2025,Receipt,103,Customer 06,,71342.39,
15-07-2025,Payment,108,Rent,25000.00,,
15-07-2025,Payment,108,HDFC Bank Current A/c,,25000.00,
15-07-2025,Payment,109,Salary,45401.88,,
15-07-2025,Payment,109,HDFC Bank Current A/c,,45401.88,
15-07-2025,Payment,110,Electricity Charges,5317.06,,
15-07-2025,Payment,110,HDFC Bank Current A/c,,5317.06,
15-07-2025,Journal,4,Interest on Unsecured Loans,3000.00,,
15-07-2025,Journal,4,Unsecured Loan - Rajesh Kumar,,2700.00,
15-07-2025,Journal,4,TDS Payable,,300.00,
15-07-2025,Payment,111,TDS Payable,300.00,,
15-07-2025,Payment,111,HDFC Bank Current A/c,,300.00,
15-07-2025,Payment,112,Bank Charges,338.70,,
15-07-2025,Payment,112,HDFC Bank Current A/c,,338.70,
15-07-2025,Purchase,71,Purchases - Local,17648.82,,
15-07-2025,Purchase,71,Supplier 02,,17648.82,
15-07-2025,Purchase,72,Purchases - Local,26654.80,,
15-07-2025,Purchase,72,Supplier 01,,26654.80,
15-07-2025,Sales,149,Customer 08,94405.92,,
15-07-2025,Sales,149,Sales - Local,,94405.92,
16-07-2025,Sales,150,Cash,10465.86,,
16-07-2025,Sales,150,Sales - Local,,10465.86,
16-07-2025,Purchase,73,Purchases - Local,83416.19,,
16-07-2025,Purchase,73,Supplier 04,,83416.19,
16-07-2025,Payment,113,Telephone Expenses,2199.28,,
16-07-2025,Payment,113,Cash,,2199.28,
16-07-2025,Sales,151,Customer 04,126198.42,,
16-07-2025,Sales,151,Sales - Local,,126198.42,
17-07-2025,Receipt,104,HDFC Bank Current A/c,73689.22,,
17-07-2025,Receipt,104,Customer 04,,73689.22,
17-07-2025,Payment,114,Supplier 03,132022.53,,
17-07-2025,Payment,114,HDFC Bank Current A/c,,132022.53,
17-07-2025,Receipt,105,Cash,16574.33,,
17-07-2025,Receipt,105,Customer 10,,16574.33,
17-07-2025,Receipt,106,HDFC Bank Current A/c,93203.32,,
17-07-2025,Receipt,106,Customer 05,,93203.32,
18-07-2025,Receipt,107,HDFC Bank Current A/c,28328.18,,
18-07-2025,Receipt,107,Customer 03,,28328.18,
18-07-2025,Sales,152,Cash,31011.45,,
18-07-2025,Sales,152,Sales - Local,,31011.45,
18-07-2025,Payment,115,Supplier 04,65427.08,,
18-07-2025,Payment,115,HDFC Bank Current A/c,,65427.08,
18-07-2025,Payment,116,Supplier 03,30728.42,,
18-07-2025,Payment,116,HDFC Bank Current A/c,,30728.42,
19-07-2025,Purchase,74,Purchases - Local,118149.88,,
19-07-2025,Purchase,74,Supplier 03,,118149.88,
19-07-2025,Receipt,108,Cash,7666.42,,
19-07-2025,Receipt,108,Customer 05,,7666.42,
19-07-2025,Sales,153,Cash,15453.08,,
19-07-2025,Sales,153,Sales - Local,,15453.08,
19-07-2025,Purchase,75,Purchases - Local,102962.83,,
19-07-2025,Purchase,75,Supplier 03,,102962.83,
20-07-2025,Payment,117,Office Expenses,5738.57,,
20-07-2025,Payment,117,Cash,,5738.57,
20-07-2025,Sales,154,Cash,30740.02,,
20-07-2025,Sales,154,Sales - Local,,30740.02,
20-07-2025,Receipt,109,HDFC Bank Current A/c,90567.98,,
20-07-2025,Receipt,109,Customer 05,,90567.98,
20-07-2025,Sales,155,Customer 10,96777.52,,
20-07-2025,Sales,155,Sales - Local,,96777.52,
21-07-2025,Receipt,110,HDFC Bank Current A/c,61144.37,,
21-07-2025,Receipt,110,Customer 08,,61144.37,
21-07-2025,Payment,118,Supplier 05,11262.70,,
21-07-2025,Payment,118,HDFC Bank Current A/c,,11262.70,
21-07-2025,Purchase,76,Purchases - Local,58801.18,,
21-07-2025,Purchase,76,Supplier 02,,58801.18,
21-07-2025,Payment,119,Supplier 03,14408.79,,
21-07-2025,Payment,119,HDFC Bank Current A/c,,14408.79,
22-07-2025,Payment,120,Printing & Stationery,7326.66,,
22-07-2025,Payment,120,Cash,,7326.66,
22-07-2025,Payment,121,Bank Charges,295.33,,
22-07-2025,Payment,121,HDFC Bank Current A/c,,295.33,
22-07-2025,Payment,122,Office Expenses,2632.38,,
22-07-2025,Payment,122,Cash,,2632.38,
22-07-2025,Sales,156,Customer 04,30952.95,,
22-07-2025,Sales,156,Sales - Local,,30952.95,
23-07-2025,Payment,123,Staff Welfare,3596.29,,
23-07-2025,Payment,123,Cash,,3596.29,
23-07-2025,Payment,124,Supplier 01,180699.84,,
23-07-2025,Payment,124,HDFC Bank Current A/c,,180699.84,
23-07-2025,Purchase,77,Purchases - Local,83129.06,,
23-07-2025,Purchase,77,Supplier 02,,83129.06,
23-07-2025,Sales,157,Customer 05,130769.99,,
23-07-2025,Sales,157,Sales - Local,,130769.99,
24-07-2025,Payment,125,Supplier 06,39934.49,,
24-07-2025,Payment,125,HDFC Bank Current A/c,,39934.49,
24-07-2025,Sales,158,Cash,28925.62,,
24-07-2025,Sales,158,Sales - Local,,28925.62,
24-07-2025,Sales,159,Customer 07,107166.28,,
24-07-2025,Sales,159,Sales - Local,,107166.28,
24-07-2025,Receipt,111,Cash,13465.53,,
24-07-2025,Receipt,111,Customer 01,,13465.53,
25-07-2025,Purchase,78,Purchases - Local,32735.99,,
25-07-2025,Purchase,78,Supplier 05,,32735.99,
25-07-2025,Purchase,79,Purchases - Local,54773.17,,
25-07-2025,Purchase,79,Supplier 05,,54773.17,
25-07-2025,Sales,160,Customer 06,85906.83,,
25-07-2025,Sales,160,Sales - Local,,85906.83,
25-07-2025,Sales,161,Cash,8623.31,,
25-07-2025,Sales,161,Sales - Local,,8623.31,
26-07-2025,Payment,126,Staff Welfare,3044.29,,
26-07-2025,Payment,126,Cash,,3044.29,
26-07-2025,Sales,162,Customer 07,54006.29,,
26-07-2025,Sales,162,Sales - Local,,54006.29,
26-07-2025,Sales,163,Customer 10,69176.26,,
26-07-2025,Sales,163,Sales - Local,,69176.26,
26-07-2025,Sales,164,Customer 08,31623.31,,
26-07-2025,Sales,164,Sales - Local,,31623.31,
27-07-2025,Purchase,80,Purchases - Local,95162.27,,
27-07-2025,Purchase,80,Supplier 03,,95162.27,
27-07-2025,Purchase,81,Purchases - Local,102867.85,,
27-07-2025,Purchase,81,Supplier 03,,102867.85,
27-07-2025,Receipt,112,HDFC Bank Current A/c,148417.98,,
27-07-2025,Receipt,112,Customer 08,,148417.98,
27-07-2025,Payment,127,Conveyance,6972.33,,
27-07-2025,Payment,127,Cash,,6972.33,
28-07-2025,Sales,165,Customer 03,5215.16,,
28-07-2025,Sales,165,Sales - Local,,5215.16,
28-07-2025,Payment,128,Conveyance,8100.44,,
28-07-2025,Payment,128,Cash,,8100.44,
28-07-2025,Receipt,113,HDFC Bank Current A/c,157291.02,,
28-07-2025,Receipt,113,Customer 10,,157291.02,
28-07-2025,Sales,166,Customer 10,138677.98,,
28-07-2025,Sales,166,Sales - Local,,138677.98,
29-07-2025,Receipt,114,Cash,16101.66,,
29-07-2025,Receipt,114,Customer 05,,16101.66,
29-07-2025,Payment,129,Office Expenses,2853.88,,
29-07-2025,Payment,129,Cash,,2853.88,
29-07-2025,Sales,167,Customer 04,125872.84,,
29-07-2025,Sales,167,Sales - Local,,125872.84,
29-07-2025,Purchase,82,Purchases - Local,83134.97,,
29-07-2025,Purchase,82,Supplier 03,,83134.97,
30-07-2025,Purchase,83,Purchases - Local,23050.49,,
30-07-2025,Purchase,83,Supplier 06,,23050.49,
30-07-2025,Payment,130,Staff Welfare,1354.94,,
30-07-2025,Payment,130,Cash,,1354.94,
30-07-2025,Payment,131,Telephone Expenses,6976.11,,
30-07-2025,Payment,131,Cash,,6976.11,
30-07-2025,Payment,132,Supplier 02,221108.39,,
30-07-2025,Payment,132,HDFC Bank Current A/c,,221108.39,
31-07-2025,Receipt,115,HDFC Bank Current A/c,4807.94,,
31-07-2025,Receipt,115,Customer 02,,4807.94,
31-07-2025,Sales,168,Customer 01,192110.25,,
31-07-2025,Sales,168,Sales - Local,,192110.25,
31-07-2025,Purchase,84,Purchases - Local,107142.57,,
31-07-2025,Purchase,84,Supplier 03,,107142.57,
31-07-2025,Sales,169,Customer 07,168743.68,,
31-07-2025,Sales,169,Sales - Local,,168743.68,
01-08-2025,Receipt,116,Cash,15224.57,,
01-08-2025,Receipt,116,Customer 05,,15224.57,
01-08-2025,Sales,170,Customer 06,139329.97,,
01-08-2025,Sales,170,Sales - Local,,139329.97,
01-08-2025,Receipt,117,HDFC Bank Current A/c,57899.88,,
01-08-2025,Receipt,117,Customer 06,,57899.88,
01-08-2025,Purchase,85,Purchases - Local,78989.07,,
01-08-2025,Purchase,85,Supplier 03,,78989.07,
02-08-2025,Payment,133,Supplier 05,45497.25,,
02-08-2025,Payment,133,HDFC Bank Current A/c,,45497.25,
02-08-2025,Sales,171,Customer 09,45397.16,,
02-08-2025,Sales,171,Sales - Local,,45397.16,
02-08-2025,Receipt,118,Cash,18204.53,,
02-08-2025,Receipt,118,Customer 05,,18204.53,
02-08-2025,Receipt,119,HDFC Bank Current A/c,91458.47,,
02-08-2025,Receipt,119,Customer 10,,91458.47,
03-08-2025,Sales,172,Customer 08,111238.45,,
03-08-2025,Sales,172,Sales - Local,,111238.45,
03-08-2025,Payment,134,Office Expenses,8007.56,,
03-08-2025,Payment,134,Cash,,8007.56,
03-08-2025,Purchase,86,Purchases - Local,119547.81,,
03-08-2025,Purchase,86,Supplier 06,,119547.81,
03-08-2025,Receipt,120,HDFC Bank Current A/c,218075.93,,
03-08-2025,Receipt,120,Customer 07,,218075.93,
04-08-2025,Receipt,121,HDFC Bank Current A/c,1242.23,,
04-08-2025,Receipt,121,Customer 02,,1242.23,
04-08-2025,Payment,135,Supplier 03,327024.97,,
04-08-2025,Payment,135,HDFC Bank Current A/c,,327024.97,
04-08-2025,Sales,173,Customer 05,174298.06,,
04-08-2025,Sales,173,Sales - Local,,174298.06,
04-08-2025,Purchase,87,Purchases - Local,92898.54,,
04-08-2025,Purchase,87,Supplier 05,,92898.54,
05-08-2025,Purchase,88,Purchases - Local,80310.16,,
05-08-2025,Purchase,88,Supplier 05,,80310.16,
05-08-2025,Payment,136,Telephone Expenses,3105.07,,
05-08-2025,Payment,136,Cash,,3105.07,
05-08-2025,Receipt,122,Cash,16397.15,,
05-08-2025,Receipt,122,Customer 01,,16397.15,
05-08-2025,Receipt,123,HDFC Bank Current A/c,782028.28,,
05-08-2025,Receipt,123,Customer 04,,782028.28,
06-08-2025,Payment,137,Bank Charges,408.60,,
06-08-2025,Payment,137,HDFC Bank Current A/c,,408.60,
06-08-2025,Payment,138,Printing & Stationery,9439.30,,
06-08-2025,Payment,138,Cash,,9439.30,
06-08-2025,Sales,174,Customer 03,61064.52,,
06-08-2025,Sales,174,Sales - Local,,61064.52,
06-08-2025,Purchase,89,Purchases - Local,23141.76,,
06-08-2025,Purchase,89,Supplier 03,,23141.76,
07-08-2025,Receipt,124,HDFC Bank Current A/c,77685.31,,
07-08-2025,Receipt,124,Customer 10,,77685.31,
07-08-2025,Sales,175,Cash,10097.79,,
07-08-2025,Sales,175,Sales - Local,,10097.79,
07-08-2025,Sales,176,Customer 04,126751.78,,
07-08-2025,Sales,176,Sales - Local,,126751.78,
07-08-2025,Purchase,90,Purchases - Local,67353.37,,
07-08-2025,Purchase,90,Supplier 05,,67353.37,
08-08-2025,Receipt,125,HDFC Bank Current A/c,235492.88,,
08-08-2025,Receipt,125,Customer 05,,235492.88,
08-08-2025,Receipt,126,Cash,16944.51,,
08-08-2025,Receipt,126,Customer 07,,16944.51,
08-08-2025,Purchase,91,Purchases - Local,47975.93,,
08-08-2025,Purchase,91,Supplier 01,,47975.93,
08-08-2025,Payment,139,Conveyance,8805.82,,
08-08-2025,Payment,139,Cash,,8805.82,
09-08-2025,Receipt,127,HDFC Bank Current A/c,159372.22,,
09-08-2025,Receipt,127,Customer 04,,159372.22,
09-08-2025,Receipt,128,HDFC Bank Current A/c,8073.12,,
09-08-2025,Receipt,128,Customer 10,,8073.12,
09-08-2025,Receipt,129,Cash,15949.39,,
09-08-2025,Receipt,129,Customer 10,,15949.39,
09-08-2025,Payment,140,Bank Charges,477.03,,
09-08-2025,Payment,140,HDFC Bank Current A/c,,477.03,
10-08-2025,Payment,141,Supplier 06,134111.22,,
10-08-2025,Payment,141,HDFC Bank Current A/c,,134111.22,
10-08-2025,Payment,142,Supplier 04,29878.51,,
10-08-2025,Payment,142,HDFC Bank Current A/c,,29878.51,
10-08-2025,Sales,177,Customer 10,63875.16,,
10-08-2025,Sales,177,Sales - Local,,63875.16,
10-08-2025,Purchase,92,Purchases - Local,80829.37,,
10-08-2025,Purchase,92,Supplier 02,,80829.37,
11-08-2025,Payment,143,Supplier 03,120307.42,,
11-08-2025,Payment,143,HDFC Bank Current A/c,,120307.42,
11-08-2025,Sales,178,Customer 03,5630.47,,
11-08-2025,Sales,178,Sales - Local,,5630.47,
11-08-2025,Purchase,93,Purchases - Local,17708.76,,
11-08-2025,Purchase,93,Supplier 06,,17708.76,
11-08-2025,Receipt,130,Cash,4996.53,,
11-08-2025,Receipt,130,Customer 05,,4996.53,
12-08-2025,Sales,179,Customer 02,90320.47,,
12-08-2025,Sales,179,Sales - Local,,90320.47,
12-08-2025,Sales,180,Customer 04,171787.65,,
12-08-2025,Sales,180,Sales - Local,,171787.65,
12-08-2025,Sales,181,Customer 08,199374.68,,
12-08-2025,Sales,181,Sales - Local,,199374.68,
12-08-2025,Payment,144,Bank Charges,337.81,,
12-08-2025,Payment,144,HDFC Bank Current A/c,,337.81,
13-08-2025,Payment,145,Printing & Stationery,5533.00,,
13-08-2025,Payment,145,Cash,,5533.00,
13-08-2025,Payment,146,Bank Charges,442.35,,
13-08-2025,Payment,146,HDFC Bank Current A/c,,442.35,
13-08-2025,Receipt,131,Cash,13617.13,,
13-08-2025,Receipt,131,Customer 07,,13617.13,
13-08-2025,Payment,147,Supplier 01,14294.48,,
13-08-2025,Payment,147,HDFC Bank Current A/c,,14294.48,
14-08-2025,Payment,148,Rent,25000.00,,
14-08-2025,Payment,148,HDFC Bank Current A/c,,25000.00,
14-08-2025,Payment,149,Salary,48338.09,,
14-08-2025,Payment,149,HDFC Bank Current A/c,,48338.09,
14-08-2025,Payment,150,Electricity Charges,5883.08,,
14-08-2025,Payment,150,HDFC Bank Current A/c,,5883.08,
14-08-2025,Journal,5,Interest on Unsecured Loans,3000.00,,
14-08-2025,Journal,5,Unsecured Loan - Rajesh Kumar,,2700.00,
14-08-2025,Journal,5,TDS Payable,,300.00,
14-08-2025,Payment,151,TDS Payable,300.00,,
14-08-2025,Payment,151,HDFC Bank Current A/c,,300.00,
14-08-2025,Payment,152,Printing & Stationery,5413.59,,
14-08-2025,Payment,152,Cash,,5413.59,
14-08-2025,Sales,182,Customer 08,42543.12,,
14-08-2025,Sales,182,Sales - Local,,42543.12,
14-08-2025,Payment,153,Supplier 03,104784.10,,
14-08-2025,Payment,153,HDFC Bank Current A/c,,104784.10,
14-08-2025,Sales,183,Customer 09,191944.76,,
14-08-2025,Sales,183,Sales - Local,,191944.76,
15-08-2025,Sales,184,Cash,27051.35,,
15-08-2025,Sales,184,Sales - Local,,27051.35,
15-08-2025,Sales,185,Customer 07,30674.76,,
15-08-2025,Sales,185,Sales - Local,,30674.76,
15-08-2025,Payment,154,Staff Welfare,5231.03,,
15-08-2025,Payment,154,Cash,,5231.03,
15-08-2025,Purchase,94,Purchases - Local,61621.81,,
15-08-2025,Purchase,94,Supplier 04,,61621.81,
16-08-2025,Receipt,132,HDFC Bank Current A/c,4532.35,,
16-08-2025,Receipt,132,Customer 02,,4532.35,
16-08-2025,Receipt,133,Cash,1197.62,,
16-08-2025,Receipt,133,Customer 02,,1197.62,
16-08-2025,Receipt,134,HDFC Bank Current A/c,178025.36,,
16-08-2025,Receipt,134,Customer 09,,178025.36,
16-08-2025,Sales,186,Customer 06,160420.06,,
16-08-2025,Sales,186,Sales - Local,,160420.06,
17-08-2025,Receipt,135,HDFC Bank Current A/c,173005.68,,
17-08-2025,Receipt,135,Customer 01,,173005.68,
17-08-2025,Purchase,95,Purchases - Local,56330.19,,
17-08-2025,Purchase,95,Supplier 03,,56330.19,
17-08-2025,Receipt,136,HDFC Bank Current A/c,125234.66,,
17-08-2025,Receipt,136,Customer 09,,125234.66,
17-08-2025,Purchase,96,Purchases - Local,14097.42,,
17-08-2025,Purchase,96,Supplier 03,,14097.42,
18-08-2025,Purchase,97,Purchases - Local,83887.10,,
18-08-2025,Purchase,97,Supplier 03,,83887.10,
18-08-2025,Receipt,137,Cash,16117.51,,
18-08-2025,Receipt,137,Customer 07,,16117.51,
18-08-2025,Sales,187,Customer 05,77374.34,,
18-08-2025,Sales,187,Sales - Local,,77374.34,
18-08-2025,Receipt,138,HDFC Bank Current A/c,26284.09,,
18-08-2025,Receipt,138,Customer 05,,26284.09,
19-08-2025,Sales,188,Cash,4823.54,,
19-08-2025,Sales,188,Sales - Local,,4823.54,
19-08-2025,Sales,189,Cash,27080.48,,
19-08-2025,Sales,189,Sales - Local,,27080.48,
19-08-2025,Payment,155,Conveyance,1458.53,,
19-08-2025,Payment,155,Cash,,1458.53,
19-08-2025,Receipt,139,HDFC Bank Current A/c,56154.81,,
19-08-2025,Receipt,139,Customer 06,,56154.81,
20-08-2025,Sales,190,Customer 04,85461.43,,
20-08-2025,Sales,190,Sales - Local,,85461.43,
20-08-2025,Sales,191,Customer 06,44872.13,,
20-08-2025,Sales,191,Sales - Local,,44872.13,
20-08-2025,Payment,156,Supplier 06,15661.00,,
20-08-2025,Payment,156,HDFC Bank Current A/c,,15661.00,
20-08-2025,Purchase,98,Purchases - Local,109536.15,,
20-08-2025,Purchase,98,Supplier 03,,109536.15,
21-08-2025,Receipt,140,HDFC Bank Current A/c,114252.67,,
21-08-2025,Receipt,140,Customer 04,,114252.67,
21-08-2025,Sales,192,Cash,728.42,,
21-08-2025,Sales,192,Sales - Local,,728.42,
21-08-2025,Sales,193,Customer 01,41387.01,,
21-08-2025,Sales,193,Sales - Local,,41387.01,
21-08-2025,Payment,157,Office Expenses,7834.03,,
21-08-2025,Payment,157,Cash,,7834.03,
22-08-2025,Receipt,141,Cash,12071.44,,
22-08-2025,Receipt,141,Customer 08,,12071.44,
22-08-2025,Sales,194,Customer 04,43686.46,,
22-08-2025,Sales,194,Sales - Local,,43686.46,
22-08-2025,Payment,158,Printing & Stationery,3424.34,,
22-08-2025,Payment,158,Cash,,3424.34,
22-08-2025,Purchase,99,Purchases - Local,7669.01,,
22-08-2025,Purchase,99,Supplier 01,,7669.01,
23-08-2025,Purchase,100,Purchases - Local,108059.00,,
23-08-2025,Purchase,100,Supplier 02,,108059.00,
23-08-2025,Payment,159,Supplier 06,8734.00,,
23-08-2025,Payment,159,HDFC Bank Current A/c,,8734.00,
23-08-2025,Purchase,101,Purchases - Local,78323.03,,
23-08-2025,Purchase,101,Supplier 01,,78323.03,
23-08-2025,Payment,160,Telephone Expenses,2328.30,,
23-08-2025,Payment,160,Cash,,2328.30,
24-08-2025,Sales,195,Customer 09,58829.92,,
24-08-2025,Sales,195,Sales - Local,,58829.92,
24-08-2025,Receipt,142,HDFC Bank Current A/c,174530.71,,
24-08-2025,Receipt,142,Customer 08,,174530.71,
24-08-2025,Payment,161,Staff Welfare,9230.04,,
24-08-2025,Payment,161,Cash,,9230.04,
24-08-2025,Sales,196,Customer 08,98788.85,,
24-08-2025,Sales,196,Sales - Local,,98788.85,
25-08-2025,Receipt,143,HDFC Bank Current A/c,26299.42,,
25-08-2025,Receipt,143,Customer 05,,26299.42,
25-08-2025,Payment,162,Telephone Expenses,3421.15,,
25-08-2025,Payment,162,Cash,,3421.15,
25-08-2025,Sales,197,Cash,3024.93,,
25-08-2025,Sales,197,Sales - Local,,3024.93,
25-08-2025,Payment,163,Telephone Expenses,9396.65,,
25-08-2025,Payment,163,Cash,,9396.65,
26-08-2025,Sales,198,Cash,34307.47,,
26-08-2025,Sales,198,Sales - Local,,34307.47,
26-08-2025,Receipt,144,HDFC Bank Current A/c,245434.08,,
26-08-2025,Receipt,144,Customer 04,,245434.08,
26-08-2025,Receipt,145,HDFC Bank Current A/c,66884.82,,
26-08-2025,Receipt,145,Customer 03,,66884.82,
26-08-2025,Purchase,102,Purchases - Local,57245.13,,
26-08-2025,Purchase,102,Supplier 06,,57245.13,
27-08-2025,Sales,199,Customer 06,175108.99,,
27-08-2025,Sales,199,Sales - Local,,175108.99,
27-08-2025,Sales,200,Customer 08,144388.50,,
27-08-2025,Sales,200,Sales - Local,,144388.50,
27-08-2025,Payment,164,Supplier 06,12370.03,,
27-08-2025,Payment,164,HDFC Bank Current A/c,,12370.03,
27-08-2025,Sales,201,Customer 10,40967.94,,
27-08-2025,Sales,201,Sales - Local,,40967.94,
28-08-2025,Payment,165,Supplier 06,49916.83,,
28-08-2025,Payment,165,HDFC Bank Current A/c,,49916.83,
28-08-2025,Receipt,146,Cash,15743.02,,
28-08-2025,Receipt,146,Customer 06,,15743.02,
28-08-2025,Sales,202,Cash,30169.85,,
28-08-2025,Sales,202,Sales - Local,,30169.85,
28-08-2025,Purchase,103,Purchases - Local,81708.77,,
28-08-2025,Purchase,103,Supplier 01,,81708.77,
29-08-2025,Sales,203,Cash,26403.90,,
29-08-2025,Sales,203,Sales - Local,,26403.90,
29-08-2025,Sales,204,Customer 05,9445.72,,
29-08-2025,Sales,204,Sales - Local,,9445.72,
29-08-2025,Payment,166,Staff Welfare,5738.39,,
29-08-2025,Payment,166,Cash,,5738.39,
29-08-2025,Purchase,104,Purchases - Local,65033.54,,
29-08-2025,Purchase,104,Supplier 04,,65033.54,
30-08-2025,Purchase,105,Purchases - Local,7497.16,,
30-08-2025,Purchase,105,Supplier 05,,7497.16,
30-08-2025,Sales,205,Customer 09,13919.31,,
30-08-2025,Sales,205,Sales - Local,,13919.31,
30-08-2025,Payment,167,Staff Welfare,2883.09,,
30-08-2025,Payment,167,Cash,,2883.09,
30-08-2025,Purchase,106,Purchases - Local,36317.63,,
30-08-2025,Purchase,106,Supplier 05,,36317.63,
31-08-2025,Payment,168,Supplier 04,16409.27,,
31-08-2025,Payment,168,HDFC Bank Current A/c,,16409.27,
31-08-2025,Sales,206,Cash,49275.39,,
31-08-2025,Sales,206,Sales - Local,,49275.39,
31-08-2025,Purchase,107,Purchases - Local,106658.39,,
31-08-2025,Purchase,107,Supplier 04,,106658.39,
31-08-2025,Receipt,147,HDFC Bank Current A/c,101170.18,,
31-08-2025,Receipt,147,Customer 01,,101170.18,
01-09-2025,Sales,207,Cash,21274.49,,
01-09-2025,Sales,207,Sales - Local,,21274.49,
01-09-2025,Purchase,108,Purchases - Local,54788.34,,
01-09-2025,Purchase,108,Supplier 03,,54788.34,
01-09-2025,Sales,208,Customer 08,93361.77,,
01-09-2025,Sales,208,Sales - Local,,93361.77,
01-09-2025,Sales,209,Customer 07,86936.29,,
01-09-2025,Sales,209,Sales - Local,,86936.29,
02-09-2025,Payment,169,Conveyance,7166.13,,
02-09-2025,Payment,169,Cash,,7166.13,
02-09-2025,Payment,170,Supplier 02,146084.31,,
02-09-2025,Payment,170,HDFC Bank Current A/c,,146084.31,
02-09-2025,Receipt,148,Cash,581.67,,
02-09-2025,Receipt,148,Customer 03,,581.67,
02-09-2025,Receipt,149,HDFC Bank Current A/c,1822.51,,
02-09-2025,Receipt,149,Customer 01,,1822.51,
03-09-2025,Sales,210,Cash,41375.49,,
03-09-2025,Sales,210,Sales - Local,,41375.49,
03-09-2025,Sales,211,Cash,29520.70,,
03-09-2025,Sales,211,Sales - Local,,29520.70,
03-09-2025,Receipt,150,HDFC Bank Current A/c,21127.61,,
03-09-2025,Receipt,150,Customer 03,,21127.61,
03-09-2025,Payment,171,Telephone Expenses,2413.84,,
03-09-2025,Payment,171,Cash,,2413.84,
04-09-2025,Payment,172,Supplier 05,47424.51,,
04-09-2025,Payment,172,HDFC Bank Current A/c,,47424.51,
04-09-2025,Payment,173,Conveyance,8251.42,,
04-09-2025,Payment,173,Cash,,8251.42,
04-09-2025,Sales,212,Cash,39688.99,,
04-09-2025,Sales,212,Sales - Local,,39688.99,
04-09-2025,Purchase,109,Purchases - Local,9596.61,,
04-09-2025,Purchase,109,Supplier 03,,9596.61,
05-09-2025,Receipt,151,HDFC Bank Current A/c,12819.15,,
05-09-2025,Receipt,151,Customer 04,,12819.15,
05-09-2025,Sales,213,Customer 02,45950.93,,
05-09-2025,Sales,213,Sales - Local,,45950.93,
05-09-2025,Sales,214,Customer 06,119447.22,,
05-09-2025,Sales,214,Sales - Local,,119447.22,
05-09-2025,Receipt,152,HDFC Bank Current A/c,84942.71,,
05-09-2025,Receipt,152,Customer 05,,84942.71,
06-09-2025,Payment,174,Supplier 04,207242.21,,
06-09-2025,Payment,174,HDFC Bank Current A/c,,207242.21,
06-09-2025,Sales,215,Cash,20267.69,,
06-09-2025,Sales,215,Sales - Local,,20267.69,
06-09-2025,Purchase,110,Purchases - Local,11748.09,,
06-09-2025,Purchase,110,Supplier 06,,11748.09,
06-09-2025,Sales,216,Cash,39283.16,,
06-09-2025,Sales,216,Sales - Local,,39283.16,
07-09-2025,Receipt,153,HDFC Bank Current A/c,99706.08,,
07-09-2025,Receipt,153,Customer 07,,99706.08,
07-09-2025,Payment,175,Supplier 06,13583.82,,
07-09-2025,Payment,175,HDFC Bank Current A/c,,13583.82,
07-09-2025,Payment,176,Conveyance,5498.19,,
07-09-2025,Payment,176,Cash,,5498.19,
07-09-2025,Purchase,111,Purchases - Local,101588.15,,
07-09-2025,Purchase,111,Supplier 06,,101588.15,
08-09-2025,Purchase,112,Purchases - Local,92544.51,,
08-09-2025,Purchase,112,Supplier 01,,92544.51,
08-09-2025,Receipt,154,HDFC Bank Current A/c,87039.01,,
08-09-2025,Receipt,154,Customer 07,,87039.01,
08-09-2025,Receipt,155,HDFC Bank Current A/c,83641.45,,
08-09-2025,Receipt,155,Customer 10,,83641.45,
08-09-2025,Receipt,156,Cash,4585.35,,
08-09-2025,Receipt,156,Customer 01,,4585.35,
09-09-2025,Receipt,157,Cash,10898.25,,
09-09-2025,Receipt,157,Customer 02,,10898.25,
09-09-2025,Purchase,113,Purchases - Local,72638.57,,
09-09-2025,Purchase,113,Supplier 05,,72638.57,
09-09-2025,Purchase,114,Purchases - Local,64794.29,,
09-09-2025,Purchase,114,Supplier 06,,64794.29,
09-09-2025,Receipt,158,HDFC Bank Current A/c,3449.13,,
09-09-2025,Receipt,158,Customer 05,,3449.13,
10-09-2025,Receipt,159,HDFC Bank Current A/c,11030.08,,
10-09-2025,Receipt,159,Customer 07,,11030.08,
10-09-2025,Sales,217,Customer 01,104458.04,,
10-09-2025,Sales,217,Sales - Local,,104458.04,
10-09-2025,Receipt,160,HDFC Bank Current A/c,10256.19,,
10-09-2025,Receipt,160,Customer 04,,10256.19,
10-09-2025,Sales,218,Customer 04,156422.93,,
10-09-2025,Sales,218,Sales - Local,,156422.93,
11-09-2025,Sales,219,Customer 08,162818.74,,
11-09-2025,Sales,219,Sales - Local,,162818.74,
11-09-2025,Receipt,161,HDFC Bank Current A/c,55727.96,,
11-09-2025,Receipt,161,Customer 03,,55727.96,
11-09-2025,Payment,177,Supplier 02,23199.16,,
11-09-2025,Payment,177,HDFC Bank Current A/c,,23199.16,
11-09-2025,Sales,220,Customer 06,49337.45,,
11-09-2025,Sales,220,Sales - Local,,49337.45,
12-09-2025,Receipt,162,HDFC Bank Current A/c,10090.79,,
12-09-2025,Receipt,162,Customer 05,,10090.79,
12-09-2025,Sales,221,Customer 06,44243.03,,
12-09-2025,Sales,221,Sales - Local,,44243.03,
12-09-2025,Receipt,163,HDFC Bank Current A/c,6533.65,,
12-09-2025,Receipt,163,Customer 07,,6533.65,
12-09-2025,Purchase,115,Purchases - Local,12096.90,,
12-09-2025,Purchase,115,Supplier 06,,12096.90,
13-09-2025,Payment,178,Rent,25000.00,,
13-09-2025,Payment,178,HDFC Bank Current A/c,,25000.00,
13-09-2025,Payment,179,Salary,53906.13,,
13-09-2025,Payment,179,HDFC Bank Current A/c,,53906.13,
13-09-2025,Payment,180,Electricity Charges,6221.42,,
13-09-2025,Payment,180,HDFC Bank Current A/c,,6221.42,
13-09-2025,Journal,6,Interest on Unsecured Loans,3000.00,,
13-09-2025,Journal,6,Unsecured Loan - Rajesh Kumar,,2700.00,
13-09-2025,Journal,6,TDS Payable,,300.00,
13-09-2025,Payment,181,TDS Payable,300.00,,
13-09-2025,Payment,181,HDFC Bank Current A/c,,300.00,
13-09-2025,Payment,182,Printing & Stationery,5977.56,,
13-09-2025,Payment,182,Cash,,5977.56,
13-09-2025,Receipt,164,Cash,5470.79,,
13-09-2025,Receipt,164,Customer 10,,5470.79,
13-09-2025,Receipt,165,HDFC Bank Current A/c,51489.66,,
13-09-2025,Receipt,165,Customer 04,,51489.66,
14-09-2025,Receipt,166,HDFC Bank Current A/c,7920.28,,
14-09-2025,Receipt,166,Customer 05,,7920.28,
14-09-2025,Payment,183,Supplier 02,21880.93,,
14-09-2025,Payment,183,HDFC Bank Current A/c,,21880.93,
14-09-2025,Purchase,116,Purchases - Local,69014.00,,
14-09-2025,Purchase,116,Supplier 01,,69014.00,
14-09-2025,Sales,222,Customer 02,77438.59,,
14-09-2025,Sales,222,Sales - Local,,77438.59,
15-09-2025,Receipt,167,HDFC Bank Current A/c,554344.56,,
15-09-2025,Receipt,167,Customer 08,,554344.56,
15-09-2025,Payment,184,Telephone Expenses,6466.53,,
15-09-2025,Payment,184,Cash,,6466.53,
15-09-2025,Sales,223,Customer 04,48711.36,,
15-09-2025,Sales,223,Sales - Local,,48711.36,
16-09-2025,Sales,224,Cash,25807.73,,
16-09-2025,Sales,224,Sales - Local,,25807.73,
16-09-2025,Purchase,117,Purchases - Local,111377.81,,
16-09-2025,Purchase,117,Supplier 04,,111377.81,
16-09-2025,Sales,225,Customer 01,76041.33,,
16-09-2025,Sales,225,Sales - Local,,76041.33,
16-09-2025,Payment,185,Supplier 05,154188.99,,
16-09-2025,Payment,185,HDFC Bank Current A/c,,154188.99,
17-09-2025,Sales,226,Cash,9879.93,,
17-09-2025,Sales,226,Sales - Local,,9879.93,
17-09-2025,Payment,186,Supplier 06,165801.96,,
17-09-2025,Payment,186,HDFC Bank Current A/c,,165801.96,
17-09-2025,Sales,227,Customer 04,148421.28,,
17-09-2025,Sales,227,Sales - Local,,148421.28,
17-09-2025,Payment,187,Supplier 02,1979.64,,
17-09-2025,Payment,187,HDFC Bank Current A/c,,1979.64,
18-09-2025,Payment,188,Conveyance,2314.39,,
18-09-2025,Payment,188,Cash,,2314.39,
18-09-2025,Receipt,168,Cash,15299.30,,
18-09-2025,Receipt,168,Customer 02,,15299.30,
18-09-2025,Payment,189,Supplier 01,45524.50,,
18-09-2025,Payment,189,HDFC Bank Current A/c,,45524.50,
18-09-2025,Purchase,118,Purchases - Local,47383.97,,
18-09-2025,Purchase,118,Supplier 02,,47383.97,
19-09-2025,Sales,228,Customer 09,185862.10,,
19-09-2025,Sales,228,Sales - Local,,185862.10,
19-09-2025,Payment,190,Supplier 05,116772.62,,
19-09-2025,Payment,190,HDFC Bank Current A/c,,116772.62,
19-09-2025,Receipt,169,Cash,1328.42,,
19-09-2025,Receipt,169,Customer 09,,1328.42,
19-09-2025,Payment,191,Supplier 06,13299.21,,
19-09-2025,Payment,191,HDFC Bank Current A/c,,13299.21,
20-09-2025,Receipt,170,HDFC Bank Current A/c,22900.40,,
20-09-2025,Receipt,170,Customer 10,,22900.40,
20-09-2025,Purchase,119,Purchases - Local,8135.85,,
20-09-2025,Purchase,119,Supplier 02,,8135.85,
20-09-2025,Sales,229,Customer 01,28130.10,,
20-09-2025,Sales,229,Sales - Local,,28130.10,
20-09-2025,Receipt,171,Cash,16139.86,,
20-09-2025,Receipt,171,Customer 02,,16139.86,
21-09-2025,Sales,230,Cash,47336.32,,
21-09-2025,Sales,230,Sales - Local,,47336.32,
21-09-2025,Purchase,120,Purchases - Local,38396.08,,
21-09-2025,Purchase,120,Supplier 02,,38396.08,
21-09-2025,Receipt,172,Cash,6318.13,,
21-09-2025,Receipt,172,Customer 07,,6318.13,
21-09-2025,Purchase,121,Purchases - Local,82917.20,,
21-09-2025,Purchase,121,Supplier 06,,82917.20,
22-09-2025,Payment,192,Supplier 02,24208.85,,
22-09-2025,Payment,192,HDFC Bank Current A/c,,24208.85,
22-09-2025,Purchase,122,Purchases - Local,111244.74,,
22-09-2025,Purchase,122,Supplier 03,,111244.74,
22-09-2025,Receipt,173,HDFC Bank Current A/c,253678.24,,
22-09-2025,Receipt,173,Customer 09,,253678.24,
22-09-2025,Sales,231,Cash,12847.06,,
22-09-2025,Sales,231,Sales - Local,,12847.06,
23-09-2025,Sales,232,Cash,34991.86,,
23-09-2025,Sales,232,Sales - Local,,34991.86,
23-09-2025,Payment,193,Supplier 03,438341.92,,
23-09-2025,Payment,193,HDFC Bank Current A/c,,438341.92,
23-09-2025,Purchase,123,Purchases - Local,69646.62,,
23-09-2025,Purchase,123,Supplier 05,,69646.62,
23-09-2025,Sales,233,Customer 10,16421.08,,
23-09-2025,Sales,233,Sales - Local,,16421.08,
24-09-2025,Purchase,124,Purchases - Local,71967.09,,
24-09-2025,Purchase,124,Supplier 01,,71967.09,
24-09-2025,Payment,194,Office Expenses,9144.68,,
24-09-2025,Payment,194,Cash,,9144.68,
24-09-2025,Sales,234,Customer 06,105649.09,,
24-09-2025,Sales,234,Sales - Local,,105649.09,
24-09-2025,Payment,195,Supplier 01,181130.99,,
24-09-2025,Payment,195,HDFC Bank Current A/c,,181130.99,
25-09-2025,Sales,235,Customer 07,114206.15,,
25-09-2025,Sales,235,Sales - Local,,114206.15,
25-09-2025,Payment,196,Printing & Stationery,2138.94,,
25-09-2025,Payment,196,Cash,,2138.94,
25-09-2025,Payment,197,Supplier 05,20538.59,,
25-09-2025,Payment,197,HDFC Bank Current A/c,,20538.59,
25-09-2025,Purchase,125,Purchases - Local,29337.75,,
25-09-2025,Purchase,125,Supplier 02,,29337.75,
26-09-2025,Receipt,174,HDFC Bank Current A/c,1245.20,,
26-09-2025,Receipt,174,Customer 05,,1245.20,
26-09-2025,Payment,198,Supplier 02,2200.89,,
26-09-2025,Payment,198,HDFC Bank Current A/c,,2200.89,
26-09-2025,Payment,199,Printing & Stationery,9073.24,,
26-09-2025,Payment,199,Cash,,9073.24,
26-09-2025,Purchase,126,Purchases - Local,107451.22,,
26-09-2025,Purchase,126,Supplier 06,,107451.22,
27-09-2025,Purchase,127,Purchases - Local,72159.78,,
27-09-2025,Purchase,127,Supplier 03,,72159.78,
27-09-2025,Sales,236,Cash,24509.07,,
27-09-2025,Sales,236,Sales - Local,,24509.07,
27-09-2025,Sales,237,Cash,27118.05,,
27-09-2025,Sales,237,Sales - Local,,27118.05,
27-09-2025,Purchase,128,Purchases - Local,39566.15,,
27-09-2025,Purchase,128,Supplier 06,,39566.15,
28-09-2025,Receipt,175,HDFC Bank Current A/c,709684.65,,
28-09-2025,Receipt,175,Customer 06,,709684.65,
28-09-2025,Sales,238,Customer 04,176488.46,,
28-09-2025,Sales,238,Sales - Local,,176488.46,
28-09-2025,Payment,200,Supplier 02,77953.93,,
28-09-2025,Payment,200,HDFC Bank Current A/c,,77953.93,
28-09-2025,Sales,239,Customer 03,77923.47,,
28-09-2025,Sales,239,Sales - Local,,77923.47,
29-09-2025,Receipt,176,Cash,13036.73,,
29-09-2025,Receipt,176,Customer 04,,13036.73,
29-09-2025,Payment,201,Bank Charges,390.05,,
29-09-2025,Payment,201,HDFC Bank Current A/c,,390.05,
29-09-2025,Receipt,177,Cash,7622.92,,
29-09-2025,Receipt,177,Customer 02,,7622.92,
29-09-2025,Payment,202,Conveyance,5788.08,,
29-09-2025,Payment,202,Cash,,5788.08,
30-09-2025,Purchase,129,Purchases - Local,80718.75,,
30-09-2025,Purchase,129,Supplier 01,,80718.75,
30-09-2025,Sales,240,Cash,46025.57,,
30-09-2025,Sales,240,Sales - Local,,46025.57,
30-09-2025,Sales,241,Customer 06,101103.24,,
30-09-2025,Sales,241,Sales - Local,,101103.24,
30-09-2025,Sales,242,Customer 09,20537.87,,
30-09-2025,Sales,242,Sales - Local,,20537.87,
01-10-2025,Purchase,130,Purchases - Local,41295.71,,
01-10-2025,Purchase,130,Supplier 02,,41295.71,
01-10-2025,Sales,243,Customer 09,159194.73,,
01-10-2025,Sales,243,Sales - Local,,159194.73,
01-10-2025,Payment,203,Bank Charges,138.32,,
01-10-2025,Payment,203,HDFC Bank Current A/c,,138.32,
01-10-2025,Sales,244,Cash,19442.44,,
01-10-2025,Sales,244,Sales - Local,,19442.44,
02-10-2025,Payment,204,Conveyance,9395.19,,
02-10-2025,Payment,204,Cash,,9395.19,
02-10-2025,Sales,245,Cash,15845.06,,
02-10-2025,Sales,245,Sales - Local,,15845.06,
02-10-2025,Sales,246,Customer 06,100542.70,,
02-10-2025,Sales,246,Sales - Local,,100542.70,
02-10-2025,Receipt,178,HDFC Bank Current A/c,14180.82,,
02-10-2025,Receipt,178,Customer 10,,14180.82,
03-10-2025,Sales,247,Cash,28536.99,,
03-10-2025,Sales,247,Sales - Local,,28536.99,
03-10-2025,Purchase,131,Purchases - Local,65385.97,,
03-10-2025,Purchase,131,Supplier 01,,65385.97,
03-10-2025,Payment,205,Staff Welfare,1570.34,,
03-10-2025,Payment,205,Cash,,1570.34,
03-10-2025,Payment,206,Supplier 03,202422.24,,
03-10-2025,Payment,206,HDFC Bank Current A/c,,202422.24,
04-10-2025,Payment,207,Staff Welfare,2703.50,,
04-10-2025,Payment,207,Cash,,2703.50,
04-10-2025,Sales,248,Customer 01,137984.84,,
04-10-2025,Sales,248,Sales - Local,,137984.84,
04-10-2025,Payment,208,Supplier 06,59934.14,,
04-10-2025,Payment,208,HDFC Bank Current A/c,,59934.14,
04-10-2025,Sales,249,Cash,34844.80,,
04-10-2025,Sales,249,Sales - Local,,34844.80,
05-10-2025,Purchase,132,Purchases - Local,75148.54,,
05-10-2025,Purchase,132,Supplier 02,,75148.54,
05-10-2025,Receipt,179,HDFC Bank Current A/c,132501.34,,
05-10-2025,Receipt,179,Customer 02,,132501.34,
05-10-2025,Receipt,180,HDFC Bank Current A/c,202359.61,,
05-10-2025,Receipt,180,Customer 09,,202359.61,
05-10-2025,Purchase,133,Purchases - Local,39241.62,,
05-10-2025,Purchase,133,Supplier 06,,39241.62,
06-10-2025,Sales,250,Customer 02,128830.93,,
06-10-2025,Sales,250,Sales - Local,,128830.93,
06-10-2025,Receipt,181,Cash,2574.57,,
06-10-2025,Receipt,181,Customer 06,,2574.57,
06-10-2025,Payment,209,Supplier 06,189058.02,,
06-10-2025,Payment,209,HDFC Bank Current A/c,,189058.02,
06-10-2025,Purchase,134,Purchases - Local,23238.58,,
06-10-2025,Purchase,134,Supplier 02,,23238.58,
07-10-2025,Receipt,182,HDFC Bank Current A/c,2968.25,,
07-10-2025,Receipt,182,Customer 10,,2968.25,
07-10-2025,Sales,251,Cash,25081.85,,
07-10-2025,Sales,251,Sales - Local,,25081.85,
07-10-2025,Receipt,183,HDFC Bank Current A/c,5674.10,,
07-10-2025,Receipt,183,Interest Received,,5674.10,
07-10-2025,Payment,210,Supplier 03,20802.91,,
07-10-2025,Payment,210,HDFC Bank Current A/c,,20802.91,
08-10-2025,Payment,211,Conveyance,1038.23,,
08-10-2025,Payment,211,Cash,,1038.23,
08-10-2025,Receipt,184,HDFC Bank Current A/c,118109.94,,
08-10-2025,Receipt,184,Customer 04,,118109.94,
08-10-2025,Sales,252,Customer 03,72618.33,,
08-10-2025,Sales,252,Sales - Local,,72618.33,
08-10-2025,Payment,212,Supplier 06,28664.36,,
08-10-2025,Payment,212,HDFC Bank Current A/c,,28664.36,
09-10-2025,Receipt,185,HDFC Bank Current A/c,5232.30,,
09-10-2025,Receipt,185,Customer 10,,5232.30,
09-10-2025,Payment,213,Supplier 03,1711.23,,
09-10-2025,Payment,213,HDFC Bank Current A/c,,1711.23,
09-10-2025,Payment,214,Printing & Stationery,412.07,,
09-10-2025,Payment,214,Cash,,412.07,
09-10-2025,Sales,253,Customer 06,98119.37,,
09-10-2025,Sales,253,Sales - Local,,98119.37,
10-10-2025,Sales,254,Cash,18919.20,,
10-10-2025,Sales,254,Sales - Local,,18919.20,
10-10-2025,Sales,255,Customer 10,112378.47,,
10-10-2025,Sales,255,Sales - Local,,112378.47,
11-10-2025,Sales,256,Cash,29408.55,,
11-10-2025,Sales,256,Sales - Local,,29408.55,
11-10-2025,Payment,215,Supplier 05,110028.63,,
11-10-2025,Payment,215,HDFC Bank Current A/c,,110028.63,
11-10-2025,Sales,257,Customer 01,29674.77,,
11-10-2025,Sales,257,Sales - Local,,29674.77,
11-10-2025,Sales,258,Customer 03,22163.13,,
11-10-2025,Sales,258,Sales - Local,,22163.13,
12-10-2025,Purchase,135,Purchases - Local,93467.86,,
12-10-2025,Purchase,135,Supplier 02,,93467.86,
12-10-2025,Sales,259,Customer 04,67137.27,,
12-10-2025,Sales,259,Sales - Local,,67137.27,
12-10-2025,Sales,260,Cash,41932.63,,
12-10-2025,Sales,260,Sales - Local,,41932.63,
12-10-2025,Sales,261,Cash,39466.43,,
12-10-2025,Sales,261,Sales - Local,,39466.43,
13-10-2025,Payment,216,Rent,25000.00,,
13-10-2025,Payment,216,HDFC Bank Current A/c,,25000.00,
13-10-2025,Payment,217,Salary,54639.53,,
13-10-2025,Payment,217,HDFC Bank Current A/c,,54639.53,
13-10-2025,Payment,218,Electricity Charges,7474.84,,
13-10-2025,Payment,218,HDFC Bank Current A/c,,7474.84,
13-10-2025,Journal,7,Interest on Unsecured Loans,3000.00,,
13-10-2025,Journal,7,Unsecured Loan - Rajesh Kumar,,2700.00,
13-10-2025,Journal,7,TDS Payable,,300.00,
13-10-2025,Payment,219,TDS Payable,300.00,,
13-10-2025,Payment,219,HDFC Bank Current A/c,,300.00,
13-10-2025,Purchase,136,Purchases - Local,63554.50,,
13-10-2025,Purchase,136,Supplier 03,,63554.50,
13-10-2025,Sales,262,Customer 06,115760.68,,
13-10-2025,Sales,262,Sales - Local,,115760.68,
13-10-2025,Purchase,137,Purchases - Local,54519.62,,
13-10-2025,Purchase,137,Supplier 02,,54519.62,
13-10-2025,Payment,220,Supplier 04,50109.28,,
13-10-2025,Payment,220,HDFC Bank Current A/c,,50109.28,
14-10-2025,Sales,263,Cash,2628.53,,
14-10-2025,Sales,263,Sales - Local,,2628.53,
14-10-2025,Purchase,138,Purchases - Local,41158.02,,
14-10-2025,Purchase,138,Supplier 06,,41158.02,
14-10-2025,Sales,264,Cash,25917.31,,
14-10-2025,Sales,264,Sales - Local,,25917.31,
14-10-2025,Purchase,139,Purchases - Local,90630.78,,
14-10-2025,Purchase,139,Supplier 02,,90630.78,
15-10-2025,Sales,265,Customer 10,93562.13,,
15-10-2025,Sales,265,Sales - Local,,93562.13,
15-10-2025,Payment,221,Supplier 02,136660.17,,
15-10-2025,Payment,221,HDFC Bank Current A/c,,136660.17,
15-10-2025,Payment,222,Supplier 03,21379.05,,
15-10-2025,Payment,222,HDFC Bank Current A/c,,21379.05,
15-10-2025,Sales,266,Customer 05,197057.40,,
15-10-2025,Sales,266,Sales - Local,,197057.40,
16-10-2025,Sales,267,Customer 04,87902.46,,
16-10-2025,Sales,267,Sales - Local,,87902.46,
16-10-2025,Payment,223,Printing & Stationery,3074.89,,
16-10-2025,Payment,223,Cash,,3074.89,
16-10-2025,Sales,268,Customer 09,14190.96,,
16-10-2025,Sales,268,Sales - Local,,14190.96,
16-10-2025,Purchase,140,Purchases - Local,54396.11,,
16-10-2025,Purchase,140,Supplier 05,,54396.11,
17-10-2025,Payment,224,Bank Charges,275.14,,
17-10-2025,Payment,224,HDFC Bank Current A/c,,275.14,
17-10-2025,Sales,269,Cash,11180.06,,
17-10-2025,Sales,269,Sales - Local,,11180.06,
17-10-2025,Receipt,186,HDFC Bank Current A/c,41117.33,,
17-10-2025,Receipt,186,Customer 07,,41117.33,
17-10-2025,Sales,270,Customer 01,115135.15,,
17-10-2025,Sales,270,Sales - Local,,115135.15,
18-10-2025,Purchase,141,Purchases - Local,64841.90,,
18-10-2025,Purchase,141,Supplier 06,,64841.90,
18-10-2025,Purchase,142,Purchases - Local,43164.26,,
18-10-2025,Purchase,142,Supplier 05,,43164.26,
18-10-2025,Receipt,187,HDFC Bank Current A/c,151794.70,,
18-10-2025,Receipt,187,Customer 08,,151794.70,
18-10-2025,Sales,271,Customer 06,48194.22,,
18-10-2025,Sales,271,Sales - Local,,48194.22,
19-10-2025,Purchase,143,Purchases - Local,66763.48,,
19-10-2025,Purchase,143,Supplier 05,,66763.48,
19-10-2025,Payment,225,Supplier 02,124749.94,,
19-10-2025,Payment,225,HDFC Bank Current A/c,,124749.94,
19-10-2025,Receipt,188,Cash,18856.59,,
19-10-2025,Receipt,188,Customer 06,,18856.59,
19-10-2025,Sales,272,Cash,17937.73,,
19-10-2025,Sales,272,Sales - Local,,17937.73,
20-10-2025,Payment,226,Supplier 03,3108.27,,
20-10-2025,Payment,226,HDFC Bank Current A/c,,3108.27,
20-10-2025,Sales,273,Customer 08,85041.93,,
20-10-2025,Sales,273,Sales - Local,,85041.93,
20-10-2025,Sales,274,Customer 07,160002.98,,
20-10-2025,Sales,274,Sales - Local,,160002.98,
20-10-2025,Sales,275,Customer 01,152160.75,,
20-10-2025,Sales,275,Sales - Local,,152160.75,
21-10-2025,Purchase,144,Purchases - Local,113704.81,,
21-10-2025,Purchase,144,Supplier 01,,113704.81,
21-10-2025,Payment,227,Telephone Expenses,9176.58,,
21-10-2025,Payment,227,Cash,,9176.58,
21-10-2025,Purchase,145,Purchases - Local,86118.51,,
21-10-2025,Purchase,145,Supplier 03,,86118.51,
21-10-2025,Sales,276,Cash,43049.32,,
21-10-2025,Sales,276,Sales - Local,,43049.32,
22-10-2025,Sales,277,Customer 02,69676.88,,
22-10-2025,Sales,277,Sales - Local,,69676.88,
22-10-2025,Receipt,189,HDFC Bank Current A/c,92097.83,,
22-10-2025,Receipt,189,Customer 03,,92097.83,
22-10-2025,Sales,278,Customer 05,130728.73,,
22-10-2025,Sales,278,Sales - Local,,130728.73,
22-10-2025,Sales,279,Customer 09,140209.97,,
22-10-2025,Sales,279,Sales - Local,,140209.97,
23-10-2025,Receipt,190,Cash,16145.96,,
23-10-2025,Receipt,190,Customer 08,,16145.96,
23-10-2025,Receipt,191,Cash,12548.37,,
23-10-2025,Receipt,191,Customer 05,,12548.37,
23-10-2025,Payment,228,Supplier 05,46708.65,,
23-10-2025,Payment,228,HDFC Bank Current A/c,,46708.65,
23-10-2025,Sales,280,Cash,9850.45,,
23-10-2025,Sales,280,Sales - Local,,9850.45,
24-10-2025,Sales,281,Cash,36186.68,,
24-10-2025,Sales,281,Sales - Local,,36186.68,
24-10-2025,Purchase,146,Purchases - Local,85991.58,,
24-10-2025,Purchase,146,Supplier 03,,85991.58,
24-10-2025,Purchase,147,Purchases - Local,66179.74,,
24-10-2025,Purchase,147,Supplier 01,,66179.74,
24-10-2025,Sales,282,Cash,44324.14,,
24-10-2025,Sales,282,Sales - Local,,44324.14,
25-10-2025,Sales,283,Customer 06,60940.85,,
25-10-2025,Sales,283,Sales - Local,,60940.85,
25-10-2025,Receipt,192,HDFC Bank Current A/c,608324.92,,
25-10-2025,Receipt,192,Customer 01,,608324.92,
25-10-2025,Payment,229,Staff Welfare,532.80,,
25-10-2025,Payment,229,Cash,,532.80,
25-10-2025,Purchase,148,Purchases - Local,45532.74,,
25-10-2025,Purchase,148,Supplier 05,,45532.74,
26-10-2025,Payment,230,Supplier 06,26335.47,,
26-10-2025,Payment,230,HDFC Bank Current A/c,,26335.47,
26-10-2025,Receipt,193,Cash,504.55,,
26-10-2025,Receipt,193,Customer 02,,504.55,
26-10-2025,Sales,284,Customer 07,13228.32,,
26-10-2025,Sales,284,Sales - Local,,13228.32,
26-10-2025,Purchase,149,Purchases - Local,39094.61,,
26-10-2025,Purchase,149,Supplier 04,,39094.61,
27-10-2025,Receipt,194,Cash,10429.10,,
27-10-2025,Receipt,194,Customer 05,,10429.10,
27-10-2025,Payment,231,Office Expenses,7567.70,,
27-10-2025,Payment,231,Cash,,7567.70,
27-10-2025,Receipt,195,Cash,14977.39,,
27-10-2025,Receipt,195,Customer 09,,14977.39,
27-10-2025,Sales,285,Customer 08,56323.08,,
27-10-2025,Sales,285,Sales - Local,,56323.08,
28-10-2025,Receipt,196,HDFC Bank Current A/c,62732.66,,
28-10-2025,Receipt,196,Customer 05,,62732.66,
28-10-2025,Sales,286,Customer 05,84054.77,,
28-10-2025,Sales,286,Sales - Local,,84054.77,
28-10-2025,Purchase,150,Purchases - Local,8451.46,,
28-10-2025,Purchase,150,Supplier 06,,8451.46,
28-10-2025,Purchase,151,Purchases - Local,26658.52,,
28-10-2025,Purchase,151,Supplier 04,,26658.52,
29-10-2025,Sales,287,Cash,9298.91,,
29-10-2025,Sales,287,Sales - Local,,9298.91,
29-10-2025,Purchase,152,Purchases - Local,19287.17,,
29-10-2025,Purchase,152,Supplier 02,,19287.17,
29-10-2025,Receipt,197,HDFC Bank Current A/c,8368.36,,
29-10-2025,Receipt,197,Interest Received,,8368.36,
29-10-2025,Sales,288,Customer 03,20283.61,,
29-10-2025,Sales,288,Sales - Local,,20283.61,
30-10-2025,Payment,232,Supplier 05,12348.86,,
30-10-2025,Payment,232,HDFC Bank Current A/c,,12348.86,
30-10-2025,Sales,289,Cash,29448.17,,
30-10-2025,Sales,289,Sales - Local,,29448.17,
30-10-2025,Payment,233,Telephone Expenses,1174.56,,
30-10-2025,Payment,233,Cash,,1174.56,
30-10-2025,Purchase,153,Purchases - Local,79825.57,,
30-10-2025,Purchase,153,Supplier 03,,79825.57,
31-10-2025,Purchase,154,Purchases - Local,108305.63,,
31-10-2025,Purchase,154,Supplier 01,,108305.63,
31-10-2025,Sales,290,Cash,5939.05,,
31-10-2025,Sales,290,Sales - Local,,5939.05,
31-10-2025,Sales,291,Customer 03,169470.25,,
31-10-2025,Sales,291,Sales - Local,,169470.25,
31-10-2025,Receipt,198,HDFC Bank Current A/c,7161.59,,
31-10-2025,Receipt,198,Interest Received,,7161.59,
01-11-2025,Sales,292,Customer 08,52326.99,,
01-11-2025,Sales,292,Sales - Local,,52326.99,
01-11-2025,Sales,293,Cash,18308.99,,
01-11-2025,Sales,293,Sales - Local,,18308.99,
01-11-2025,Receipt,199,Cash,8628.82,,
01-11-2025,Receipt,199,Customer 03,,8628.82,
01-11-2025,Payment,234,Printing & Stationery,6094.48,,
01-11-2025,Payment,234,Cash,,6094.48,
02-11-2025,Payment,235,Supplier 04,97177.84,,
02-11-2025,Payment,235,HDFC Bank Current A/c,,97177.84,
02-11-2025,Purchase,155,Purchases - Local,83454.18,,
02-11-2025,Purchase,155,Supplier 05,,83454.18,
02-11-2025,Payment,236,Supplier 02,48230.76,,
02-11-2025,Payment,236,HDFC Bank Current A/c,,48230.76,
02-11-2025,Sales,294,Customer 03,15920.23,,
02-11-2025,Sales,294,Sales - Local,,15920.23,
03-11-2025,Payment,237,Staff Welfare,1610.82,,
03-11-2025,Payment,237,Cash,,1610.82,
03-11-2025,Receipt,200,HDFC Bank Current A/c,102405.18,,
03-11-2025,Receipt,200,Customer 08,,102405.18,
03-11-2025,Sales,295,Customer 09,173165.98,,
03-11-2025,Sales,295,Sales - Local,,173165.98,
03-11-2025,Receipt,201,Cash,18849.40,,
03-11-2025,Receipt,201,Customer 04,,18849.40,
04-11-2025,Receipt,202,HDFC Bank Current A/c,72124.08,,
04-11-2025,Receipt,202,Customer 08,,72124.08,
04-11-2025,Payment,238,Supplier 01,215305.20,,
04-11-2025,Payment,238,HDFC Bank Current A/c,,215305.20,
04-11-2025,Sales,296,Cash,2434.51,,
04-11-2025,Sales,296,Sales - Local,,2434.51,
04-11-2025,Payment,239,Conveyance,4711.38,,
04-11-2025,Payment,239,Cash,,4711.38,
05-11-2025,Purchase,156,Purchases - Local,65716.38,,
05-11-2025,Purchase,156,Supplier 04,,65716.38,
05-11-2025,Sales,297,Cash,4847.52,,
05-11-2025,Sales,297,Sales - Local,,4847.52,
05-11-2025,Payment,240,Office Expenses,6198.23,,
05-11-2025,Payment,240,Cash,,6198.23,
05-11-2025,Sales,298,Cash,27920.97,,
05-11-2025,Sales,298,Sales - Local,,27920.97,
06-11-2025,Payment,241,Supplier 02,9190.18,,
06-11-2025,Payment,241,HDFC Bank Current A/c,,9190.18,
06-11-2025,Payment,242,Supplier 01,88662.11,,
06-11-2025,Payment,242,HDFC Bank Current A/c,,88662.11,
06-11-2025,Purchase,157,Purchases - Local,89243.56,,
06-11-2025,Purchase,157,Supplier 01,,89243.56,
07-11-2025,Payment,243,Bank Charges,70.85,,
07-11-2025,Payment,243,HDFC Bank Current A/c,,70.85,
07-11-2025,Sales,299,Customer 02,28730.67,,
07-11-2025,Sales,299,Sales - Local,,28730.67,
07-11-2025,Receipt,203,HDFC Bank Current A/c,236573.17,,
07-11-2025,Receipt,203,Customer 05,,236573.17,
07-11-2025,Purchase,158,Purchases - Local,76275.12,,
07-11-2025,Purchase,158,Supplier 01,,76275.12,
08-11-2025,Purchase,159,Purchases - Local,113116.37,,
08-11-2025,Purchase,159,Supplier 04,,113116.37,
08-11-2025,Purchase,160,Purchases - Local,65300.98,,
08-11-2025,Purchase,160,Supplier 06,,65300.98,
08-11-2025,Receipt,204,HDFC Bank Current A/c,14213.58,,
08-11-2025,Receipt,204,Customer 07,,14213.58,
08-11-2025,Receipt,205,Cash,15840.48,,
08-11-2025,Receipt,205,Customer 09,,15840.48,
09-11-2025,Receipt,206,HDFC Bank Current A/c,1797.18,,
09-11-2025,Receipt,206,Customer 08,,1797.18,
09-11-2025,Sales,300,Cash,10558.53,,
09-11-2025,Sales,300,Sales - Local,,10558.53,
09-11-2025,Payment,244,Supplier 03,156020.69,,
09-11-2025,Payment,244,HDFC Bank Current A/c,,156020.69,
09-11-2025,Receipt,207,Cash,11282.76,,
09-11-2025,Receipt,207,Customer 01,,11282.76,
10-11-2025,Sales,301,Customer 05,25642.17,,
10-11-2025,Sales,301,Sales - Local,,25642.17,
10-11-2025,Purchase,161,Purchases - Local,30671.51,,
10-11-2025,Purchase,161,Supplier 04,,30671.51,
10-11-2025,Sales,302,Cash,41256.35,,
10-11-2025,Sales,302,Sales - Local,,41256.35,
10-11-2025,Payment,245,Telephone Expenses,5220.32,,
10-11-2025,Payment,245,Cash,,5220.32,
11-11-2025,Receipt,208,HDFC Bank Current A/c,67334.50,,
11-11-2025,Receipt,208,Customer 07,,67334.50,
11-11-2025,Sales,303,Cash,32577.70,,
11-11-2025,Sales,303,Sales - Local,,32577.70,
11-11-2025,Sales,304,Customer 02,75830.47,,
11-11-2025,Sales,304,Sales - Local,,75830.47,
11-11-2025,Receipt,209,HDFC Bank Current A/c,4632.16,,
11-11-2025,Receipt,209,Interest Received,,4632.16,
12-11-2025,Payment,246,Rent,25000.00,,
12-11-2025,Payment,246,HDFC Bank Current A/c,,25000.00,
12-11-2025,Payment,247,Salary,44979.39,,
12-11-2025,Payment,247,HDFC Bank Current A/c,,44979.39,
12-11-2025,Payment,248,Electricity Charges,5117.30,,
12-11-2025,Payment,248,HDFC Bank Current A/c,,5117.30,
12-11-2025,Journal,8,Interest on Unsecured Loans,3000.00,,
12-11-2025,Journal,8,Unsecured Loan - Rajesh Kumar,,2700.00,
12-11-2025,Journal,8,TDS Payable,,300.00,
12-11-2025,Payment,249,TDS Payable,300.00,,
12-11-2025,Payment,249,HDFC Bank Current A/c,,300.00,
12-11-2025,Receipt,210,HDFC Bank Current A/c,7065.70,,
12-11-2025,Receipt,210,Customer 01,,7065.70,
12-11-2025,Payment,250,Supplier 02,76203.45,,
12-11-2025,Payment,250,HDFC Bank Current A/c,,76203.45,
12-11-2025,Purchase,162,Purchases - Local,60595.46,,
12-11-2025,Purchase,162,Supplier 05,,60595.46,
12-11-2025,Receipt,211,Cash,11033.28,,
12-11-2025,Receipt,211,Customer 02,,11033.28,
13-11-2025,Purchase,163,Purchases - Local,107635.70,,
13-11-2025,Purchase,163,Supplier 02,,107635.70,
13-11-2025,Purchase,164,Purchases - Local,21472.83,,
13-11-2025,Purchase,164,Supplier 06,,21472.83,
13-11-2025,Payment,251,Staff Welfare,2682.08,,
13-11-2025,Payment,251,Cash,,2682.08,
13-11-2025,Receipt,212,HDFC Bank Current A/c,161870.33,,
13-11-2025,Receipt,212,Customer 04,,161870.33,
14-11-2025,Sales,305,Cash,37955.70,,
14-11-2025,Sales,305,Sales - Local,,37955.70,
14-11-2025,Sales,306,Customer 02,20188.14,,
14-11-2025,Sales,306,Sales - Local,,20188.14,
14-11-2025,Sales,307,Customer 09,164524.70,,
14-11-2025,Sales,307,Sales - Local,,164524.70,
14-11-2025,Purchase,165,Purchases - Local,19342.99,,
14-11-2025,Purchase,165,Supplier 05,,19342.99,
15-11-2025,Receipt,213,HDFC Bank Current A/c,522242.15,,
15-11-2025,Receipt,213,Customer 09,,522242.15,
15-11-2025,Payment,252,Supplier 03,38671.60,,
15-11-2025,Payment,252,HDFC Bank Current A/c,,38671.60,
15-11-2025,Sales,308,Customer 05,132402.23,,
15-11-2025,Sales,308,Sales - Local,,132402.23,
15-11-2025,Sales,309,Cash,32307.91,,
15-11-2025,Sales,309,Sales - Local,,32307.91,
16-11-2025,Sales,310,Cash,48203.21,,
16-11-2025,Sales,310,Sales - Local,,48203.21,
16-11-2025,Sales,311,Customer 09,181511.28,,
16-11-2025,Sales,311,Sales - Local,,181511.28,
16-11-2025,Payment,253,Supplier 04,166067.78,,
16-11-2025,Payment,253,HDFC Bank Current A/c,,166067.78,
16-11-2025,Purchase,166,Purchases - Local,105047.32,,
16-11-2025,Purchase,166,Supplier 06,,105047.32,
17-11-2025,Sales,312,Customer 07,99590.14,,
17-11-2025,Sales,312,Sales - Local,,99590.14,
17-11-2025,Purchase,167,Purchases - Local,12057.88,,
17-11-2025,Purchase,167,Supplier 01,,12057.88,
17-11-2025,Purchase,168,Purchases - Local,106687.75,,
17-11-2025,Purchase,168,Supplier 02,,106687.75,
17-11-2025,Sales,313,Customer 08,160489.16,,
17-11-2025,Sales,313,Sales - Local,,160489.16,
18-11-2025,Receipt,214,HDFC Bank Current A/c,51759.10,,
18-11-2025,Receipt,214,Customer 07,,51759.10,
18-11-2025,Sales,314,Cash,25382.81,,
18-11-2025,Sales,314,Sales - Local,,25382.81,
18-11-2025,Receipt,215,HDFC Bank Current A/c,184436.17,,
18-11-2025,Receipt,215,Customer 02,,184436.17,
18-11-2025,Sales,315,Cash,29570.29,,
18-11-2025,Sales,315,Sales - Local,,29570.29,
19-11-2025,Purchase,169,Purchases - Local,87362.77,,
19-11-2025,Purchase,169,Supplier 04,,87362.77,
19-11-2025,Purchase,170,Purchases - Local,94563.76,,
19-11-2025,Purchase,170,Supplier 02,,94563.76,
19-11-2025,Sales,316,Cash,20998.62,,
19-11-2025,Sales,316,Sales - Local,,20998.62,
19-11-2025,Sales,317,Customer 06,37989.02,,
19-11-2025,Sales,317,Sales - Local,,37989.02,
20-11-2025,Sales,318,Customer 01,27640.40,,
20-11-2025,Sales,318,Sales - Local,,27640.40,
20-11-2025,Sales,319,Cash,36591.35,,
20-11-2025,Sales,319,Sales - Local,,36591.35,
20-11-2025,Purchase,171,Purchases - Local,88826.92,,
20-11-2025,Purchase,171,Supplier 03,,88826.92,
20-11-2025,Payment,254,Office Expenses,3354.57,,
20-11-2025,Payment,254,Cash,,3354.57,
21-11-2025,Payment,255,Supplier 05,164141.34,,
21-11-2025,Payment,255,HDFC Bank Current A/c,,164141.34,
21-11-2025,Purchase,172,Purchases - Local,109006.91,,
21-11-2025,Purchase,172,Supplier 06,,109006.91,
21-11-2025,Purchase,173,Purchases - Local,24174.16,,
21-11-2025,Purchase,173,Supplier 01,,24174.16,
21-11-2025,Payment,256,Supplier 01,527809.94,,
21-11-2025,Payment,256,HDFC Bank Current A/c,,527809.94,
22-11-2025,Purchase,174,Purchases - Local,5393.28,,
22-11-2025,Purchase,174,Supplier 01,,5393.28,
22-11-2025,Sales,320,Cash,41199.07,,
22-11-2025,Sales,320,Sales - Local,,41199.07,
22-11-2025,Sales,321,Cash,43092.12,,
22-11-2025,Sales,321,Sales - Local,,43092.12,
22-11-2025,Receipt,216,HDFC Bank Current A/c,72511.87,,
22-11-2025,Receipt,216,Customer 02,,72511.87,
23-11-2025,Payment,257,Supplier 01,28717.45,,
23-11-2025,Payment,257,HDFC Bank Current A/c,,28717.45,
23-11-2025,Payment,258,Conveyance,9326.43,,
23-11-2025,Payment,258,Cash,,9326.43,
23-11-2025,Receipt,217,Cash,10169.41,,
23-11-2025,Receipt,217,Customer 08,,10169.41,
23-11-2025,Payment,259,Supplier 02,138568.12,,
23-11-2025,Payment,259,HDFC Bank Current A/c,,138568.12,
24-11-2025,Sales,322,Cash,14825.02,,
24-11-2025,Sales,322,Sales - Local,,14825.02,
24-11-2025,Receipt,218,Cash,844.16,,
24-11-2025,Receipt,218,Customer 04,,844.16,
24-11-2025,Purchase,175,Purchases - Local,13050.92,,
24-11-2025,Purchase,175,Supplier 01,,13050.92,
24-11-2025,Sales,323,Cash,32269.58,,
24-11-2025,Sales,323,Sales - Local,,32269.58,
25-11-2025,Receipt,219,HDFC Bank Current A/c,73662.18,,
25-11-2025,Receipt,219,Customer 08,,73662.18,
25-11-2025,Sales,324,Cash,43354.71,,
25-11-2025,Sales,324,Sales - Local,,43354.71,
25-11-2025,Receipt,220,HDFC Bank Current A/c,21127.33,,
25-11-2025,Receipt,220,Customer 01,,21127.33,
25-11-2025,Receipt,221,HDFC Bank Current A/c,42487.13,,
25-11-2025,Receipt,221,Customer 10,,42487.13,
26-11-2025,Receipt,222,HDFC Bank Current A/c,102914.36,,
26-11-2025,Receipt,222,Customer 10,,102914.36,
26-11-2025,Purchase,176,Purchases - Local,72176.83,,
26-11-2025,Purchase,176,Supplier 05,,72176.83,
26-11-2025,Payment,260,Supplier 05,231682.26,,
26-11-2025,Payment,260,HDFC Bank Current A/c,,231682.26,
26-11-2025,Receipt,223,Cash,7331.18,,
26-11-2025,Receipt,223,Customer 07,,7331.18,
27-11-2025,Receipt,224,HDFC Bank Current A/c,31453.10,,
27-11-2025,Receipt,224,Customer 08,,31453.10,
27-11-2025,Receipt,225,HDFC Bank Current A/c,41888.92,,
27-11-2025,Receipt,225,Customer 09,,41888.92,
27-11-2025,Payment,261,Supplier 06,69290.25,,
27-11-2025,Payment,261,HDFC Bank Current A/c,,69290.25,
27-11-2025,Sales,325,Cash,24334.68,,
27-11-2025,Sales,325,Sales - Local,,24334.68,
28-11-2025,Sales,326,Customer 01,131426.54,,
28-11-2025,Sales,326,Sales - Local,,131426.54,
28-11-2025,Payment,262,Telephone Expenses,6931.28,,
28-11-2025,Payment,262,Cash,,6931.28,
28-11-2025,Sales,327,Cash,8236.54,,
28-11-2025,Sales,327,Sales - Local,,8236.54,
28-11-2025,Receipt,226,HDFC Bank Current A/c,51102.37,,
28-11-2025,Receipt,226,Customer 04,,51102.37,
29-11-2025,Payment,263,Office Expenses,5492.18,,
29-11-2025,Payment,263,Cash,,5492.18,
29-11-2025,Sales,328,Customer 05,45665.40,,
29-11-2025,Sales,328,Sales - Local,,45665.40,
29-11-2025,Purchase,177,Purchases - Local,87948.28,,
29-11-2025,Purchase,177,Supplier 01,,87948.28,
29-11-2025,Receipt,227,Cash,8459.21,,
29-11-2025,Receipt,227,Customer 08,,8459.21,
30-11-2025,Sales,329,Cash,26796.09,,
30-11-2025,Sales,329,Sales - Local,,26796.09,
30-11-2025,Payment,264,Conveyance,6521.43,,
30-11-2025,Payment,264,Cash,,6521.43,
30-11-2025,Sales,330,Customer 05,78984.67,,
30-11-2025,Sales,330,Sales - Local,,78984.67,
30-11-2025,Payment,265,Staff Welfare,6388.38,,
30-11-2025,Payment,265,Cash,,6388.38,
01-12-2025,Sales,331,Customer 02,111451.26,,
01-12-2025,Sales,331,Sales - Local,,111451.26,
01-12-2025,Sales,332,Customer 04,45210.64,,
01-12-2025,Sales,332,Sales - Local,,45210.64,
01-12-2025,Sales,333,Customer 02,65512.84,,
01-12-2025,Sales,333,Sales - Local,,65512.84,
01-12-2025,Receipt,228,HDFC Bank Current A/c,65245.09,,
01-12-2025,Receipt,228,Customer 01,,65245.09,
02-12-2025,Sales,334,Customer 07,97153.50,,
02-12-2025,Sales,334,Sales - Local,,97153.50,
02-12-2025,Receipt,229,HDFC Bank Current A/c,180058.48,,
02-12-2025,Receipt,229,Customer 07,,180058.48,
02-12-2025,Sales,335,Customer 02,69445.59,,
02-12-2025,Sales,335,Sales - Local,,69445.59,
02-12-2025,Receipt,230,HDFC Bank Current A/c,112231.83,,
02-12-2025,Receipt,230,Customer 09,,112231.83,
03-12-2025,Receipt,231,HDFC Bank Current A/c,35217.50,,
03-12-2025,Receipt,231,Customer 08,,35217.50,
03-12-2025,Receipt,232,HDFC Bank Current A/c,2510.50,,
03-12-2025,Receipt,232,Customer 08,,2510.50,
03-12-2025,Sales,336,Cash,25225.36,,
03-12-2025,Sales,336,Sales - Local,,25225.36,
03-12-2025,Purchase,178,Purchases - Local,61583.63,,
03-12-2025,Purchase,178,Supplier 01,,61583.63,
04-12-2025,Payment,266,Staff Welfare,2082.28,,
04-12-2025,Payment,266,Cash,,2082.28,
04-12-2025,Payment,267,Supplier 06,219006.86,,
04-12-2025,Payment,267,HDFC Bank Current A/c,,219006.86,
04-12-2025,Sales,337,Customer 08,107479.88,,
04-12-2025,Sales,337,Sales - Local,,107479.88,
04-12-2025,Sales,338,Cash,38091.24,,
04-12-2025,Sales,338,Sales - Local,,38091.24,
05-12-2025,Receipt,233,HDFC Bank Current A/c,4862.41,,
05-12-2025,Receipt,233,Interest Received,,4862.41,
05-12-2025,Receipt,234,Cash,2869.91,,
05-12-2025,Receipt,234,Customer 01,,2869.91,
05-12-2025,Receipt,235,HDFC Bank Current A/c,4671.96,,
05-12-2025,Receipt,235,Interest Received,,4671.96,
05-12-2025,Sales,339,Customer 10,157095.26,,
05-12-2025,Sales,339,Sales - Local,,157095.26,
06-12-2025,Receipt,236,HDFC Bank Current A/c,17758.90,,
06-12-2025,Receipt,236,Customer 07,,17758.90,
06-12-2025,Sales,340,Customer 10,39697.87,,
06-12-2025,Sales,340,Sales - Local,,39697.87,
06-12-2025,Sales,341,Cash,48151.57,,
06-12-2025,Sales,341,Sales - Local,,48151.57,
06-12-2025,Receipt,237,HDFC Bank Current A/c,12937.69,,
06-12-2025,Receipt,237,Customer 05,,12937.69,
07-12-2025,Sales,342,Cash,4187.76,,
07-12-2025,Sales,342,Sales - Local,,4187.76,
07-12-2025,Receipt,238,HDFC Bank Current A/c,212315.70,,
07-12-2025,Receipt,238,Customer 04,,212315.70,
07-12-2025,Purchase,179,Purchases - Local,89052.91,,
07-12-2025,Purchase,179,Supplier 02,,89052.91,
07-12-2025,Sales,343,Customer 02,151750.36,,
07-12-2025,Sales,343,Sales - Local,,151750.36,
08-12-2025,Receipt,239,HDFC Bank Current A/c,16871.44,,
08-12-2025,Receipt,239,Customer 10,,16871.44,
08-12-2025,Sales,344,Customer 05,158920.70,,
08-12-2025,Sales,344,Sales - Local,,158920.70,
08-12-2025,Sales,345,Customer 02,7197.61,,
08-12-2025,Sales,345,Sales - Local,,7197.61,
08-12-2025,Purchase,180,Purchases - Local,101657.30,,
08-12-2025,Purchase,180,Supplier 02,,101657.30,
09-12-2025,Purchase,181,Purchases - Local,112048.81,,
09-12-2025,Purchase,181,Supplier 02,,112048.81,
09-12-2025,Receipt,240,HDFC Bank Current A/c,39763.90,,
09-12-2025,Receipt,240,Customer 07,,39763.90,
09-12-2025,Receipt,241,HDFC Bank Current A/c,148986.58,,
09-12-2025,Receipt,241,Customer 03,,148986.58,
09-12-2025,Sales,346,Cash,44447.43,,
09-12-2025,Sales,346,Sales - Local,,44447.43,
10-12-2025,Purchase,182,Purchases - Local,72120.63,,
10-12-2025,Purchase,182,Supplier 06,,72120.63,
10-12-2025,Receipt,242,HDFC Bank Current A/c,201456.16,,
10-12-2025,Receipt,242,Customer 05,,201456.16,
10-12-2025,Payment,268,Supplier 04,77398.49,,
10-12-2025,Payment,268,HDFC Bank Current A/c,,77398.49,
10-12-2025,Sales,347,Cash,23447.35,,
10-12-2025,Sales,347,Sales - Local,,23447.35,
11-12-2025,Payment,269,Office Expenses,1064.80,,
11-12-2025,Payment,269,Cash,,1064.80,
11-12-2025,Receipt,243,Cash,18153.19,,
11-12-2025,Receipt,243,Customer 06,,18153.19,
11-12-2025,Sales,348,Cash,42668.39,,
11-12-2025,Sales,348,Sales - Local,,42668.39,
11-12-2025,Receipt,244,HDFC Bank Current A/c,99901.16,,
11-12-2025,Receipt,244,Customer 08,,99901.16,
12-12-2025,Payment,270,Rent,25000.00,,
12-12-2025,Payment,270,HDFC Bank Current A/c,,25000.00,
12-12-2025,Payment,271,Salary,54254.83,,
12-12-2025,Payment,271,HDFC Bank Current A/c,,54254.83,
12-12-2025,Payment,272,Electricity Charges,7450.17,,
12-12-2025,Payment,272,HDFC Bank Current A/c,,7450.17,
12-12-2025,Journal,9,Interest on Unsecured Loans,3000.00,,
12-12-2025,Journal,9,Unsecured Loan - Rajesh Kumar,,2700.00,
12-12-2025,Journal,9,TDS Payable,,300.00,
12-12-2025,Payment,273,TDS Payable,300.00,,
12-12-2025,Payment,273,HDFC Bank Current A/c,,300.00,
12-12-2025,Sales,349,Customer 02,49599.31,,
12-12-2025,Sales,349,Sales - Local,,49599.31,
12-12-2025,Receipt,245,HDFC Bank Current A/c,24228.70,,
12-12-2025,Receipt,245,Customer 03,,24228.70,
12-12-2025,Purchase,183,Purchases - Local,61780.81,,
12-12-2025,Purchase,183,Supplier 06,,61780.81,
12-12-2025,Sales,350,Cash,31197.90,,
12-12-2025,Sales,350,Sales - Local,,31197.90,
13-12-2025,Sales,351,Customer 05,109061.51,,
13-12-2025,Sales,351,Sales - Local,,109061.51,
13-12-2025,Sales,352,Customer 02,57326.56,,
13-12-2025,Sales,352,Sales - Local,,57326.56,
13-12-2025,Sales,353,Cash,9610.19,,
13-12-2025,Sales,353,Sales - Local,,9610.19,
13-12-2025,Receipt,246,HDFC Bank Current A/c,234085.01,,
13-12-2025,Receipt,246,Customer 05,,234085.01,
14-12-2025,Sales,354,Customer 05,159309.42,,
14-12-2025,Sales,354,Sales - Local,,159309.42,
14-12-2025,Payment,274,Supplier 06,17384.68,,
14-12-2025,Payment,274,HDFC Bank Current A/c,,17384.68,
14-12-2025,Payment,275,Supplier 01,103680.95,,
14-12-2025,Payment,275,HDFC Bank Current A/c,,103680.95,
14-12-2025,Sales,355,Customer 06,14576.94,,
14-12-2025,Sales,355,Sales - Local,,14576.94,
15-12-2025,Receipt,247,Cash,7703.52,,
15-12-2025,Receipt,247,Customer 07,,7703.52,
15-12-2025,Sales,356,Customer 02,168101.94,,
15-12-2025,Sales,356,Sales - Local,,168101.94,
15-12-2025,Receipt,248,HDFC Bank Current A/c,72687.23,,
15-12-2025,Receipt,248,Customer 09,,72687.23,
15-12-2025,Payment,276,Supplier 05,12997.32,,
15-12-2025,Payment,276,HDFC Bank Current A/c,,12997.32,
16-12-2025,Purchase,184,Purchases - Local,77704.92,,
16-12-2025,Purchase,184,Supplier 01,,77704.92,
16-12-2025,Receipt,249,HDFC Bank Current A/c,158329.47,,
16-12-2025,Receipt,249,Customer 05,,158329.47,
16-12-2025,Sales,357,Customer 08,138533.56,,
16-12-2025,Sales,357,Sales - Local,,138533.56,
16-12-2025,Sales,358,Customer 08,79550.54,,
16-12-2025,Sales,358,Sales - Local,,79550.54,
17-12-2025,Purchase,185,Purchases - Local,38618.62,,
17-12-2025,Purchase,185,Supplier 05,,38618.62,
17-12-2025,Receipt,250,HDFC Bank Current A/c,1173.80,,
17-12-2025,Receipt,250,Customer 09,,1173.80,
17-12-2025,Sales,359,Cash,18170.47,,
17-12-2025,Sales,359,Sales - Local,,18170.47,
17-12-2025,Receipt,251,HDFC Bank Current A/c,620515.29,,
17-12-2025,Receipt,251,Customer 02,,620515.29,
18-12-2025,Payment,277,Staff Welfare,1913.76,,
18-12-2025,Payment,277,Cash,,1913.76,
18-12-2025,Purchase,186,Purchases - Local,72768.35,,
18-12-2025,Purchase,186,Supplier 02,,72768.35,
18-12-2025,Sales,360,Cash,49088.31,,
18-12-2025,Sales,360,Sales - Local,,49088.31,
18-12-2025,Sales,361,Customer 05,194451.20,,
18-12-2025,Sales,361,Sales - Local,,194451.20,
19-12-2025,Sales,362,Customer 04,49883.84,,
19-12-2025,Sales,362,Sales - Local,,49883.84,
19-12-2025,Sales,363,Customer 02,106497.56,,
19-12-2025,Sales,363,Sales - Local,,106497.56,
19-12-2025,Sales,364,Customer 08,167600.66,,
19-12-2025,Sales,364,Sales - Local,,167600.66,
19-12-2025,Sales,365,Customer 08,32343.52,,
19-12-2025,Sales,365,Sales - Local,,32343.52,
20-12-2025,Payment,278,Staff Welfare,238.12,,
20-12-2025,Payment,278,Cash,,238.12,
20-12-2025,Payment,279,Supplier 02,9912.77,,
20-12-2025,Payment,279,HDFC Bank Current A/c,,9912.77,
20-12-2025,Payment,280,Printing & Stationery,6541.21,,
20-12-2025,Payment,280,Cash,,6541.21,
20-12-2025,Purchase,187,Purchases - Local,68820.36,,
20-12-2025,Purchase,187,Supplier 03,,68820.36,
21-12-2025,Sales,366,Customer 10,5140.96,,
21-12-2025,Sales,366,Sales - Local,,5140.96,
21-12-2025,Payment,281,Bank Charges,197.89,,
21-12-2025,Payment,281,HDFC Bank Current A/c,,197.89,
21-12-2025,Payment,282,Conveyance,8111.10,,
21-12-2025,Payment,282,Cash,,8111.10,
21-12-2025,Sales,367,Customer 06,17730.25,,
21-12-2025,Sales,367,Sales - Local,,17730.25,
22-12-2025,Receipt,252,Cash,10296.72,,
22-12-2025,Receipt,252,Customer 06,,10296.72,
22-12-2025,Receipt,253,HDFC Bank Current A/c,362593.80,,
22-12-2025,Receipt,253,Customer 08,,362593.80,
22-12-2025,Payment,283,Bank Charges,463.83,,
22-12-2025,Payment,283,HDFC Bank Current A/c,,463.83,
22-12-2025,Sales,368,Customer 01,133789.02,,
22-12-2025,Sales,368,Sales - Local,,133789.02,
23-12-2025,Sales,369,Cash,43075.90,,
23-12-2025,Sales,369,Sales - Local,,43075.90,
23-12-2025,Receipt,254,HDFC Bank Current A/c,147706.55,,
23-12-2025,Receipt,254,Customer 06,,147706.55,
23-12-2025,Sales,370,Customer 05,99460.28,,
23-12-2025,Sales,370,Sales - Local,,99460.28,
23-12-2025,Sales,371,Customer 03,145743.86,,
23-12-2025,Sales,371,Sales - Local,,145743.86,
24-12-2025,Purchase,188,Purchases - Local,119916.63,,
24-12-2025,Purchase,188,Supplier 06,,119916.63,
24-12-2025,Sales,372,Cash,20109.21,,
24-12-2025,Sales,372,Sales - Local,,20109.21,
24-12-2025,Sales,373,Cash,18412.13,,
24-12-2025,Sales,373,Sales - Local,,18412.13,
24-12-2025,Receipt,255,HDFC Bank Current A/c,161792.74,,
24-12-2025,Receipt,255,Customer 02,,161792.74,
25-12-2025,Sales,374,Customer 02,24249.21,,
25-12-2025,Sales,374,Sales - Local,,24249.21,
25-12-2025,Sales,375,Customer 06,47312.61,,
25-12-2025,Sales,375,Sales - Local,,47312.61,
25-12-2025,Sales,376,Cash,40982.30,,
25-12-2025,Sales,376,Sales - Local,,40982.30,
25-12-2025,Receipt,256,Cash,9116.30,,
25-12-2025,Receipt,256,Customer 04,,9116.30,
26-12-2025,Receipt,257,HDFC Bank Current A/c,106565.33,,
26-12-2025,Receipt,257,Customer 04,,106565.33,
26-12-2025,Sales,377,Customer 09,178027.35,,
26-12-2025,Sales,377,Sales - Local,,178027.35,
26-12-2025,Sales,378,Customer 04,51264.59,,
26-12-2025,Sales,378,Sales - Local,,51264.59,
26-12-2025,Receipt,258,HDFC Bank Current A/c,82804.18,,
26-12-2025,Receipt,258,Customer 01,,82804.18,
27-12-2025,Payment,284,Supplier 03,112959.05,,
27-12-2025,Payment,284,HDFC Bank Current A/c,,112959.05,
27-12-2025,Sales,379,Customer 09,187051.10,,
27-12-2025,Sales,379,Sales - Local,,187051.10,
27-12-2025,Receipt,259,HDFC Bank Current A/c,275957.86,,
27-12-2025,Receipt,259,Customer 05,,275957.86,
27-12-2025,Sales,380,Customer 08,12677.13,,
27-12-2025,Sales,380,Sales - Local,,12677.13,
28-12-2025,Receipt,260,HDFC Bank Current A/c,371418.82,,
28-12-2025,Receipt,260,Customer 06,,371418.82,
28-12-2025,Receipt,261,HDFC Bank Current A/c,4259.35,,
28-12-2025,Receipt,261,Customer 07,,4259.35,
28-12-2025,Receipt,262,HDFC Bank Current A/c,81142.69,,
28-12-2025,Receipt,262,Customer 01,,81142.69,
28-12-2025,Sales,381,Customer 06,31700.94,,
28-12-2025,Sales,381,Sales - Local,,31700.94,
29-12-2025,Receipt,263,HDFC Bank Current A/c,98614.17,,
29-12-2025,Receipt,263,Customer 06,,98614.17,
29-12-2025,Sales,382,Cash,23801.63,,
29-12-2025,Sales,382,Sales - Local,,23801.63,
29-12-2025,Purchase,189,Purchases - Local,23006.87,,
29-12-2025,Purchase,189,Supplier 05,,23006.87,
29-12-2025,Sales,383,Customer 02,172550.62,,
29-12-2025,Sales,383,Sales - Local,,172550.62,
30-12-2025,Sales,384,Customer 04,116857.64,,
30-12-2025,Sales,384,Sales - Local,,116857.64,
30-12-2025,Sales,385,Cash,42157.71,,
30-12-2025,Sales,385,Sales - Local,,42157.71,
30-12-2025,Sales,386,Customer 04,131249.36,,
30-12-2025,Sales,386,Sales - Local,,131249.36,
30-12-2025,Purchase,190,Purchases - Local,22921.07,,
30-12-2025,Purchase,190,Supplier 03,,22921.07,
31-12-2025,Receipt,264,Cash,4296.18,,
31-12-2025,Receipt,264,Customer 07,,4296.18,
31-12-2025,Sales,387,Cash,30139.96,,
31-12-2025,Sales,387,Sales - Local,,30139.96,
31-12-2025,Receipt,265,HDFC Bank Current A/c,227690.71,,
31-12-2025,Receipt,265,Customer 09,,227690.71,
31-12-2025,Sales,388,Cash,28793.22,,
31-12-2025,Sales,388,Sales - Local,,28793.22,
01-01-2026,Receipt,266,HDFC Bank Current A/c,1680.11,,
01-01-2026,Receipt,266,Customer 08,,1680.11,
01-01-2026,Receipt,267,HDFC Bank Current A/c,3685.32,,
01-01-2026,Receipt,267,Customer 01,,3685.32,
01-01-2026,Receipt,268,HDFC Bank Current A/c,18904.06,,
01-01-2026,Receipt,268,Customer 09,,18904.06,
01-01-2026,Payment,285,Supplier 01,107505.66,,
01-01-2026,Payment,285,HDFC Bank Current A/c,,107505.66,
02-01-2026,Receipt,269,HDFC Bank Current A/c,37083.51,,
02-01-2026,Receipt,269,Customer 05,,37083.51,
02-01-2026,Sales,389,Customer 03,186175.98,,
02-01-2026,Sales,389,Sales - Local,,186175.98,
02-01-2026,Sales,390,Customer 05,74172.30,,
02-01-2026,Sales,390,Sales - Local,,74172.30,
02-01-2026,Sales,391,Cash,4494.50,,
02-01-2026,Sales,391,Sales - Local,,4494.50,
03-01-2026,Receipt,270,HDFC Bank Current A/c,219779.37,,
03-01-2026,Receipt,270,Customer 03,,219779.37,
03-01-2026,Receipt,271,Cash,2723.46,,
03-01-2026,Receipt,271,Customer 05,,2723.46,
03-01-2026,Payment,286,Supplier 01,16768.03,,
03-01-2026,Payment,286,HDFC Bank Current A/c,,16768.03,
03-01-2026,Sales,392,Customer 04,121117.36,,
03-01-2026,Sales,392,Sales - Local,,121117.36,
04-01-2026,Sales,393,Customer 01,160493.13,,
04-01-2026,Sales,393,Sales - Local,,160493.13,
04-01-2026,Receipt,272,HDFC Bank Current A/c,59534.03,,
04-01-2026,Receipt,272,Customer 03,,59534.03,
04-01-2026,Receipt,273,HDFC Bank Current A/c,213138.76,,
04-01-2026,Receipt,273,Customer 01,,213138.76,
04-01-2026,Sales,394,Cash,21876.92,,
04-01-2026,Sales,394,Sales - Local,,21876.92,
05-01-2026,Sales,395,Cash,26295.67,,
05-01-2026,Sales,395,Sales - Local,,26295.67,
05-01-2026,Payment,287,Supplier 03,6208.69,,
05-01-2026,Payment,287,HDFC Bank Current A/c,,6208.69,
05-01-2026,Payment,288,Printing & Stationery,1527.95,,
05-01-2026,Payment,288,Cash,,1527.95,
05-01-2026,Purchase,191,Purchases - Local,100715.92,,
05-01-2026,Purchase,191,Supplier 04,,100715.92,
06-01-2026,Purchase,192,Purchases - Local,80686.77,,
06-01-2026,Purchase,192,Supplier 05,,80686.77,
06-01-2026,Sales,396,Customer 10,51460.94,,
06-01-2026,Sales,396,Sales - Local,,51460.94,
06-01-2026,Purchase,193,Purchases - Local,106574.33,,
06-01-2026,Purchase,193,Supplier 05,,106574.33,
06-01-2026,Receipt,274,Cash,10371.70,,
06-01-2026,Receipt,274,Customer 10,,10371.70,
07-01-2026,Purchase,194,Purchases - Local,20387.86,,
07-01-2026,Purchase,194,Supplier 01,,20387.86,
07-01-2026,Sales,397,Cash,41661.40,,
07-01-2026,Sales,397,Sales - Local,,41661.40,
07-01-2026,Receipt,275,HDFC Bank Current A/c,60736.50,,
07-01-2026,Receipt,275,Customer 04,,60736.50,
07-01-2026,Payment,289,Supplier 04,178757.24,,
07-01-2026,Payment,289,HDFC Bank Current A/c,,178757.24,
08-01-2026,Sales,398,Customer 02,45139.36,,
08-01-2026,Sales,398,Sales - Local,,45139.36,
08-01-2026,Sales,399,Customer 08,13296.46,,
08-01-2026,Sales,399,Sales - Local,,13296.46,
08-01-2026,Sales,400,Customer 08,187535.29,,
08-01-2026,Sales,400,Sales - Local,,187535.29,
08-01-2026,Sales,401,Customer 07,188375.08,,
08-01-2026,Sales,401,Sales - Local,,188375.08,
09-01-2026,Purchase,195,Purchases - Local,90914.52,,
09-01-2026,Purchase,195,Supplier 03,,90914.52,
09-01-2026,Sales,402,Customer 06,130895.38,,
09-01-2026,Sales,402,Sales - Local,,130895.38,
09-01-2026,Purchase,196,Purchases - Local,117402.24,,
09-01-2026,Purchase,196,Supplier 04,,117402.24,
09-01-2026,Payment,290,Telephone Expenses,5347.59,,
09-01-2026,Payment,290,Cash,,5347.59,
10-01-2026,Receipt,276,HDFC Bank Current A/c,86492.30,,
10-01-2026,Receipt,276,Customer 10,,86492.30,
10-01-2026,Payment,291,Staff Welfare,970.01,,
10-01-2026,Payment,291,Cash,,970.01,
10-01-2026,Payment,292,Supplier 01,4081.54,,
10-01-2026,Payment,292,HDFC Bank Current A/c,,4081.54,
10-01-2026,Sales,403,Customer 03,194464.10,,
10-01-2026,Sales,403,Sales - Local,,194464.10,
11-01-2026,Payment,293,Rent,25000.00,,
11-01-2026,Payment,293,HDFC Bank Current A/c,,25000.00,
11-01-2026,Payment,294,Salary,49585.62,,
11-01-2026,Payment,294,HDFC Bank Current A/c,,49585.62,
11-01-2026,Payment,295,Electricity Charges,5876.44,,
11-01-2026,Payment,295,HDFC Bank Current A/c,,5876.44,
11-01-2026,Journal,10,Interest on Unsecured Loans,3000.00,,
11-01-2026,Journal,10,Unsecured Loan - Rajesh Kumar,,2700.00,
11-01-2026,Journal,10,TDS Payable,,300.00,
11-01-2026,Payment,296,TDS Payable,300.00,,
11-01-2026,Payment,296,HDFC Bank Current A/c,,300.00,
11-01-2026,Sales,404,Customer 08,30647.53,,
11-01-2026,Sales,404,Sales - Local,,30647.53,
11-01-2026,Sales,405,Cash,34862.21,,
11-01-2026,Sales,405,Sales - Local,,34862.21,
11-01-2026,Sales,406,Customer 10,116767.96,,
11-01-2026,Sales,406,Sales - Local,,116767.96,
11-01-2026,Payment,297,Printing & Stationery,5971.66,,
11-01-2026,Payment,297,Cash,,5971.66,
12-01-2026,Payment,298,Supplier 01,17476.88,,
12-01-2026,Payment,298,HDFC Bank Current A/c,,17476.88,
12-01-2026,Sales,407,Cash,48302.41,,
12-01-2026,Sales,407,Sales - Local,,48302.41,
12-01-2026,Sales,408,Customer 04,122016.96,,
12-01-2026,Sales,408,Sales - Local,,122016.96,
12-01-2026,Payment,299,Conveyance,4746.93,,
12-01-2026,Payment,299,Cash,,4746.93,
13-01-2026,Purchase,197,Purchases - Local,72045.36,,
13-01-2026,Purchase,197,Supplier 01,,72045.36,
13-01-2026,Payment,300,Telephone Expenses,8002.72,,
13-01-2026,Payment,300,Cash,,8002.72,
13-01-2026,Receipt,277,HDFC Bank Current A/c,153164.50,,
13-01-2026,Receipt,277,Customer 08,,153164.50,
13-01-2026,Purchase,198,Purchases - Local,50910.58,,
13-01-2026,Purchase,198,Supplier 05,,50910.58,
14-01-2026,Receipt,278,Cash,7351.97,,
14-01-2026,Receipt,278,Customer 08,,7351.97,
14-01-2026,Payment,301,Supplier 05,209069.55,,
14-01-2026,Payment,301,HDFC Bank Current A/c,,209069.55,
14-01-2026,Sales,409,Customer 09,152011.64,,
14-01-2026,Sales,409,Sales - Local,,152011.64,
14-01-2026,Receipt,279,HDFC Bank Current A/c,270884.34,,
14-01-2026,Receipt,279,Customer 10,,270884.34,
15-01-2026,Sales,410,Customer 10,23421.42,,
15-01-2026,Sales,410,Sales - Local,,23421.42,
15-01-2026,Receipt,280,HDFC Bank Current A/c,16348.71,,
15-01-2026,Receipt,280,Customer 06,,16348.71,
15-01-2026,Sales,411,Cash,45039.27,,
15-01-2026,Sales,411,Sales - Local,,45039.27,
15-01-2026,Payment,302,Supplier 03,16891.68,,
15-01-2026,Payment,302,HDFC Bank Current A/c,,16891.68,
16-01-2026,Payment,303,Supplier 03,20633.14,,
16-01-2026,Payment,303,HDFC Bank Current A/c,,20633.14,
16-01-2026,Sales,412,Customer 03,112000.21,,
16-01-2026,Sales,412,Sales - Local,,112000.21,
16-01-2026,Sales,413,Customer 08,138765.47,,
16-01-2026,Sales,413,Sales - Local,,138765.47,
16-01-2026,Receipt,281,HDFC Bank Current A/c,278971.74,,
16-01-2026,Receipt,281,Customer 03,,278971.74,
17-01-2026,Receipt,282,HDFC Bank Current A/c,8254.74,,
17-01-2026,Receipt,282,Customer 09,,8254.74,
17-01-2026,Receipt,283,HDFC Bank Current A/c,183919.05,,
17-01-2026,Receipt,283,Customer 03,,183919.05,
17-01-2026,Sales,414,Customer 05,160281.46,,
17-01-2026,Sales,414,Sales - Local,,160281.46,
17-01-2026,Payment,304,Supplier 05,44177.26,,
17-01-2026,Payment,304,HDFC Bank Current A/c,,44177.26,
18-01-2026,Sales,415,Cash,37796.85,,
18-01-2026,Sales,415,Sales - Local,,37796.85,
18-01-2026,Payment,305,Supplier 04,71644.39,,
18-01-2026,Payment,305,HDFC Bank Current A/c,,71644.39,
18-01-2026,Payment,306,Bank Charges,69.39,,
18-01-2026,Payment,306,HDFC Bank Current A/c,,69.39,
19-01-2026,Receipt,284,HDFC Bank Current A/c,2005.41,,
19-01-2026,Receipt,284,Customer 09,,2005.41,
19-01-2026,Payment,307,Office Expenses,9011.38,,
19-01-2026,Payment,307,Cash,,9011.38,
19-01-2026,Receipt,285,HDFC Bank Current A/c,264636.73,,
19-01-2026,Receipt,285,Customer 02,,264636.73,
19-01-2026,Payment,308,Bank Charges,297.68,,
19-01-2026,Payment,308,HDFC Bank Current A/c,,297.68,
20-01-2026,Payment,309,Printing & Stationery,4815.38,,
20-01-2026,Payment,309,Cash,,4815.38,
20-01-2026,Purchase,199,Purchases - Local,72461.98,,
20-01-2026,Purchase,199,Supplier 02,,72461.98,
20-01-2026,Payment,310,Telephone Expenses,4220.58,,
20-01-2026,Payment,310,Cash,,4220.58,
20-01-2026,Receipt,286,HDFC Bank Current A/c,116214.17,,
20-01-2026,Receipt,286,Customer 09,,116214.17,
21-01-2026,Purchase,200,Purchases - Local,7534.21,,
21-01-2026,Purchase,200,Supplier 05,,7534.21,
21-01-2026,Receipt,287,HDFC Bank Current A/c,24035.84,,
21-01-2026,Receipt,287,Customer 08,,24035.84,
21-01-2026,Payment,311,Bank Charges,453.30,,
21-01-2026,Payment,311,HDFC Bank Current A/c,,453.30,
21-01-2026,Purchase,201,Purchases - Local,84214.08,,
21-01-2026,Purchase,201,Supplier 02,,84214.08,
22-01-2026,Payment,312,Supplier 01,7817.90,,
22-01-2026,Payment,312,HDFC Bank Current A/c,,7817.90,
22-01-2026,Payment,313,Conveyance,3468.74,,
22-01-2026,Payment,313,Cash,,3468.74,
22-01-2026,Receipt,288,HDFC Bank Current A/c,81079.68,,
22-01-2026,Receipt,288,Customer 04,,81079.68,
22-01-2026,Sales,416,Customer 02,151464.24,,
22-01-2026,Sales,416,Sales - Local,,151464.24,
23-01-2026,Payment,314,Bank Charges,285.97,,
23-01-2026,Payment,314,HDFC Bank Current A/c,,285.97,
23-01-2026,Payment,315,Printing & Stationery,7778.98,,
23-01-2026,Payment,315,Cash,,7778.98,
23-01-2026,Receipt,289,HDFC Bank Current A/c,69854.22,,
23-01-2026,Receipt,289,Customer 09,,69854.22,
23-01-2026,Receipt,290,HDFC Bank Current A/c,102661.73,,
23-01-2026,Receipt,290,Customer 08,,102661.73,
24-01-2026,Receipt,291,HDFC Bank Current A/c,51233.86,,
24-01-2026,Receipt,291,Customer 05,,51233.86,
24-01-2026,Sales,417,Cash,29581.76,,
24-01-2026,Sales,417,Sales - Local,,29581.76,
24-01-2026,Purchase,202,Purchases - Local,106149.11,,
24-01-2026,Purchase,202,Supplier 01,,106149.11,
25-01-2026,Receipt,292,HDFC Bank Current A/c,3869.23,,
25-01-2026,Receipt,292,Customer 09,,3869.23,
25-01-2026,Purchase,203,Purchases - Local,110337.12,,
25-01-2026,Purchase,203,Supplier 02,,110337.12,
25-01-2026,Sales,418,Cash,35091.60,,
25-01-2026,Sales,418,Sales - Local,,35091.60,
25-01-2026,Payment,316,Office Expenses,9005.84,,
25-01-2026,Payment,316,Cash,,9005.84,
26-01-2026,Sales,419,Cash,36121.17,,
26-01-2026,Sales,419,Sales - Local,,36121.17,
26-01-2026,Purchase,204,Purchases - Local,77875.96,,
26-01-2026,Purchase,204,Supplier 01,,77875.96,
26-01-2026,Payment,317,Supplier 04,53121.41,,
26-01-2026,Payment,317,HDFC Bank Current A/c,,53121.41,
26-01-2026,Sales,420,Cash,7888.31,,
26-01-2026,Sales,420,Sales - Local,,7888.31,
27-01-2026,Purchase,205,Purchases - Local,18271.32,,
27-01-2026,Purchase,205,Supplier 03,,18271.32,
27-01-2026,Sales,421,Customer 10,41793.89,,
27-01-2026,Sales,421,Sales - Local,,41793.89,
27-01-2026,Sales,422,Cash,43181.07,,
27-01-2026,Sales,422,Sales - Local,,43181.07,
27-01-2026,Receipt,293,HDFC Bank Current A/c,81076.44,,
27-01-2026,Receipt,293,Customer 02,,81076.44,
28-01-2026,Sales,423,Customer 07,13770.00,,
28-01-2026,Sales,423,Sales - Local,,13770.00,
28-01-2026,Sales,424,Customer 08,29274.43,,
28-01-2026,Sales,424,Sales - Local,,29274.43,
28-01-2026,Receipt,294,HDFC Bank Current A/c,132324.24,,
28-01-2026,Receipt,294,Customer 07,,132324.24,
28-01-2026,Sales,425,Cash,49693.38,,
28-01-2026,Sales,425,Sales - Local,,49693.38,
29-01-2026,Purchase,206,Purchases - Local,71131.15,,
29-01-2026,Purchase,206,Supplier 03,,71131.15,
29-01-2026,Sales,426,Customer 08,159079.11,,
29-01-2026,Sales,426,Sales - Local,,159079.11,
29-01-2026,Receipt,295,HDFC Bank Current A/c,1098.77,,
29-01-2026,Receipt,295,Customer 03,,1098.77,
29-01-2026,Receipt,296,HDFC Bank Current A/c,350993.09,,
29-01-2026,Receipt,296,Customer 05,,350993.09,
30-01-2026,Payment,318,Printing & Stationery,3901.50,,
30-01-2026,Payment,318,Cash,,3901.50,
30-01-2026,Sales,427,Cash,44129.90,,
30-01-2026,Sales,427,Sales - Local,,44129.90,
30-01-2026,Receipt,297,Cash,12458.42,,
30-01-2026,Receipt,297,Customer 08,,12458.42,
30-01-2026,Receipt,298,HDFC Bank Current A/c,68194.28,,
30-01-2026,Receipt,298,Customer 07,,68194.28,
31-01-2026,Sales,428,Customer 10,187517.59,,
31-01-2026,Sales,428,Sales - Local,,187517.59,
31-01-2026,Sales,429,Cash,45456.36,,
31-01-2026,Sales,429,Sales - Local,,45456.36,
31-01-2026,Purchase,207,Purchases - Local,99737.47,,
31-01-2026,Purchase,207,Supplier 04,,99737.47,
31-01-2026,Payment,319,Telephone Expenses,6835.09,,
31-01-2026,Payment,319,Cash,,6835.09,
01-02-2026,Sales,430,Customer 05,53756.42,,
01-02-2026,Sales,430,Sales - Local,,53756.42,
01-02-2026,Receipt,299,Cash,7046.25,,
01-02-2026,Receipt,299,Customer 08,,7046.25,
01-02-2026,Purchase,208,Purchases - Local,106063.36,,
01-02-2026,Purchase,208,Supplier 03,,106063.36,
02-02-2026,Sales,431,Cash,26782.32,,
02-02-2026,Sales,431,Sales - Local,,26782.32,
02-02-2026,Sales,432,Customer 05,127060.41,,
02-02-2026,Sales,432,Sales - Local,,127060.41,
02-02-2026,Payment,320,Bank Charges,443.23,,
02-02-2026,Payment,320,HDFC Bank Current A/c,,443.23,
02-02-2026,Purchase,209,Purchases - Local,15493.92,,
02-02-2026,Purchase,209,Supplier 05,,15493.92,
03-02-2026,Purchase,210,Purchases - Local,26278.75,,
03-02-2026,Purchase,210,Supplier 03,,26278.75,
03-02-2026,Sales,433,Cash,14740.08,,
03-02-2026,Sales,433,Sales - Local,,14740.08,
03-02-2026,Payment,321,Office Expenses,197.96,,
03-02-2026,Payment,321,Cash,,197.96,
03-02-2026,Sales,434,Customer 02,24881.85,,
03-02-2026,Sales,434,Sales - Local,,24881.85,
04-02-2026,Payment,322,Supplier 03,264785.49,,
04-02-2026,Payment,322,HDFC Bank Current A/c,,264785.49,
04-02-2026,Purchase,211,Purchases - Local,21139.66,,
04-02-2026,Purchase,211,Supplier 03,,21139.66,
04-02-2026,Sales,435,Cash,12326.32,,
04-02-2026,Sales,435,Sales - Local,,12326.32,
04-02-2026,Purchase,212,Purchases - Local,25390.40,,
04-02-2026,Purchase,212,Supplier 01,,25390.40,
05-02-2026,Sales,436,Cash,14262.11,,
05-02-2026,Sales,436,Sales - Local,,14262.11,
05-02-2026,Sales,437,Cash,27420.38,,
05-02-2026,Sales,437,Sales - Local,,27420.38,
05-02-2026,Sales,438,Customer 03,13911.06,,
05-02-2026,Sales,438,Sales - Local,,13911.06,
05-02-2026,Payment,323,Supplier 04,21817.88,,
05-02-2026,Payment,323,HDFC Bank Current A/c,,21817.88,
06-02-2026,Sales,439,Customer 10,148979.52,,
06-02-2026,Sales,439,Sales - Local,,148979.52,
06-02-2026,Sales,440,Customer 10,141593.24,,
06-02-2026,Sales,440,Sales - Local,,141593.24,
06-02-2026,Sales,441,Customer 10,141763.16,,
06-02-2026,Sales,441,Sales - Local,,141763.16,
06-02-2026,Receipt,300,HDFC Bank Current A/c,47545.53,,
06-02-2026,Receipt,300,Customer 02,,47545.53,
07-02-2026,Sales,442,Cash,43575.27,,
07-02-2026,Sales,442,Sales - Local,,43575.27,
07-02-2026,Payment,324,Office Expenses,9764.38,,
07-02-2026,Payment,324,Cash,,9764.38,
07-02-2026,Payment,325,Supplier 03,91224.52,,
07-02-2026,Payment,325,HDFC Bank Current A/c,,91224.52,
07-02-2026,Sales,443,Cash,47630.91,,
07-02-2026,Sales,443,Sales - Local,,47630.91,
08-02-2026,Purchase,213,Purchases - Local,51198.62,,
08-02-2026,Purchase,213,Supplier 02,,51198.62,
08-02-2026,Sales,444,Customer 08,96454.02,,
08-02-2026,Sales,444,Sales - Local,,96454.02,
08-02-2026,Receipt,301,HDFC Bank Current A/c,24177.39,,
08-02-2026,Receipt,301,Customer 10,,24177.39,
08-02-2026,Sales,445,Customer 08,11207.93,,
08-02-2026,Sales,445,Sales - Local,,11207.93,
09-02-2026,Purchase,214,Purchases - Local,93966.93,,
09-02-2026,Purchase,214,Supplier 03,,93966.93,
09-02-2026,Receipt,302,HDFC Bank Current A/c,154964.33,,
09-02-2026,Receipt,302,Customer 04,,154964.33,
09-02-2026,Sales,446,Customer 02,58617.69,,
09-02-2026,Sales,446,Sales - Local,,58617.69,
09-02-2026,Receipt,303,Cash,5493.24,,
09-02-2026,Receipt,303,Customer 08,,5493.24,
10-02-2026,Payment,326,Rent,25000.00,,
10-02-2026,Payment,326,HDFC Bank Current A/c,,25000.00,
10-02-2026,Payment,327,Salary,40167.65,,
10-02-2026,Payment,327,HDFC Bank Current A/c,,40167.65,
10-02-2026,Payment,328,Electricity Charges,7744.43,,
10-02-2026,Payment,328,HDFC Bank Current A/c,,7744.43,
10-02-2026,Journal,11,Interest on Unsecured Loans,3000.00,,
10-02-2026,Journal,11,Unsecured Loan - Rajesh Kumar,,2700.00,
10-02-2026,Journal,11,TDS Payable,,300.00,
10-02-2026,Payment,329,TDS Payable,300.00,,
10-02-2026,Payment,329,HDFC Bank Current A/c,,300.00,
10-02-2026,Sales,447,Cash,33224.18,,
10-02-2026,Sales,447,Sales - Local,,33224.18,
10-02-2026,Payment,330,Office Expenses,9232.26,,
10-02-2026,Payment,330,Cash,,9232.26,
10-02-2026,Sales,448,Customer 07,91820.94,,
10-02-2026,Sales,448,Sales - Local,,91820.94,
11-02-2026,Sales,449,Customer 10,130282.99,,
11-02-2026,Sales,449,Sales - Local,,130282.99,
11-02-2026,Receipt,304,HDFC Bank Current A/c,141215.61,,
11-02-2026,Receipt,304,Customer 05,,141215.61,
11-02-2026,Receipt,305,HDFC Bank Current A/c,7185.13,,
11-02-2026,Receipt,305,Customer 03,,7185.13,
11-02-2026,Sales,450,Cash,4970.63,,
11-02-2026,Sales,450,Sales - Local,,4970.63,
12-02-2026,Sales,451,Customer 09,56627.71,,
12-02-2026,Sales,451,Sales - Local,,56627.71,
12-02-2026,Purchase,215,Purchases - Local,61305.65,,
12-02-2026,Purchase,215,Supplier 06,,61305.65,
12-02-2026,Sales,452,Cash,17779.41,,
12-02-2026,Sales,452,Sales - Local,,17779.41,
12-02-2026,Sales,453,Cash,30947.76,,
12-02-2026,Sales,453,Sales - Local,,30947.76,
13-02-2026,Receipt,306,Cash,6526.69,,
13-02-2026,Receipt,306,Customer 03,,6526.69,
13-02-2026,Sales,454,Cash,41832.69,,
13-02-2026,Sales,454,Sales - Local,,41832.69,
13-02-2026,Receipt,307,Cash,14226.96,,
13-02-2026,Receipt,307,Customer 07,,14226.96,
13-02-2026,Purchase,216,Purchases - Local,45826.89,,
13-02-2026,Purchase,216,Supplier 05,,45826.89,
14-02-2026,Purchase,217,Purchases - Local,108100.63,,
14-02-2026,Purchase,217,Supplier 04,,108100.63,
14-02-2026,Payment,331,Staff Welfare,6341.44,,
14-02-2026,Payment,331,Cash,,6341.44,
14-02-2026,Payment,332,Supplier 06,303682.50,,
14-02-2026,Payment,332,HDFC Bank Current A/c,,303682.50,
14-02-2026,Receipt,308,HDFC Bank Current A/c,64259.47,,
14-02-2026,Receipt,308,Customer 07,,64259.47,
15-02-2026,Payment,333,Supplier 06,53284.88,,
15-02-2026,Payment,333,HDFC Bank Current A/c,,53284.88,
15-02-2026,Receipt,309,HDFC Bank Current A/c,38038.89,,
15-02-2026,Receipt,309,Customer 07,,38038.89,
15-02-2026,Sales,455,Customer 07,198713.34,,
15-02-2026,Sales,455,Sales - Local,,198713.34,
15-02-2026,Purchase,218,Purchases - Local,119836.60,,
15-02-2026,Purchase,218,Supplier 06,,119836.60,
16-02-2026,Receipt,310,HDFC Bank Current A/c,177038.94,,
16-02-2026,Receipt,310,Customer 04,,177038.94,
16-02-2026,Receipt,311,HDFC Bank Current A/c,562501.02,,
16-02-2026,Receipt,311,Customer 10,,562501.02,
16-02-2026,Receipt,312,HDFC Bank Current A/c,84919.24,,
16-02-2026,Receipt,312,Customer 04,,84919.24,
16-02-2026,Sales,456,Customer 10,155813.35,,
16-02-2026,Sales,456,Sales - Local,,155813.35,
17-02-2026,Receipt,313,HDFC Bank Current A/c,60423.67,,
17-02-2026,Receipt,313,Customer 09,,60423.67,
17-02-2026,Receipt,314,HDFC Bank Current A/c,180585.43,,
17-02-2026,Receipt,314,Customer 08,,180585.43,
17-02-2026,Payment,334,Supplier 02,117094.33,,
17-02-2026,Payment,334,HDFC Bank Current A/c,,117094.33,
17-02-2026,Purchase,219,Purchases - Local,28472.64,,
17-02-2026,Purchase,219,Supplier 03,,28472.64,
18-02-2026,Purchase,220,Purchases - Local,109821.14,,
18-02-2026,Purchase,220,Supplier 01,,109821.14,
18-02-2026,Purchase,221,Purchases - Local,42187.14,,
18-02-2026,Purchase,221,Supplier 06,,42187.14,
18-02-2026,Payment,335,Printing & Stationery,3538.52,,
18-02-2026,Payment,335,Cash,,3538.52,
18-02-2026,Payment,336,Office Expenses,2816.86,,
18-02-2026,Payment,336,Cash,,2816.86,
19-02-2026,Receipt,315,HDFC Bank Current A/c,239783.70,,
19-02-2026,Receipt,315,Customer 08,,239783.70,
19-02-2026,Payment,337,Office Expenses,1430.95,,
19-02-2026,Payment,337,Cash,,1430.95,
19-02-2026,Purchase,222,Purchases - Local,43733.26,,
19-02-2026,Purchase,222,Supplier 03,,43733.26,
19-02-2026,Payment,338,Supplier 02,384231.93,,
19-02-2026,Payment,338,HDFC Bank Current A/c,,384231.93,
20-02-2026,Receipt,316,HDFC Bank Current A/c,2723.41,,
20-02-2026,Receipt,316,Interest Received,,2723.41,
20-02-2026,Receipt,317,HDFC Bank Current A/c,126105.89,,
20-02-2026,Receipt,317,Customer 02,,126105.89,
20-02-2026,Payment,339,Telephone Expenses,8146.57,,
20-02-2026,Payment,339,Cash,,8146.57,
21-02-2026,Receipt,318,HDFC Bank Current A/c,33675.07,,
21-02-2026,Receipt,318,Customer 05,,33675.07,
21-02-2026,Payment,340,Printing & Stationery,1920.39,,
21-02-2026,Payment,340,Cash,,1920.39,
21-02-2026,Sales,457,Customer 09,133074.23,,
21-02-2026,Sales,457,Sales - Local,,133074.23,
21-02-2026,Payment,341,Office Expenses,2475.27,,
21-02-2026,Payment,341,Cash,,2475.27,
22-02-2026,Purchase,223,Purchases - Local,100991.70,,
22-02-2026,Purchase,223,Supplier 01,,100991.70,
22-02-2026,Payment,342,Telephone Expenses,1983.59,,
22-02-2026,Payment,342,Cash,,1983.59,
22-02-2026,Receipt,319,HDFC Bank Current A/c,4197.55,,
22-02-2026,Receipt,319,Customer 08,,4197.55,
22-02-2026,Sales,458,Customer 09,84466.34,,
22-02-2026,Sales,458,Sales - Local,,84466.34,
23-02-2026,Purchase,224,Purchases - Local,109984.20,,
23-02-2026,Purchase,224,Supplier 03,,109984.20,
23-02-2026,Sales,459,Customer 09,38440.96,,
23-02-2026,Sales,459,Sales - Local,,38440.96,
23-02-2026,Sales,460,Customer 01,126631.86,,
23-02-2026,Sales,460,Sales - Local,,126631.86,
23-02-2026,Receipt,320,HDFC Bank Current A/c,10434.38,,
23-02-2026,Receipt,320,Customer 01,,10434.38,
24-02-2026,Payment,343,Supplier 04,128447.48,,
24-02-2026,Payment,343,HDFC Bank Current A/c,,128447.48,
24-02-2026,Sales,461,Customer 05,68326.82,,
24-02-2026,Sales,461,Sales - Local,,68326.82,
24-02-2026,Sales,462,Cash,20669.95,,
24-02-2026,Sales,462,Sales - Local,,20669.95,
24-02-2026,Sales,463,Customer 06,134033.75,,
24-02-2026,Sales,463,Sales - Local,,134033.75,
25-02-2026,Sales,464,Cash,27350.90,,
25-02-2026,Sales,464,Sales - Local,,27350.90,
25-02-2026,Purchase,225,Purchases - Local,49163.73,,
25-02-2026,Purchase,225,Supplier 06,,49163.73,
25-02-2026,Receipt,321,HDFC Bank Current A/c,16674.34,,
25-02-2026,Receipt,321,Customer 05,,16674.34,
25-02-2026,Sales,465,Customer 09,187373.17,,
25-02-2026,Sales,465,Sales - Local,,187373.17,
26-02-2026,Purchase,226,Purchases - Local,69880.12,,
26-02-2026,Purchase,226,Supplier 03,,69880.12,
26-02-2026,Receipt,322,HDFC Bank Current A/c,27985.75,,
26-02-2026,Receipt,322,Customer 02,,27985.75,
26-02-2026,Payment,344,Supplier 02,33352.35,,
26-02-2026,Payment,344,HDFC Bank Current A/c,,33352.35,
27-02-2026,Payment,345,Printing & Stationery,433.17,,
27-02-2026,Payment,345,Cash,,433.17,
27-02-2026,Sales,466,Customer 02,63796.69,,
27-02-2026,Sales,466,Sales - Local,,63796.69,
27-02-2026,Receipt,323,HDFC Bank Current A/c,203353.03,,
27-02-2026,Receipt,323,Customer 07,,203353.03,
27-02-2026,Purchase,227,Purchases - Local,99207.35,,
27-02-2026,Purchase,227,Supplier 02,,99207.35,
28-02-2026,Payment,346,Supplier 05,17934.13,,
28-02-2026,Payment,346,HDFC Bank Current A/c,,17934.13,
28-02-2026,Sales,467,Customer 06,156010.24,,
28-02-2026,Sales,467,Sales - Local,,156010.24,
28-02-2026,Receipt,324,Cash,3772.94,,
28-02-2026,Receipt,324,Customer 04,,3772.94,
28-02-2026,Receipt,325,Cash,12268.76,,
28-02-2026,Receipt,325,Customer 05,,12268.76,
01-03-2026,Purchase,228,Purchases - Local,97063.43,,
01-03-2026,Purchase,228,Supplier 06,,97063.43,
01-03-2026,Purchase,229,Purchases - Local,58046.51,,
01-03-2026,Purchase,229,Supplier 06,,58046.51,
01-03-2026,Sales,468,Customer 02,90179.07,,
01-03-2026,Sales,468,Sales - Local,,90179.07,
01-03-2026,Payment,347,Supplier 01,74138.07,,
01-03-2026,Payment,347,HDFC Bank Current A/c,,74138.07,
02-03-2026,Purchase,230,Purchases - Local,112462.32,,
02-03-2026,Purchase,230,Supplier 04,,112462.32,
02-03-2026,Sales,469,Customer 05,196052.84,,
02-03-2026,Sales,469,Sales - Local,,196052.84,
02-03-2026,Purchase,231,Purchases - Local,27450.64,,
02-03-2026,Purchase,231,Supplier 06,,27450.64,
03-03-2026,Payment,348,Supplier 06,200273.29,,
03-03-2026,Payment,348,HDFC Bank Current A/c,,200273.29,
03-03-2026,Receipt,326,Cash,10034.36,,
03-03-2026,Receipt,326,Customer 07,,10034.36,
03-03-2026,Sales,470,Cash,605.53,,
03-03-2026,Sales,470,Sales - Local,,605.53,
03-03-2026,Payment,349,Supplier 03,314960.47,,
03-03-2026,Payment,349,HDFC Bank Current A/c,,314960.47,
04-03-2026,Sales,471,Customer 07,49760.61,,
04-03-2026,Sales,471,Sales - Local,,49760.61,
04-03-2026,Sales,472,Customer 06,114664.58,,
04-03-2026,Sales,472,Sales - Local,,114664.58,
04-03-2026,Sales,473,Cash,28897.30,,
04-03-2026,Sales,473,Sales - Local,,28897.30,
04-03-2026,Purchase,232,Purchases - Local,91290.72,,
04-03-2026,Purchase,232,Supplier 03,,91290.72,
05-03-2026,Sales,474,Cash,21659.15,,
05-03-2026,Sales,474,Sales - Local,,21659.15,
05-03-2026,Sales,475,Cash,37860.01,,
05-03-2026,Sales,475,Sales - Local,,37860.01,
05-03-2026,Sales,476,Customer 03,121359.09,,
05-03-2026,Sales,476,Sales - Local,,121359.09,
05-03-2026,Payment,350,Conveyance,5364.55,,
05-03-2026,Payment,350,Cash,,5364.55,
06-03-2026,Payment,351,Printing & Stationery,5990.42,,
06-03-2026,Payment,351,Cash,,5990.42,
06-03-2026,Payment,352,Supplier 04,171143.31,,
06-03-2026,Payment,352,HDFC Bank Current A/c,,171143.31,
06-03-2026,Sales,477,Customer 05,95145.92,,
06-03-2026,Sales,477,Sales - Local,,95145.92,
06-03-2026,Receipt,327,Cash,5044.07,,
06-03-2026,Receipt,327,Customer 01,,5044.07,
07-03-2026,Sales,478,Customer 01,91996.26,,
07-03-2026,Sales,478,Sales - Local,,91996.26,
07-03-2026,Purchase,233,Purchases - Local,117330.64,,
07-03-2026,Purchase,233,Supplier 06,,117330.64,
07-03-2026,Payment,353,Bank Charges,139.90,,
07-03-2026,Payment,353,HDFC Bank Current A/c,,139.90,
07-03-2026,Payment,354,Supplier 03,177789.93,,
07-03-2026,Payment,354,HDFC Bank Current A/c,,177789.93,
08-03-2026,Payment,355,Supplier 02,286772.51,,
08-03-2026,Payment,355,HDFC Bank Current A/c,,286772.51,
08-03-2026,Sales,479,Customer 07,59283.93,,
08-03-2026,Sales,479,Sales - Local,,59283.93,
08-03-2026,Payment,356,Staff Welfare,6373.53,,
08-03-2026,Payment,356,Cash,,6373.53,
08-03-2026,Receipt,328,HDFC Bank Current A/c,280939.66,,
08-03-2026,Receipt,328,Customer 05,,280939.66,
09-03-2026,Receipt,329,HDFC Bank Current A/c,61953.84,,
09-03-2026,Receipt,329,Customer 03,,61953.84,
09-03-2026,Purchase,234,Purchases - Local,37586.30,,
09-03-2026,Purchase,234,Supplier 01,,37586.30,
09-03-2026,Sales,480,Cash,22465.75,,
09-03-2026,Sales,480,Sales - Local,,22465.75,
09-03-2026,Payment,357,Bank Charges,333.12,,
09-03-2026,Payment,357,HDFC Bank Current A/c,,333.12,
10-03-2026,Receipt,330,HDFC Bank Current A/c,32097.61,,
10-03-2026,Receipt,330,Customer 04,,32097.61,
10-03-2026,Payment,358,Supplier 03,37484.50,,
10-03-2026,Payment,358,HDFC Bank Current A/c,,37484.50,
10-03-2026,Payment,359,Conveyance,444.53,,
10-03-2026,Payment,359,Cash,,444.53,
10-03-2026,Payment,360,Telephone Expenses,4364.54,,
10-03-2026,Payment,360,Cash,,4364.54,
11-03-2026,Purchase,235,Purchases - Local,26933.98,,
11-03-2026,Purchase,235,Supplier 05,,26933.98,
11-03-2026,Sales,481,Cash,14433.74,,
11-03-2026,Sales,481,Sales - Local,,14433.74,
11-03-2026,Purchase,236,Purchases - Local,18111.37,,
11-03-2026,Purchase,236,Supplier 05,,18111.37,
11-03-2026,Payment,361,Supplier 01,442805.53,,
11-03-2026,Payment,361,HDFC Bank Current A/c,,442805.53,
12-03-2026,Payment,362,Rent,25000.00,,
12-03-2026,Payment,362,HDFC Bank Current A/c,,25000.00,
12-03-2026,Payment,363,Salary,41408.58,,
12-03-2026,Payment,363,HDFC Bank Current A/c,,41408.58,
12-03-2026,Payment,364,Electricity Charges,7496.21,,
12-03-2026,Payment,364,HDFC Bank Current A/c,,7496.21,
12-03-2026,Journal,12,Interest on Unsecured Loans,3000.00,,
12-03-2026,Journal,12,Unsecured Loan - Rajesh Kumar,,2700.00,
12-03-2026,Journal,12,TDS Payable,,300.00,
12-03-2026,Payment,365,TDS Payable,300.00,,
12-03-2026,Payment,365,HDFC Bank Current A/c,,300.00,
12-03-2026,Sales,482,Customer 09,168972.98,,
12-03-2026,Sales,482,Sales - Local,,168972.98,
12-03-2026,Purchase,237,Purchases - Local,80404.70,,
12-03-2026,Purchase,237,Supplier 03,,80404.70,
12-03-2026,Receipt,331,HDFC Bank Current A/c,65776.26,,
12-03-2026,Receipt,331,Customer 02,,65776.26,
12-03-2026,Sales,483,Customer 08,148930.45,,
12-03-2026,Sales,483,Sales - Local,,148930.45,
13-03-2026,Payment,366,Office Expenses,7061.28,,
13-03-2026,Payment,366,Cash,,7061.28,
13-03-2026,Purchase,238,Purchases - Local,106453.16,,
13-03-2026,Purchase,238,Supplier 01,,106453.16,
13-03-2026,Payment,367,Supplier 02,53218.28,,
13-03-2026,Payment,367,HDFC Bank Current A/c,,53218.28,
13-03-2026,Receipt,332,HDFC Bank Current A/c,4792.01,,
13-03-2026,Receipt,332,Customer 05,,4792.01,
14-03-2026,Sales,484,Customer 05,179374.18,,
14-03-2026,Sales,484,Sales - Local,,179374.18,
14-03-2026,Sales,485,Cash,47296.21,,
14-03-2026,Sales,485,Sales - Local,,47296.21,
14-03-2026,Sales,486,Customer 07,196270.93,,
14-03-2026,Sales,486,Sales - Local,,196270.93,
14-03-2026,Receipt,333,HDFC Bank Current A/c,142560.68,,
14-03-2026,Receipt,333,Customer 08,,142560.68,
15-03-2026,Payment,368,Conveyance,4489.89,,
15-03-2026,Payment,368,Cash,,4489.89,
15-03-2026,Receipt,334,HDFC Bank Current A/c,8331.63,,
15-03-2026,Receipt,334,Interest Received,,8331.63,
15-03-2026,Sales,487,Customer 10,43798.94,,
15-03-2026,Sales,487,Sales - Local,,43798.94,
16-03-2026,Receipt,335,HDFC Bank Current A/c,36685.35,,
16-03-2026,Receipt,335,Customer 03,,36685.35,
16-03-2026,Payment,369,Supplier 03,83942.64,,
16-03-2026,Payment,369,HDFC Bank Current A/c,,83942.64,
16-03-2026,Receipt,336,HDFC Bank Current A/c,74867.15,,
16-03-2026,Receipt,336,Customer 10,,74867.15,
16-03-2026,Sales,488,Cash,12454.69,,
16-03-2026,Sales,488,Sales - Local,,12454.69,
17-03-2026,Sales,489,Customer 05,110985.43,,
17-03-2026,Sales,489,Sales - Local,,110985.43,
17-03-2026,Purchase,239,Purchases - Local,37703.69,,
17-03-2026,Purchase,239,Supplier 06,,37703.69,
17-03-2026,Receipt,337,HDFC Bank Current A/c,91961.84,,
17-03-2026,Receipt,337,Customer 01,,91961.84,
17-03-2026,Sales,490,Cash,2745.46,,
17-03-2026,Sales,490,Sales - Local,,2745.46,
18-03-2026,Sales,491,Customer 01,81609.01,,
18-03-2026,Sales,491,Sales - Local,,81609.01,
18-03-2026,Receipt,338,HDFC Bank Current A/c,1390.43,,
18-03-2026,Receipt,338,Interest Received,,1390.43,
18-03-2026,Receipt,339,HDFC Bank Current A/c,38480.66,,
18-03-2026,Receipt,339,Customer 05,,38480.66,
18-03-2026,Payment,370,Supplier 05,123842.26,,
18-03-2026,Payment,370,HDFC Bank Current A/c,,123842.26,
19-03-2026,Payment,371,Supplier 02,40625.90,,
19-03-2026,Payment,371,HDFC Bank Current A/c,,40625.90,
19-03-2026,Payment,372,Bank Charges,36.45,,
19-03-2026,Payment,372,HDFC Bank Current A/c,,36.45,
19-03-2026,Purchase,240,Purchases - Local,107772.15,,
19-03-2026,Purchase,240,Supplier 04,,107772.15,
19-03-2026,Purchase,241,Purchases - Local,18510.63,,
19-03-2026,Purchase,241,Supplier 04,,18510.63,
20-03-2026,Purchase,242,Purchases - Local,77917.28,,
20-03-2026,Purchase,242,Supplier 01,,77917.28,
20-03-2026,Sales,492,Customer 09,131675.12,,
20-03-2026,Sales,492,Sales - Local,,131675.12,
20-03-2026,Purchase,243,Purchases - Local,115482.51,,
20-03-2026,Purchase,243,Supplier 01,,115482.51,
20-03-2026,Payment,373,Office Expenses,9537.08,,
20-03-2026,Payment,373,Cash,,9537.08,
21-03-2026,Receipt,340,HDFC Bank Current A/c,57634.38,,
21-03-2026,Receipt,340,Customer 10,,57634.38,
21-03-2026,Sales,493,Customer 04,127946.83,,
21-03-2026,Sales,493,Sales - Local,,127946.83,
21-03-2026,Payment,374,Supplier 03,1027.62,,
21-03-2026,Payment,374,HDFC Bank Current A/c,,1027.62,
21-03-2026,Sales,494,Customer 05,168578.22,,
21-03-2026,Sales,494,Sales - Local,,168578.22,
22-03-2026,Sales,495,Customer 05,161857.97,,
22-03-2026,Sales,495,Sales - Local,,161857.97,
22-03-2026,Sales,496,Cash,34174.76,,
22-03-2026,Sales,496,Sales - Local,,34174.76,
22-03-2026,Sales,497,Cash,32106.22,,
22-03-2026,Sales,497,Sales - Local,,32106.22,
22-03-2026,Sales,498,Cash,4760.81,,
22-03-2026,Sales,498,Sales - Local,,4760.81,
23-03-2026,Purchase,244,Purchases - Local,52636.39,,
23-03-2026,Purchase,244,Supplier 03,,52636.39,
23-03-2026,Payment,375,Supplier 04,71704.90,,
23-03-2026,Payment,375,HDFC Bank Current A/c,,71704.90,
23-03-2026,Sales,499,Customer 09,117984.79,,
23-03-2026,Sales,499,Sales - Local,,117984.79,
23-03-2026,Payment,376,Telephone Expenses,9206.51,,
23-03-2026,Payment,376,Cash,,9206.51,
24-03-2026,Sales,500,Cash,37920.64,,
24-03-2026,Sales,500,Sales - Local,,37920.64,
24-03-2026,Sales,501,Customer 06,179774.73,,
24-03-2026,Sales,501,Sales - Local,,179774.73,
24-03-2026,Sales,502,Customer 10,86254.68,,
24-03-2026,Sales,502,Sales - Local,,86254.68,
24-03-2026,Receipt,341,HDFC Bank Current A/c,438486.48,,
24-03-2026,Receipt,341,Customer 05,,438486.48,
25-03-2026,Payment,377,Supplier 06,389514.04,,
25-03-2026,Payment,377,HDFC Bank Current A/c,,389514.04,
25-03-2026,Sales,503,Cash,22004.35,,
25-03-2026,Sales,503,Sales - Local,,22004.35,
25-03-2026,Payment,378,Supplier 04,3016.27,,
25-03-2026,Payment,378,HDFC Bank Current A/c,,3016.27,
25-03-2026,Receipt,342,HDFC Bank Current A/c,315835.88,,
25-03-2026,Receipt,342,Customer 10,,315835.88,
26-03-2026,Payment,379,Supplier 01,174869.19,,
26-03-2026,Payment,379,HDFC Bank Current A/c,,174869.19,
26-03-2026,Sales,504,Customer 04,14376.04,,
26-03-2026,Sales,504,Sales - Local,,14376.04,
26-03-2026,Purchase,245,Purchases - Local,76866.15,,
26-03-2026,Purchase,245,Supplier 01,,76866.15,
26-03-2026,Payment,380,Office Expenses,438.92,,
26-03-2026,Payment,380,Cash,,438.92,
27-03-2026,Purchase,246,Purchases - Local,88723.84,,
27-03-2026,Purchase,246,Supplier 06,,88723.84,
27-03-2026,Sales,505,Customer 06,140203.24,,
27-03-2026,Sales,505,Sales - Local,,140203.24,
27-03-2026,Sales,506,Customer 01,169477.25,,
27-03-2026,Sales,506,Sales - Local,,169477.25,
27-03-2026,Sales,507,Cash,29080.17,,
27-03-2026,Sales,507,Sales - Local,,29080.17,
28-03-2026,Receipt,343,HDFC Bank Current A/c,141756.18,,
28-03-2026,Receipt,343,Customer 04,,141756.18,
28-03-2026,Purchase,247,Purchases - Local,25875.78,,
28-03-2026,Purchase,247,Supplier 06,,25875.78,
28-03-2026,Purchase,248,Purchases - Local,52966.29,,
28-03-2026,Purchase,248,Supplier 02,,52966.29,
28-03-2026,Receipt,344,HDFC Bank Current A/c,5007.97,,
28-03-2026,Receipt,344,Customer 03,,5007.97,
29-03-2026,Sales,508,Customer 07,132702.51,,
29-03-2026,Sales,508,Sales - Local,,132702.51,
29-03-2026,Purchase,249,Purchases - Local,17749.90,,
29-03-2026,Purchase,249,Supplier 04,,17749.90,
29-03-2026,Receipt,345,HDFC Bank Current A/c,4902.86,,
29-03-2026,Receipt,345,Customer 04,,4902.86,
29-03-2026,Receipt,346,HDFC Bank Current A/c,514187.72,,
29-03-2026,Receipt,346,Customer 09,,514187.72,
30-03-2026,Sales,509,Cash,17406.68,,
30-03-2026,Sales,509,Sales - Local,,17406.68,
30-03-2026,Purchase,250,Purchases - Local,40398.50,,
30-03-2026,Purchase,250,Supplier 02,,40398.50,
30-03-2026,Payment,381,Conveyance,7438.10,,
30-03-2026,Payment,381,Cash,,7438.10,
30-03-2026,Sales,510,Cash,1249.04,,
30-03-2026,Sales,510,Sales - Local,,1249.04,
31-03-2026,Sales,511,Customer 06,91136.86,,
31-03-2026,Sales,511,Sales - Local,,91136.86,
31-03-2026,Purchase,251,Purchases - Local,64656.65,,
31-03-2026,Purchase,251,Supplier 05,,64656.65,
31-03-2026,Receipt,347,Cash,16917.79,,
31-03-2026,Receipt,347,Customer 06,,16917.79,
31-03-2026,Payment,382,Telephone Expenses,6255.14,,
31-03-2026,Payment,382,Cash,,6255.14,
31-03-2026,Journal,13,Depreciation,135000.00,,
31-03-2026,Journal,13,Plant & Machinery,,120000.00,
31-03-2026,Journal,13,Furniture & Fixtures,,15000.00,
31-03-2026,Journal,14,Partners' Remuneration,240000.00,,
31-03-2026,Journal,14,Partner A - Capital,,120000.00,
31-03-2026,Journal,14,Partner B - Capital,,120000.00,
31-03-2026,Journal,15,Interest on Partners' Capital,60000.00,,
31-03-2026,Journal,15,Partner A - Capital,,30000.00,
31-03-2026,Journal,15,Partner B - Capital,,30000.00,
