Date,Voucher Type,Voucher No,Ledger,Debit,Credit,Narration
01-04-2025,Sales,1,Cash,48527.38,,
01-04-2025,Sales,1,Sales - Local,,48527.38,
01-04-2025,Receipt,1,HDFC Bank Current A/c,5339.04,,
01-04-2025,Receipt,1,Customer 11,,5339.04,
01-04-2025,Payment,1,Conveyance,6515.78,,
01-04-2025,Payment,1,Cash,,6515.78,
01-04-2025,Receipt,2,HDFC Bank Current A/c,19459.72,,
01-04-2025,Receipt,2,Customer 17,,19459.72,
01-04-2025,Payment,2,Supplier 06,2764.67,,
01-04-2025,Payment,2,HDFC Bank Current A/c,,2764.67,
01-04-2025,Purchase,1,Purchases - Local,46996.31,,
01-04-2025,Purchase,1,Supplier 07,,46996.31,
01-04-2025,Payment,3,Supplier 02,8763.05,,
01-04-2025,Payment,3,HDFC Bank Current A/c,,8763.05,
01-04-2025,Payment,4,Supplier 13,20828.30,,
01-04-2025,Payment,4,HDFC Bank Current A/c,,20828.30,
01-04-2025,Payment,5,Supplier 01,8954.10,,
01-04-2025,Payment,5,HDFC Bank Current A/c,,8954.10,
01-04-2025,Payment,6,Supplier 14,55183.60,,
01-04-2025,Payment,6,HDFC Bank Current A/c,,55183.60,
01-04-2025,Payment,7,Supplier 07,78027.03,,
01-04-2025,Payment,7,HDFC Bank Current A/c,,78027.03,
01-04-2025,Payment,8,Supplier 08,58119.73,,
01-04-2025,Payment,8,HDFC Bank Current A/c,,58119.73,
02-04-2025,Sales,2,Cash,37025.28,,
02-04-2025,Sales,2,Sales - Local,,37025.28,
02-04-2025,Purchase,2,Purchases - Local,64866.11,,
02-04-2025,Purchase,2,Supplier 01,,64866.11,
02-04-2025,Receipt,3,Cash,15990.54,,
02-04-2025,Receipt,3,Customer 02,,15990.54,
02-04-2025,Payment,9,Supplier 08,9169.86,,
02-04-2025,Payment,9,HDFC Bank Current A/c,,9169.86,
02-04-2025,Sales,3,Customer 19,198123.62,,
02-04-2025,Sales,3,Sales - Local,,198123.62,
02-04-2025,Receipt,4,HDFC Bank Current A/c,8539.72,,
02-04-2025,Receipt,4,Interest Received,,8539.72,
02-04-2025,Sales,4,Cash,29718.69,,
02-04-2025,Sales,4,Sales - Local,,29718.69,
02-04-2025,Purchase,3,Purchases - Local,116256.27,,
02-04-2025,Purchase,3,Supplier 05,,116256.27,
02-04-2025,Payment,10,Telephone Expenses,2008.16,,
02-04-2025,Payment,10,Cash,,2008.16,
02-04-2025,Sales,5,Customer 05,53384.98,,
02-04-2025,Sales,5,Sales - Local,,53384.98,
02-04-2025,Receipt,5,HDFC Bank Current A/c,21066.62,,
02-04-2025,Receipt,5,Customer 25,,21066.62,
02-04-2025,Sales,6,Cash,29584.41,,
02-04-2025,Sales,6,Sales - Local,,29584.41,
03-04-2025,Sales,7,Customer 10,82987.06,,
03-04-2025,Sales,7,Sales - Local,,82987.06,
03-04-2025,Payment,11,Supplier 02,4266.26,,
03-04-2025,Payment,11,HDFC Bank Current A/c,,4266.26,
03-04-2025,Receipt,6,HDFC Bank Current A/c,11083.82,,
03-04-2025,Receipt,6,Customer 01,,11083.82,
03-04-2025,Sales,8,Cash,38908.98,,
03-04-2025,Sales,8,Sales - Local,,38908.98,
03-04-2025,Sales,9,Customer 14,49998.56,,
03-04-2025,Sales,9,Sales - Local,,49998.56,
03-04-2025,Sales,10,Customer 08,114145.75,,
03-04-2025,Sales,10,Sales - Local,,114145.75,
03-04-2025,Purchase,4,Purchases - Local,48054.48,,
03-04-2025,Purchase,4,Supplier 15,,48054.48,
03-04-2025,Receipt,7,HDFC Bank Current A/c,113151.35,,
03-04-2025,Receipt,7,Customer 08,,113151.35,
03-04-2025,Purchase,5,Purchases - Local,89612.37,,
03-04-2025,Purchase,5,Supplier 11,,89612.37,
03-04-2025,Sales,11,Customer 07,73223.26,,
03-04-2025,Sales,11,Sales - Local,,73223.26,
03-04-2025,Payment,12,Bank Charges,156.07,,
03-04-2025,Payment,12,HDFC Bank Current A/c,,156.07,
03-04-2025,Purchase,6,Purchases - Local,24359.02,,
03-04-2025,Purchase,6,Supplier 10,,24359.02,
04-04-2025,Payment,13,Staff Welfare,9706.60,,
04-04-2025,Payment,13,Cash,,9706.60,
04-04-2025,Sales,12,Customer 05,16372.82,,
04-04-2025,Sales,12,Sales - Local,,16372.82,
04-04-2025,Purchase,7,Purchases - Local,69200.21,,
04-04-2025,Purchase,7,Supplier 13,,69200.21,
04-04-2025,Receipt,8,Cash,7417.68,,
04-04-2025,Receipt,8,Customer 23,,7417.68,
04-04-2025,Payment,14,Printing & Stationery,8123.73,,
04-04-2025,Payment,14,Cash,,8123.73,
04-04-2025,Purchase,8,Purchases - Local,11271.64,,
04-04-2025,Purchase,8,Supplier 15,,11271.64,
04-04-2025,Receipt,9,HDFC Bank Current A/c,1024.36,,
04-04-2025,Receipt,9,Customer 21,,1024.36,
04-04-2025,Sales,13,Cash,30642.04,,
04-04-2025,Sales,13,Sales - Local,,30642.04,
04-04-2025,Purchase,9,Purchases - Local,104764.05,,
04-04-2025,Purchase,9,Supplier 06,,104764.05,
04-04-2025,Purchase,10,Purchases - Local,40305.57,,
04-04-2025,Purchase,10,Supplier 10,,40305.57,
04-04-2025,Receipt,10,HDFC Bank Current A/c,91119.66,,
04-04-2025,Receipt,10,Customer 15,,91119.66,
04-04-2025,Sales,14,Customer 10,72476.88,,
04-04-2025,Sales,14,Sales - Local,,72476.88,
05-04-2025,Receipt,11,HDFC Bank Current A/c,152389.59,,
05-04-2025,Receipt,11,Customer 10,,152389.59,
05-04-2025,Purchase,11,Purchases - Local,54086.05,,
05-04-2025,Purchase,11,Supplier 03,,54086.05,
05-04-2025,Purchase,12,Purchases - Local,36850.94,,
05-04-2025,Purchase,12,Supplier 14,,36850.94,
05-04-2025,Receipt,12,HDFC Bank Current A/c,79955.40,,
05-04-2025,Receipt,12,Customer 20,,79955.40,
05-04-2025,Receipt,13,Cash,3859.65,,
05-04-2025,Receipt,13,Customer 02,,3859.65,
05-04-2025,Purchase,13,Purchases - Local,77288.15,,
05-04-2025,Purchase,13,Supplier 01,,77288.15,
05-04-2025,Sales,15,Cash,18155.00,,
05-04-2025,Sales,15,Sales - Local,,18155.00,
05-04-2025,Sales,16,Customer 12,16181.69,,
05-04-2025,Sales,16,Sales - Local,,16181.69,
05-04-2025,Purchase,14,Purchases - Local,77073.90,,
05-04-2025,Purchase,14,Supplier 12,,77073.90,
05-04-2025,Sales,17,Cash,15350.21,,
05-04-2025,Sales,17,Sales - Local,,15350.21,
05-04-2025,Receipt,14,HDFC Bank Current A/c,16703.55,,
05-04-2025,Receipt,14,Customer 16,,16703.55,
05-04-2025,Payment,15,Bank Charges,270.59,,
05-04-2025,Payment,15,HDFC Bank Current A/c,,270.59,
06-04-2025,Purchase,15,Purchases - Local,39611.06,,
06-04-2025,Purchase,15,Supplier 08,,39611.06,
06-04-2025,Payment,16,Bank Charges,229.08,,
06-04-2025,Payment,16,HDFC Bank Current A/c,,229.08,
06-04-2025,Receipt,15,HDFC Bank Current A/c,71273.61,,
06-04-2025,Receipt,15,Customer 24,,71273.61,
06-04-2025,Sales,18,Cash,32909.40,,
06-04-2025,Sales,18,Sales - Local,,32909.40,
06-04-2025,Purchase,16,Purchases - Local,16175.66,,
06-04-2025,Purchase,16,Supplier 14,,16175.66,
06-04-2025,Receipt,16,HDFC Bank Current A/c,8102.13,,
06-04-2025,Receipt,16,Interest Received,,8102.13,
06-04-2025,Sales,19,Customer 25,85777.32,,
06-04-2025,Sales,19,Sales - Local,,85777.32,
06-04-2025,Payment,17,Telephone Expenses,9872.46,,
06-04-2025,Payment,17,Cash,,9872.46,
06-04-2025,Receipt,17,Cash,18739.02,,
06-04-2025,Receipt,17,Customer 05,,18739.02,
06-04-2025,Sales,20,Customer 08,101204.81,,
06-04-2025,Sales,20,Sales - Local,,101204.81,
06-04-2025,Purchase,17,Purchases - Local,16392.53,,
06-04-2025,Purchase,17,Supplier 08,,16392.53,
06-04-2025,Sales,21,Customer 08,104037.23,,
06-04-2025,Sales,21,Sales - Local,,104037.23,
07-04-2025,Payment,18,Staff Welfare,3929.77,,
07-04-2025,Payment,18,Cash,,3929.77,
07-04-2025,Sales,22,Customer 01,117889.48,,
07-04-2025,Sales,22,Sales - Local,,117889.48,
07-04-2025,Payment,19,Supplier 13,60210.08,,
07-04-2025,Payment,19,HDFC Bank Current A/c,,60210.08,
07-04-2025,Receipt,18,Cash,5214.03,,
07-04-2025,Receipt,18,Customer 17,,5214.03,
07-04-2025,Sales,23,Customer 22,98383.56,,
07-04-2025,Sales,23,Sales - Local,,98383.56,
07-04-2025,Receipt,19,HDFC Bank Current A/c,27117.46,,
07-04-2025,Receipt,19,Customer 03,,27117.46,
07-04-2025,Sales,24,Customer 09,24007.91,,
07-04-2025,Sales,24,Sales - Local,,24007.91,
07-04-2025,Sales,25,Customer 21,89375.44,,
07-04-2025,Sales,25,Sales - Local,,89375.44,
07-04-2025,Sales,26,Cash,32008.90,,
07-04-2025,Sales,26,Sales - Local,,32008.90,
07-04-2025,Receipt,20,HDFC Bank Current A/c,30158.12,,
07-04-2025,Receipt,20,Customer 23,,30158.12,
07-04-2025,Receipt,21,Cash,654.44,,
07-04-2025,Receipt,21,Customer 08,,654.44,
07-04-2025,Payment,20,Supplier 05,67249.56,,
07-04-2025,Payment,20,HDFC Bank Current A/c,,67249.56,
08-04-2025,Purchase,18,Purchases - Local,8106.30,,
08-04-2025,Purchase,18,Supplier 08,,8106.30,
08-04-2025,Sales,27,Customer 19,65617.11,,
08-04-2025,Sales,27,Sales - Local,,65617.11,
08-04-2025,Receipt,22,HDFC Bank Current A/c,74836.25,,
08-04-2025,Receipt,22,Customer 12,,74836.25,
08-04-2025,Purchase,19,Purchases - Local,17751.52,,
08-04-2025,Purchase,19,Supplier 09,,17751.52,
08-04-2025,Receipt,23,Cash,2480.64,,
08-04-2025,Receipt,23,Customer 07,,2480.64,
08-04-2025,Payment,21,Telephone Expenses,3277.67,,
08-04-2025,Payment,21,Cash,,3277.67,
08-04-2025,Receipt,24,HDFC Bank Current A/c,252492.96,,
08-04-2025,Receipt,24,Customer 19,,252492.96,
08-04-2025,Purchase,20,Purchases - Local,64925.62,,
08-04-2025,Purchase,20,Supplier 13,,64925.62,
08-04-2025,Sales,28,Customer 16,191649.91,,
08-04-2025,Sales,28,Sales - Local,,191649.91,
08-04-2025,Receipt,25,Cash,814.16,,
08-04-2025,Receipt,25,Customer 09,,814.16,
08-04-2025,Receipt,26,HDFC Bank Current A/c,27006.00,,
08-04-2025,Receipt,26,Customer 12,,27006.00,
08-04-2025,Receipt,27,HDFC Bank Current A/c,31447.70,,
08-04-2025,Receipt,27,Customer 10,,31447.70,
09-04-2025,Sales,29,Customer 18,197829.87,,
09-04-2025,Sales,29,Sales - Local,,197829.87,
09-04-2025,Sales,30,Customer 21,113473.91,,
09-04-2025,Sales,30,Sales - Local,,113473.91,
09-04-2025,Receipt,28,Cash,8003.18,,
09-04-2025,Receipt,28,Customer 21,,8003.18,
09-04-2025,Purchase,21,Purchases - Local,29373.98,,
09-04-2025,Purchase,21,Supplier 01,,29373.98,
09-04-2025,Receipt,29,HDFC Bank Current A/c,203540.89,,
09-04-2025,Receipt,29,Customer 16,,203540.89,
09-04-2025,Sales,31,Customer 13,54227.87,,
09-04-2025,Sales,31,Sales - Local,,54227.87,
09-04-2025,Purchase,22,Purchases - Local,88290.64,,
09-04-2025,Purchase,22,Supplier 12,,88290.64,
09-04-2025,Sales,32,Cash,13067.38,,
09-04-2025,Sales,32,Sales - Local,,13067.38,
09-04-2025,Sales,33,Customer 07,197979.16,,
09-04-2025,Sales,33,Sales - Local,,197979.16,
09-04-2025,Receipt,30,HDFC Bank Current A/c,35373.91,,
09-04-2025,Receipt,30,Customer 20,,35373.91,
09-04-2025,Purchase,23,Purchases - Local,105617.98,,
09-04-2025,Purchase,23,Supplier 11,,105617.98,
09-04-2025,Sales,34,Cash,45827.20,,
09-04-2025,Sales,34,Sales - Local,,45827.20,
10-04-2025,Payment,22,Supplier 04,92352.70,,
10-04-2025,Payment,22,HDFC Bank Current A/c,,92352.70,
10-04-2025,Purchase,24,Purchases - Local,86535.59,,
10-04-2025,Purchase,24,Supplier 01,,86535.59,
10-04-2025,Receipt,31,HDFC Bank Current A/c,11094.37,,
10-04-2025,Receipt,31,Customer 05,,11094.37,
10-04-2025,Receipt,32,HDFC Bank Current A/c,10059.24,,
10-04-2025,Receipt,32,Customer 19,,10059.24,
10-04-2025,Purchase,25,Purchases - Local,50883.98,,
10-04-2025,Purchase,25,Supplier 10,,50883.98,
10-04-2025,Purchase,26,Purchases - Local,37129.34,,
10-04-2025,Purchase,26,Supplier 15,,37129.34,
10-04-2025,Purchase,27,Purchases - Local,115115.18,,
10-04-2025,Purchase,27,Supplier 12,,115115.18,
10-04-2025,Sales,35,Customer 12,131659.05,,
10-04-2025,Sales,35,Sales - Local,,131659.05,
10-04-2025,Sales,36,Cash,15335.25,,
10-04-2025,Sales,36,Sales - Local,,15335.25,
10-04-2025,Payment,23,Supplier 04,1676.95,,
10-04-2025,Payment,23,HDFC Bank Current A/c,,1676.95,
10-04-2025,Payment,24,Conveyance,2730.11,,
10-04-2025,Payment,24,Cash,,2730.11,
10-04-2025,Sales,37,Customer 18,25606.42,,
10-04-2025,Sales,37,Sales - Local,,25606.42,
11-04-2025,Payment,25,Bank Charges,116.09,,
11-04-2025,Payment,25,HDFC Bank Current A/c,,116.09,
11-04-2025,Purchase,28,Purchases - Local,6609.69,,
11-04-2025,Purchase,28,Supplier 09,,6609.69,
11-04-2025,Sales,38,Cash,3064.05,,
11-04-2025,Sales,38,Sales - Local,,3064.05,
11-04-2025,Sales,39,Customer 25,34930.49,,
11-04-2025,Sales,39,Sales - Local,,34930.49,
11-04-2025,Payment,26,Office Expenses,4235.29,,
11-04-2025,Payment,26,Cash,,4235.29,
11-04-2025,Receipt,33,HDFC Bank Current A/c,8301.45,,
11-04-2025,Receipt,33,Customer 05,,8301.45,
11-04-2025,Receipt,34,HDFC Bank Current A/c,123455.45,,
11-04-2025,Receipt,34,Customer 01,,123455.45,
11-04-2025,Payment,27,Bank Charges,133.75,,
11-04-2025,Payment,27,HDFC Bank Current A/c,,133.75,
11-04-2025,Sales,40,Cash,36393.98,,
11-04-2025,Sales,40,Sales - Local,,36393.98,
11-04-2025,Sales,41,Cash,12447.08,,
11-04-2025,Sales,41,Sales - Local,,12447.08,
11-04-2025,Purchase,29,Purchases - Local,61768.26,,
11-04-2025,Purchase,29,Supplier 04,,61768.26,
11-04-2025,Purchase,30,Purchases - Local,44300.78,,
11-04-2025,Purchase,30,Supplier 01,,44300.78,
12-04-2025,Sales,42,Customer 20,72277.11,,
12-04-2025,Sales,42,Sales - Local,,72277.11,
12-04-2025,Payment,28,Supplier 03,33541.16,,
12-04-2025,Payment,28,HDFC Bank Current A/c,,33541.16,
12-04-2025,Payment,29,Bank Charges,37.59,,
12-04-2025,Payment,29,HDFC Bank Current A/c,,37.59,
12-04-2025,Sales,43,Customer 07,179000.63,,
12-04-2025,Sales,43,Sales - Local,,179000.63,
12-04-2025,Purchase,31,Purchases - Local,77672.21,,
12-04-2025,Purchase,31,Supplier 13,,77672.21,
12-04-2025,Receipt,35,HDFC Bank Current A/c,18989.73,,
12-04-2025,Receipt,35,Customer 11,,18989.73,
12-04-2025,Receipt,36,Cash,1498.61,,
12-04-2025,Receipt,36,Customer 03,,1498.61,
12-04-2025,Sales,44,Customer 15,61096.91,,
12-04-2025,Sales,44,Sales - Local,,61096.91,
12-04-2025,Receipt,37,HDFC Bank Current A/c,9784.86,,
12-04-2025,Receipt,37,Customer 19,,9784.86,
12-04-2025,Payment,30,Conveyance,3523.89,,
12-04-2025,Payment,30,Cash,,3523.89,
12-04-2025,Receipt,38,HDFC Bank Current A/c,8876.30,,
12-04-2025,Receipt,38,Customer 23,,8876.30,
12-04-2025,Receipt,39,HDFC Bank Current A/c,104661.94,,
12-04-2025,Receipt,39,Customer 14,,104661.94,
13-04-2025,Payment,31,Supplier 04,26595.87,,
13-04-2025,Payment,31,HDFC Bank Current A/c,,26595.87,
13-04-2025,Sales,45,Cash,14459.43,,
13-04-2025,Sales,45,Sales - Local,,14459.43,
13-04-2025,Payment,32,Supplier 10,131294.65,,
13-04-2025,Payment,32,HDFC Bank Current A/c,,131294.65,
13-04-2025,Sales,46,Customer 01,190970.09,,
13-04-2025,Sales,46,Sales - Local,,190970.09,
13-04-2025,Receipt,40,HDFC Bank Current A/c,50090.77,,
13-04-2025,Receipt,40,Customer 09,,50090.77,
13-04-2025,Receipt,41,HDFC Bank Current A/c,4982.46,,
13-04-2025,Receipt,41,Customer 19,,4982.46,
13-04-2025,Sales,47,Cash,34333.54,,
13-04-2025,Sales,47,Sales - Local,,34333.54,
13-04-2025,Payment,33,Conveyance,3292.23,,
13-04-2025,Payment,33,Cash,,3292.23,
13-04-2025,Sales,48,Customer 01,115139.86,,
13-04-2025,Sales,48,Sales - Local,,115139.86,
13-04-2025,Payment,34,Bank Charges,135.74,,
13-04-2025,Payment,34,HDFC Bank Current A/c,,135.74,
13-04-2025,Receipt,42,Cash,4788.49,,
13-04-2025,Receipt,42,Customer 03,,4788.49,
13-04-2025,Sales,49,Customer 11,179762.38,,
13-04-2025,Sales,49,Sales - Local,,179762.38,
14-04-2025,Receipt,43,HDFC Bank Current A/c,57183.75,,
14-04-2025,Receipt,43,Customer 10,,57183.75,
14-04-2025,Purchase,32,Purchases - Local,57606.21,,
14-04-2025,Purchase,32,Supplier 14,,57606.21,
14-04-2025,Payment,35,Supplier 14,45565.44,,
14-04-2025,Payment,35,HDFC Bank Current A/c,,45565.44,
14-04-2025,Payment,36,Staff Welfare,6105.09,,
14-04-2025,Payment,36,Cash,,6105.09,
14-04-2025,Payment,37,Office Expenses,2061.50,,
14-04-2025,Payment,37,Cash,,2061.50,
14-04-2025,Receipt,44,HDFC Bank Current A/c,48001.52,,
14-04-2025,Receipt,44,Customer 03,,48001.52,
14-04-2025,Sales,50,Customer 12,77444.59,,
14-04-2025,Sales,50,Sales - Local,,77444.59,
14-04-2025,Receipt,45,HDFC Bank Current A/c,97395.74,,
14-04-2025,Receipt,45,Customer 01,,97395.74,
14-04-2025,Purchase,33,Purchases - Local,79187.32,,
14-04-2025,Purchase,33,Supplier 10,,79187.32,
14-04-2025,Payment,38,Supplier 15,56651.93,,
14-04-2025,Payment,38,HDFC Bank Current A/c,,56651.93,
14-04-2025,Receipt,46,Cash,3543.32,,
14-04-2025,Receipt,46,Customer 05,,3543.32,
15-04-2025,Payment,39,Telephone Expenses,9818.37,,
15-04-2025,Payment,39,Cash,,9818.37,
15-04-2025,Purchase,34,Purchases - Local,17690.88,,
15-04-2025,Purchase,34,Supplier 02,,17690.88,
15-04-2025,Sales,51,Customer 21,105634.71,,
15-04-2025,Sales,51,Sales - Local,,105634.71,
15-04-2025,Receipt,47,HDFC Bank Current A/c,104831.52,,
15-04-2025,Receipt,47,Customer 18,,104831.52,
15-04-2025,Receipt,48,Cash,5754.48,,
15-04-2025,Receipt,48,Customer 22,,5754.48,
15-04-2025,Receipt,49,HDFC Bank Current A/c,138332.33,,
15-04-2025,Receipt,49,Customer 22,,138332.33,
15-04-2025,Sales,52,Customer 07,77688.53,,
15-04-2025,Sales,52,Sales - Local,,77688.53,
15-04-2025,Sales,53,Cash,35774.85,,
15-04-2025,Sales,53,Sales - Local,,35774.85,
15-04-2025,Sales,54,Cash,17347.94,,
15-04-2025,Sales,54,Sales - Local,,17347.94,
15-04-2025,Sales,55,Cash,13231.84,,
15-04-2025,Sales,55,Sales - Local,,13231.84,
15-04-2025,Purchase,35,Purchases - Local,104499.94,,
15-04-2025,Purchase,35,Supplier 12,,104499.94,
15-04-2025,Sales,56,Customer 12,8835.17,,
15-04-2025,Sales,56,Sales - Local,,8835.17,
16-04-2025,Payment,40,Rent,25000.00,,
16-04-2025,Payment,40,HDFC Bank Current A/c,,25000.00,
16-04-2025,Payment,41,Salary,43733.62,,
16-04-2025,Payment,41,HDFC Bank Current A/c,,43733.62,
16-04-2025,Payment,42,Electricity Charges,4724.72,,
16-04-2025,Payment,42,HDFC Bank Current A/c,,4724.72,
16-04-2025,Journal,1,Interest on Unsecured Loans,3000.00,,
16-04-2025,Journal,1,Unsecured Loan - Rajesh Kumar,,2700.00,
16-04-2025,Journal,1,TDS Payable,,300.00,
16-04-2025,Payment,43,TDS Payable,300.00,,
16-04-2025,Payment,43,HDFC Bank Current A/c,,300.00,
16-04-2025,Payment,44,HDFC Bank Term Loan,40000.00,,
16-04-2025,Payment,44,HDFC Bank Current A/c,,40000.00,
16-04-2025,Payment,45,Interest on Term Loan,6518.62,,
16-04-2025,Payment,45,HDFC Bank Current A/c,,6518.62,
16-04-2025,Journal,2,Travelling Expenses,2781.60,,
16-04-2025,Journal,2,HDFC Bank Current A/c,,2781.60,
16-04-2025,Sales,57,Cash,24040.62,,
16-04-2025,Sales,57,Sales - Local,,24040.62,
16-04-2025,Purchase,36,Purchases - Local,15459.50,,
16-04-2025,Purchase,36,Supplier 14,,15459.50,
16-04-2025,Receipt,50,HDFC Bank Current A/c,639855.30,,
16-04-2025,Receipt,50,Customer 07,,639855.30,
16-04-2025,Receipt,51,Cash,18595.95,,
16-04-2025,Receipt,51,Customer 13,,18595.95,
16-04-2025,Sales,58,Cash,22236.15,,
16-04-2025,Sales,58,Sales - Local,,22236.15,
16-04-2025,Purchase,37,Purchases - Local,25995.86,,
16-04-2025,Purchase,37,Supplier 09,,25995.86,
16-04-2025,Sales,59,Customer 10,119395.52,,
16-04-2025,Sales,59,Sales - Local,,119395.52,
16-04-2025,Sales,60,Cash,40143.33,,
16-04-2025,Sales,60,Sales - Local,,40143.33,
16-04-2025,Purchase,38,Purchases - Local,65307.51,,
16-04-2025,Purchase,38,Supplier 12,,65307.51,
16-04-2025,Sales,61,Cash,8782.04,,
16-04-2025,Sales,61,Sales - Local,,8782.04,
16-04-2025,Payment,46,Telephone Expenses,7798.20,,
16-04-2025,Payment,46,Cash,,7798.20,
16-04-2025,Receipt,52,HDFC Bank Current A/c,1966.61,,
16-04-2025,Receipt,52,Interest Received,,1966.61,
17-04-2025,Receipt,53,HDFC Bank Current A/c,1026.47,,
17-04-2025,Receipt,53,Customer 09,,1026.47,
17-04-2025,Receipt,54,HDFC Bank Current A/c,177008.93,,
17-04-2025,Receipt,54,Customer 21,,177008.93,
17-04-2025,Receipt,55,HDFC Bank Current A/c,5564.54,,
17-04-2025,Receipt,55,Customer 03,,5564.54,
17-04-2025,Purchase,39,Purchases - Local,62933.39,,
17-04-2025,Purchase,39,Supplier 15,,62933.39,
17-04-2025,Payment,47,Supplier 05,2296.15,,
17-04-2025,Payment,47,HDFC Bank Current A/c,,2296.15,
17-04-2025,Sales,62,Cash,7475.25,,
17-04-2025,Sales,62,Sales - Local,,7475.25,
17-04-2025,Sales,63,Customer 08,14997.35,,
17-04-2025,Sales,63,Sales - Local,,14997.35,
17-04-2025,Purchase,40,Purchases - Local,41961.97,,
17-04-2025,Purchase,40,Supplier 08,,41961.97,
17-04-2025,Purchase,41,Purchases - Local,17279.66,,
17-04-2025,Purchase,41,Supplier 10,,17279.66,
17-04-2025,Payment,48,Printing & Stationery,9049.75,,
17-04-2025,Payment,48,Cash,,9049.75,
17-04-2025,Payment,49,Office Expenses,3913.68,,
17-04-2025,Payment,49,Cash,,3913.68,
18-04-2025,Receipt,56,HDFC Bank Current A/c,56090.03,,
18-04-2025,Receipt,56,Customer 01,,56090.03,
18-04-2025,Purchase,42,Purchases - Local,55480.51,,
18-04-2025,Purchase,42,Supplier 06,,55480.51,
18-04-2025,Receipt,57,HDFC Bank Current A/c,14231.93,,
18-04-2025,Receipt,57,Customer 14,,14231.93,
18-04-2025,Purchase,43,Purchases - Local,66831.18,,
18-04-2025,Purchase,43,Supplier 07,,66831.18,
18-04-2025,Sales,64,Cash,37618.68,,
18-04-2025,Sales,64,Sales - Local,,37618.68,
18-04-2025,Purchase,44,Purchases - Local,8417.39,,
18-04-2025,Purchase,44,Supplier 04,,8417.39,
18-04-2025,Purchase,45,Purchases - Local,72019.90,,
18-04-2025,Purchase,45,Supplier 07,,72019.90,
18-04-2025,Payment,50,Office Expenses,4782.09,,
18-04-2025,Payment,50,Cash,,4782.09,
18-04-2025,Receipt,58,Cash,15478.44,,
18-04-2025,Receipt,58,Customer 06,,15478.44,
18-04-2025,Sales,65,Customer 25,8114.23,,
18-04-2025,Sales,65,Sales - Local,,8114.23,
18-04-2025,Sales,66,Cash,39093.23,,
18-04-2025,Sales,66,Sales - Local,,39093.23,
18-04-2025,Receipt,59,HDFC Bank Current A/c,2434.09,,
18-04-2025,Receipt,59,Customer 17,,2434.09,
19-04-2025,Sales,67,Cash,44706.41,,
19-04-2025,Sales,67,Sales - Local,,44706.41,
19-04-2025,Purchase,46,Purchases - Local,76197.82,,
19-04-2025,Purchase,46,Supplier 08,,76197.82,
19-04-2025,Sales,68,Cash,25002.90,,
19-04-2025,Sales,68,Sales - Local,,25002.90,
19-04-2025,Sales,69,Customer 06,154001.01,,
19-04-2025,Sales,69,Sales - Local,,154001.01,
19-04-2025,Payment,51,Supplier 05,29564.00,,
19-04-2025,Payment,51,HDFC Bank Current A/c,,29564.00,
19-04-2025,Payment,52,Supplier 02,6980.98,,
19-04-2025,Payment,52,HDFC Bank Current A/c,,6980.98,
19-04-2025,Sales,70,Customer 13,21702.34,,
19-04-2025,Sales,70,Sales - Local,,21702.34,
19-04-2025,Sales,71,Cash,38201.26,,
19-04-2025,Sales,71,Sales - Local,,38201.26,
19-04-2025,Payment,53,Conveyance,5257.45,,
19-04-2025,Payment,53,Cash,,5257.45,
19-04-2025,Purchase,47,Purchases - Local,93109.63,,
19-04-2025,Purchase,47,Supplier 09,,93109.63,
19-04-2025,Payment,54,Staff Welfare,7340.07,,
19-04-2025,Payment,54,Cash,,7340.07,
19-04-2025,Payment,55,Supplier 09,229675.22,,
19-04-2025,Payment,55,HDFC Bank Current A/c,,229675.22,
20-04-2025,Sales,72,Customer 22,195625.47,,
20-04-2025,Sales,72,Sales - Local,,195625.47,
20-04-2025,Sales,73,Cash,48054.21,,
20-04-2025,Sales,73,Sales - Local,,48054.21,
20-04-2025,Receipt,60,HDFC Bank Current A/c,1008.47,,
20-04-2025,Receipt,60,Customer 19,,1008.47,
20-04-2025,Purchase,48,Purchases - Local,92561.10,,
20-04-2025,Purchase,48,Supplier 14,,92561.10,
20-04-2025,Payment,56,Office Expenses,7836.90,,
20-04-2025,Payment,56,Cash,,7836.90,
20-04-2025,Sales,74,Customer 23,106418.54,,
20-04-2025,Sales,74,Sales - Local,,106418.54,
20-04-2025,Sales,75,Customer 21,113593.70,,
20-04-2025,Sales,75,Sales - Local,,113593.70,
20-04-2025,Sales,76,Cash,35315.62,,
20-04-2025,Sales,76,Sales - Local,,35315.62,
20-04-2025,Payment,57,Office Expenses,6112.54,,
20-04-2025,Payment,57,Cash,,6112.54,
20-04-2025,Payment,58,Supplier 07,108376.98,,
20-04-2025,Payment,58,HDFC Bank Current A/c,,108376.98,
20-04-2025,Sales,77,Cash,1319.69,,
20-04-2025,Sales,77,Sales - Local,,1319.69,
20-04-2025,Sales,78,Customer 22,24060.83,,
20-04-2025,Sales,78,Sales - Local,,24060.83,
21-04-2025,Sales,79,Customer 03,42895.17,,
21-04-2025,Sales,79,Sales - Local,,42895.17,
21-04-2025,Sales,80,Customer 21,195144.98,,
21-04-2025,Sales,80,Sales - Local,,195144.98,
21-04-2025,Sales,81,Cash,5643.74,,
21-04-2025,Sales,81,Sales - Local,,5643.74,
21-04-2025,Payment,59,Supplier 11,162518.26,,
21-04-2025,Payment,59,HDFC Bank Current A/c,,162518.26,
21-04-2025,Sales,82,Customer 10,8594.65,,
21-04-2025,Sales,82,Sales - Local,,8594.65,
21-04-2025,Receipt,61,HDFC Bank Current A/c,221269.83,,
21-04-2025,Receipt,61,Customer 06,,221269.83,
21-04-2025,Sales,83,Customer 11,174224.51,,
21-04-2025,Sales,83,Sales - Local,,174224.51,
21-04-2025,Payment,60,Supplier 04,14489.20,,
21-04-2025,Payment,60,HDFC Bank Current A/c,,14489.20,
21-04-2025,Purchase,49,Purchases - Local,16876.72,,
21-04-2025,Purchase,49,Supplier 14,,16876.72,
21-04-2025,Receipt,62,HDFC Bank Current A/c,43867.84,,
21-04-2025,Receipt,62,Customer 12,,43867.84,
21-04-2025,Sales,84,Cash,25342.50,,
21-04-2025,Sales,84,Sales - Local,,25342.50,
21-04-2025,Sales,85,Customer 01,51070.26,,
21-04-2025,Sales,85,Sales - Local,,51070.26,
22-04-2025,Receipt,63,HDFC Bank Current A/c,270544.10,,
22-04-2025,Receipt,63,Customer 21,,270544.10,
22-04-2025,Sales,86,Cash,32970.62,,
22-04-2025,Sales,86,Sales - Local,,32970.62,
22-04-2025,Purchase,50,Purchases - Local,14585.29,,
22-04-2025,Purchase,50,Supplier 01,,14585.29,
22-04-2025,Receipt,64,HDFC Bank Current A/c,29178.51,,
22-04-2025,Receipt,64,Customer 04,,29178.51,
22-04-2025,Receipt,65,HDFC Bank Current A/c,38009.52,,
22-04-2025,Receipt,65,Customer 20,,38009.52,
22-04-2025,Payment,61,Staff Welfare,6544.54,,
22-04-2025,Payment,61,Cash,,6544.54,
22-04-2025,Payment,62,Supplier 14,97588.33,,
22-04-2025,Payment,62,HDFC Bank Current A/c,,97588.33,
22-04-2025,Purchase,51,Purchases - Local,86904.39,,
22-04-2025,Purchase,51,Supplier 05,,86904.39,
22-04-2025,Receipt,66,HDFC Bank Current A/c,58474.84,,
22-04-2025,Receipt,66,Customer 24,,58474.84,
22-04-2025,Purchase,52,Purchases - Local,91569.99,,
22-04-2025,Purchase,52,Supplier 08,,91569.99,
22-04-2025,Sales,87,Customer 14,17505.14,,
22-04-2025,Sales,87,Sales - Local,,17505.14,
22-04-2025,Sales,88,Cash,4892.70,,
22-04-2025,Sales,88,Sales - Local,,4892.70,
23-04-2025,Sales,89,Cash,11988.15,,
23-04-2025,Sales,89,Sales - Local,,11988.15,
23-04-2025,Sales,90,Customer 03,153757.71,,
23-04-2025,Sales,90,Sales - Local,,153757.71,
23-04-2025,Payment,63,Supplier 10,8243.48,,
23-04-2025,Payment,63,HDFC Bank Current A/c,,8243.48,
23-04-2025,Receipt,67,HDFC Bank Current A/c,79723.56,,
23-04-2025,Receipt,67,Customer 12,,79723.56,
23-04-2025,Purchase,53,Purchases - Local,69803.56,,
23-04-2025,Purchase,53,Supplier 13,,69803.56,
23-04-2025,Purchase,54,Purchases - Local,43412.13,,
23-04-2025,Purchase,54,Supplier 04,,43412.13,
23-04-2025,Receipt,68,HDFC Bank Current A/c,156170.87,,
23-04-2025,Receipt,68,Customer 01,,156170.87,
23-04-2025,Receipt,69,Cash,12835.82,,
23-04-2025,Receipt,69,Customer 21,,12835.82,
23-04-2025,Sales,91,Cash,40811.80,,
23-04-2025,Sales,91,Sales - Local,,40811.80,
23-04-2025,Sales,92,Customer 20,31646.55,,
23-04-2025,Sales,92,Sales - Local,,31646.55,
23-04-2025,Receipt,70,HDFC Bank Current A/c,1156.66,,
23-04-2025,Receipt,70,Customer 07,,1156.66,
23-04-2025,Sales,93,Cash,24812.93,,
23-04-2025,Sales,93,Sales - Local,,24812.93,
24-04-2025,Receipt,71,HDFC Bank Current A/c,29291.92,,
24-04-2025,Receipt,71,Customer 13,,29291.92,
24-04-2025,Payment,64,Supplier 08,281202.63,,
24-04-2025,Payment,64,HDFC Bank Current A/c,,281202.63,
24-04-2025,Purchase,55,Purchases - Local,49531.24,,
24-04-2025,Purchase,55,Supplier 13,,49531.24,
24-04-2025,Sales,94,Customer 06,21990.81,,
24-04-2025,Sales,94,Sales - Local,,21990.81,
24-04-2025,Payment,65,Printing & Stationery,4798.99,,
24-04-2025,Payment,65,Cash,,4798.99,
24-04-2025,Sales,95,Customer 06,182517.20,,
24-04-2025,Sales,95,Sales - Local,,182517.20,
24-04-2025,Purchase,56,Purchases - Local,69243.21,,
24-04-2025,Purchase,56,Supplier 07,,69243.21,
24-04-2025,Sales,96,Customer 19,188815.38,,
24-04-2025,Sales,96,Sales - Local,,188815.38,
24-04-2025,Receipt,72,HDFC Bank Current A/c,5497.13,,
24-04-2025,Receipt,72,Customer 24,,5497.13,
24-04-2025,Receipt,73,HDFC Bank Current A/c,7166.67,,
24-04-2025,Receipt,73,Customer 20,,7166.67,
24-04-2025,Sales,97,Customer 20,68971.50,,
24-04-2025,Sales,97,Sales - Local,,68971.50,
24-04-2025,Receipt,74,HDFC Bank Current A/c,4706.19,,
24-04-2025,Receipt,74,Customer 05,,4706.19,
25-04-2025,Payment,66,Supplier 07,17020.48,,
25-04-2025,Payment,66,HDFC Bank Current A/c,,17020.48,
25-04-2025,Sales,98,Customer 04,180997.86,,
25-04-2025,Sales,98,Sales - Local,,180997.86,
25-04-2025,Payment,67,Printing & Stationery,9412.28,,
25-04-2025,Payment,67,Cash,,9412.28,
25-04-2025,Receipt,75,Cash,18027.95,,
25-04-2025,Receipt,75,Customer 22,,18027.95,
25-04-2025,Receipt,76,HDFC Bank Current A/c,78552.42,,
25-04-2025,Receipt,76,Customer 03,,78552.42,
25-04-2025,Payment,68,Supplier 06,151697.70,,
25-04-2025,Payment,68,HDFC Bank Current A/c,,151697.70,
25-04-2025,Receipt,77,HDFC Bank Current A/c,136704.79,,
25-04-2025,Receipt,77,Customer 25,,136704.79,
25-04-2025,Payment,69,Supplier 02,7592.22,,
25-04-2025,Payment,69,HDFC Bank Current A/c,,7592.22,
25-04-2025,Sales,99,Cash,6195.51,,
25-04-2025,Sales,99,Sales - Local,,6195.51,
25-04-2025,Purchase,57,Purchases - Local,87657.21,,
25-04-2025,Purchase,57,Supplier 14,,87657.21,
26-04-2025,Receipt,78,HDFC Bank Current A/c,11624.12,,
26-04-2025,Receipt,78,Customer 14,,11624.12,
26-04-2025,Receipt,79,HDFC Bank Current A/c,12946.30,,
26-04-2025,Receipt,79,Customer 24,,12946.30,
26-04-2025,Sales,100,Customer 10,111628.55,,
26-04-2025,Sales,100,Sales - Local,,111628.55,
26-04-2025,Payment,70,Supplier 05,56863.48,,
26-04-2025,Payment,70,HDFC Bank Current A/c,,56863.48,
26-04-2025,Sales,101,Cash,19195.41,,
26-04-2025,Sales,101,Sales - Local,,19195.41,
26-04-2025,Payment,71,Office Expenses,1650.54,,
26-04-2025,Payment,71,Cash,,1650.54,
26-04-2025,Payment,72,Supplier 09,8180.04,,
26-04-2025,Payment,72,HDFC Bank Current A/c,,8180.04,
26-04-2025,Sales,102,Customer 11,62160.49,,
26-04-2025,Sales,102,Sales - Local,,62160.49,
26-04-2025,Payment,73,Supplier 12,296923.09,,
26-04-2025,Payment,73,HDFC Bank Current A/c,,296923.09,
26-04-2025,Sales,103,Customer 19,152120.23,,
26-04-2025,Sales,103,Sales - Local,,152120.23,
26-04-2025,Receipt,80,HDFC Bank Current A/c,12268.00,,
26-04-2025,Receipt,80,Customer 15,,12268.00,
27-04-2025,Purchase,58,Purchases - Local,42479.44,,
27-04-2025,Purchase,58,Supplier 03,,42479.44,
27-04-2025,Sales,104,Cash,2460.63,,
27-04-2025,Sales,104,Sales - Local,,2460.63,
27-04-2025,Sales,105,Cash,607.75,,
27-04-2025,Sales,105,Sales - Local,,607.75,
27-04-2025,Purchase,59,Purchases - Local,8032.94,,
27-04-2025,Purchase,59,Supplier 04,,8032.94,
27-04-2025,Payment,74,Supplier 04,56352.71,,
27-04-2025,Payment,74,HDFC Bank Current A/c,,56352.71,
27-04-2025,Sales,106,Customer 04,48884.49,,
27-04-2025,Sales,106,Sales - Local,,48884.49,
27-04-2025,Sales,107,Cash,37229.03,,
27-04-2025,Sales,107,Sales - Local,,37229.03,
27-04-2025,Sales,108,Cash,25444.01,,
27-04-2025,Sales,108,Sales - Local,,25444.01,
27-04-2025,Sales,109,Customer 24,136461.96,,
27-04-2025,Sales,109,Sales - Local,,136461.96,
27-04-2025,Purchase,60,Purchases - Local,60195.00,,
27-04-2025,Purchase,60,Supplier 12,,60195.00,
27-04-2025,Receipt,81,HDFC Bank Current A/c,8413.18,,
27-04-2025,Receipt,81,Customer 16,,8413.18,
28-04-2025,Purchase,61,Purchases - Local,83420.98,,
28-04-2025,Purchase,61,Supplier 08,,83420.98,
28-04-2025,Sales,110,Customer 07,183514.07,,
28-04-2025,Sales,110,Sales - Local,,183514.07,
28-04-2025,Payment,75,Bank Charges,326.42,,
28-04-2025,Payment,75,HDFC Bank Current A/c,,326.42,
28-04-2025,Receipt,82,HDFC Bank Current A/c,48352.40,,
28-04-2025,Receipt,82,Customer 11,,48352.40,
28-04-2025,Payment,76,Supplier 15,62600.72,,
28-04-2025,Payment,76,HDFC Bank Current A/c,,62600.72,
28-04-2025,Payment,77,Bank Charges,178.89,,
28-04-2025,Payment,77,HDFC Bank Current A/c,,178.89,
28-04-2025,Payment,78,Telephone Expenses,8847.08,,
28-04-2025,Payment,78,Cash,,8847.08,
28-04-2025,Sales,111,Customer 13,155950.11,,
28-04-2025,Sales,111,Sales - Local,,155950.11,
28-04-2025,Purchase,62,Purchases - Local,10439.47,,
28-04-2025,Purchase,62,Supplier 05,,10439.47,
28-04-2025,Payment,79,Staff Welfare,5854.07,,
28-04-2025,Payment,79,Cash,,5854.07,
28-04-2025,Payment,80,Telephone Expenses,7674.99,,
28-04-2025,Payment,80,Cash,,7674.99,
28-04-2025,Payment,81,Supplier 12,56266.70,,
28-04-2025,Payment,81,HDFC Bank Current A/c,,56266.70,
29-04-2025,Purchase,63,Purchases - Local,107396.78,,
29-04-2025,Purchase,63,Supplier 10,,107396.78,
29-04-2025,Purchase,64,Purchases - Local,28520.78,,
29-04-2025,Purchase,64,Supplier 15,,28520.78,
29-04-2025,Payment,82,Supplier 08,67989.89,,
29-04-2025,Payment,82,HDFC Bank Current A/c,,67989.89,
29-04-2025,Receipt,83,HDFC Bank Current A/c,4469.33,,
29-04-2025,Receipt,83,Interest Received,,4469.33,
29-04-2025,Receipt,84,HDFC Bank Current A/c,108429.04,,
29-04-2025,Receipt,84,Customer 20,,108429.04,
29-04-2025,Sales,112,Customer 08,154214.34,,
29-04-2025,Sales,112,Sales - Local,,154214.34,
29-04-2025,Purchase,65,Purchases - Local,10214.80,,
29-04-2025,Purchase,65,Supplier 06,,10214.80,
29-04-2025,Payment,83,Office Expenses,2659.98,,
29-04-2025,Payment,83,Cash,,2659.98,
29-04-2025,Sales,113,Customer 05,172767.53,,
29-04-2025,Sales,113,Sales - Local,,172767.53,
29-04-2025,Receipt,85,HDFC Bank Current A/c,7751.85,,
29-04-2025,Receipt,85,Customer 06,,7751.85,
29-04-2025,Purchase,66,Purchases - Local,67372.24,,
29-04-2025,Purchase,66,Supplier 06,,67372.24,
29-04-2025,Purchase,67,Purchases - Local,106511.62,,
29-04-2025,Purchase,67,Supplier 14,,106511.62,
30-04-2025,Purchase,68,Purchases - Local,94868.82,,
30-04-2025,Purchase,68,Supplier 05,,94868.82,
30-04-2025,Sales,114,Customer 24,78669.64,,
30-04-2025,Sales,114,Sales - Local,,78669.64,
30-04-2025,Payment,84,Supplier 14,224086.44,,
30-04-2025,Payment,84,HDFC Bank Current A/c,,224086.44,
30-04-2025,Receipt,86,Cash,708.72,,
30-04-2025,Receipt,86,Customer 25,,708.72,
30-04-2025,Purchase,69,Purchases - Local,45634.79,,
30-04-2025,Purchase,69,Supplier 01,,45634.79,
30-04-2025,Purchase,70,Purchases - Local,95779.27,,
30-04-2025,Purchase,70,Supplier 09,,95779.27,
30-04-2025,Receipt,87,HDFC Bank Current A/c,71823.72,,
30-04-2025,Receipt,87,Customer 04,,71823.72,
30-04-2025,Receipt,88,Cash,10852.66,,
30-04-2025,Receipt,88,Customer 18,,10852.66,
30-04-2025,Purchase,71,Purchases - Local,15470.20,,
30-04-2025,Purchase,71,Supplier 12,,15470.20,
30-04-2025,Purchase,72,Purchases - Local,15336.70,,
30-04-2025,Purchase,72,Supplier 05,,15336.70,
30-04-2025,Sales,115,Customer 09,157155.27,,
30-04-2025,Sales,115,Sales - Local,,157155.27,
30-04-2025,Receipt,89,HDFC Bank Current A/c,101629.75,,
30-04-2025,Receipt,89,Customer 10,,101629.75,
01-05-2025,Receipt,90,HDFC Bank Current A/c,75369.48,,
01-05-2025,Receipt,90,Customer 03,,75369.48,
01-05-2025,Purchase,73,Purchases - Local,73357.56,,
01-05-2025,Purchase,73,Supplier 08,,73357.56,
01-05-2025,Sales,116,Cash,31761.59,,
01-05-2025,Sales,116,Sales - Local,,31761.59,
01-05-2025,Receipt,91,Cash,1030.99,,
01-05-2025,Receipt,91,Customer 12,,1030.99,
01-05-2025,Payment,85,Conveyance,7934.37,,
01-05-2025,Payment,85,Cash,,7934.37,
01-05-2025,Sales,117,Cash,47874.80,,
01-05-2025,Sales,117,Sales - Local,,47874.80,
01-05-2025,Receipt,92,HDFC Bank Current A/c,3265.72,,
01-05-2025,Receipt,92,Interest Received,,3265.72,
01-05-2025,Sales,118,Cash,26103.47,,
01-05-2025,Sales,118,Sales - Local,,26103.47,
01-05-2025,Receipt,93,HDFC Bank Current A/c,98535.92,,
01-05-2025,Receipt,93,Customer 18,,98535.92,
01-05-2025,Purchase,74,Purchases - Local,46875.66,,
01-05-2025,Purchase,74,Supplier 08,,46875.66,
01-05-2025,Sales,119,Customer 06,59079.72,,
01-05-2025,Sales,119,Sales - Local,,59079.72,
01-05-2025,Sales,120,Cash,15962.05,,
01-05-2025,Sales,120,Sales - Local,,15962.05,
02-05-2025,Payment,86,Bank Charges,188.07,,
02-05-2025,Payment,86,HDFC Bank Current A/c,,188.07,
02-05-2025,Sales,121,Cash,24017.59,,
02-05-2025,Sales,121,Sales - Local,,24017.59,
02-05-2025,Sales,122,Customer 24,86398.02,,
02-05-2025,Sales,122,Sales - Local,,86398.02,
02-05-2025,Sales,123,Customer 06,167018.91,,
02-05-2025,Sales,123,Sales - Local,,167018.91,
02-05-2025,Receipt,94,HDFC Bank Current A/c,358083.90,,
02-05-2025,Receipt,94,Customer 08,,358083.90,
02-05-2025,Receipt,95,Cash,18421.69,,
02-05-2025,Receipt,95,Customer 09,,18421.69,
02-05-2025,Purchase,75,Purchases - Local,97213.61,,
02-05-2025,Purchase,75,Supplier 08,,97213.61,
02-05-2025,Sales,124,Cash,17611.91,,
02-05-2025,Sales,124,Sales - Local,,17611.91,
02-05-2025,Payment,87,Staff Welfare,234.15,,
02-05-2025,Payment,87,Cash,,234.15,
02-05-2025,Purchase,76,Purchases - Local,19623.92,,
02-05-2025,Purchase,76,Supplier 02,,19623.92,
02-05-2025,Sales,125,Customer 11,188477.87,,
02-05-2025,Sales,125,Sales - Local,,188477.87,
02-05-2025,Purchase,77,Purchases - Local,116811.01,,
02-05-2025,Purchase,77,Supplier 09,,116811.01,
03-05-2025,Receipt,96,HDFC Bank Current A/c,87308.08,,
03-05-2025,Receipt,96,Customer 23,,87308.08,
03-05-2025,Purchase,78,Purchases - Local,109802.99,,
03-05-2025,Purchase,78,Supplier 02,,109802.99,
03-05-2025,Purchase,79,Purchases - Local,79191.45,,
03-05-2025,Purchase,79,Supplier 01,,79191.45,
03-05-2025,Purchase,80,Purchases - Local,93037.56,,
03-05-2025,Purchase,80,Supplier 13,,93037.56,
03-05-2025,Payment,88,Supplier 09,55434.80,,
03-05-2025,Payment,88,HDFC Bank Current A/c,,55434.80,
03-05-2025,Sales,126,Cash,28539.04,,
03-05-2025,Sales,126,Sales - Local,,28539.04,
03-05-2025,Sales,127,Customer 17,171039.63,,
03-05-2025,Sales,127,Sales - Local,,171039.63,
03-05-2025,Sales,128,Customer 01,190776.45,,
03-05-2025,Sales,128,Sales - Local,,190776.45,
03-05-2025,Sales,129,Customer 08,77267.13,,
03-05-2025,Sales,129,Sales - Local,,77267.13,
03-05-2025,Receipt,97,HDFC Bank Current A/c,75712.44,,
03-05-2025,Receipt,97,Customer 07,,75712.44,
03-05-2025,Purchase,81,Purchases - Local,61320.08,,
03-05-2025,Purchase,81,Supplier 08,,61320.08,
03-05-2025,Receipt,98,HDFC Bank Current A/c,28964.60,,
03-05-2025,Receipt,98,Customer 15,,28964.60,
04-05-2025,Sales,130,Customer 10,131477.80,,
04-05-2025,Sales,130,Sales - Local,,131477.80,
04-05-2025,Payment,89,Office Expenses,4116.38,,
04-05-2025,Payment,89,Cash,,4116.38,
04-05-2025,Sales,131,Customer 07,174599.59,,
04-05-2025,Sales,131,Sales - Local,,174599.59,
04-05-2025,Payment,90,Supplier 01,63157.14,,
04-05-2025,Payment,90,HDFC Bank Current A/c,,63157.14,
04-05-2025,Payment,91,Supplier 14,57886.43,,
04-05-2025,Payment,91,HDFC Bank Current A/c,,57886.43,
04-05-2025,Sales,132,Customer 05,96681.44,,
04-05-2025,Sales,132,Sales - Local,,96681.44,
04-05-2025,Sales,133,Cash,37128.85,,
04-05-2025,Sales,133,Sales - Local,,37128.85,
04-05-2025,Receipt,99,HDFC Bank Current A/c,71449.61,,
04-05-2025,Receipt,99,Customer 10,,71449.61,
04-05-2025,Payment,92,Printing & Stationery,2308.76,,
04-05-2025,Payment,92,Cash,,2308.76,
04-05-2025,Purchase,82,Purchases - Local,11695.06,,
04-05-2025,Purchase,82,Supplier 01,,11695.06,
04-05-2025,Sales,134,Customer 03,161768.49,,
04-05-2025,Sales,134,Sales - Local,,161768.49,
04-05-2025,Receipt,100,HDFC Bank Current A/c,46577.12,,
04-05-2025,Receipt,100,Customer 19,,46577.12,
05-05-2025,Sales,135,Customer 20,18225.47,,
05-05-2025,Sales,135,Sales - Local,,18225.47,
05-05-2025,Sales,136,Cash,22922.46,,
05-05-2025,Sales,136,Sales - Local,,22922.46,
05-05-2025,Sales,137,Cash,25904.83,,
05-05-2025,Sales,137,Sales - Local,,25904.83,
05-05-2025,Sales,138,Cash,3383.90,,
05-05-2025,Sales,138,Sales - Local,,3383.90,
05-05-2025,Payment,93,Supplier 09,99813.27,,
05-05-2025,Payment,93,HDFC Bank Current A/c,,99813.27,
05-05-2025,Sales,139,Customer 08,26726.99,,
05-05-2025,Sales,139,Sales - Local,,26726.99,
05-05-2025,Payment,94,Telephone Expenses,1852.78,,
05-05-2025,Payment,94,Cash,,1852.78,
05-05-2025,Purchase,83,Purchases - Local,79688.92,,
05-05-2025,Purchase,83,Supplier 05,,79688.92,
05-05-2025,Sales,140,Customer 12,115436.74,,
05-05-2025,Sales,140,Sales - Local,,115436.74,
05-05-2025,Sales,141,Customer 24,102751.05,,
05-05-2025,Sales,141,Sales - Local,,102751.05,
05-05-2025,Sales,142,Cash,5787.77,,
05-05-2025,Sales,142,Sales - Local,,5787.77,
05-05-2025,Purchase,84,Purchases - Local,9549.27,,
05-05-2025,Purchase,84,Supplier 09,,9549.27,
06-05-2025,Payment,95,Bank Charges,224.15,,
06-05-2025,Payment,95,HDFC Bank Current A/c,,224.15,
06-05-2025,Sales,143,Cash,6831.64,,
06-05-2025,Sales,143,Sales - Local,,6831.64,
06-05-2025,Receipt,101,Cash,9456.62,,
06-05-2025,Receipt,101,Customer 09,,9456.62,
06-05-2025,Sales,144,Customer 13,40250.10,,
06-05-2025,Sales,144,Sales - Local,,40250.10,
06-05-2025,Receipt,102,HDFC Bank Current A/c,306122.55,,
06-05-2025,Receipt,102,Customer 06,,306122.55,
06-05-2025,Payment,96,Supplier 01,146200.15,,
06-05-2025,Payment,96,HDFC Bank Current A/c,,146200.15,
06-05-2025,Sales,145,Customer 05,47194.60,,
06-05-2025,Sales,145,Sales - Local,,47194.60,
06-05-2025,Receipt,103,HDFC Bank Current A/c,40197.22,,
06-05-2025,Receipt,103,Customer 22,,40197.22,
06-05-2025,Sales,146,Customer 08,44169.16,,
06-05-2025,Sales,146,Sales - Local,,44169.16,
06-05-2025,Sales,147,Customer 07,115042.85,,
06-05-2025,Sales,147,Sales - Local,,115042.85,
06-05-2025,Receipt,104,HDFC Bank Current A/c,325145.56,,
06-05-2025,Receipt,104,Customer 07,,325145.56,
06-05-2025,Purchase,85,Purchases - Local,5143.48,,
06-05-2025,Purchase,85,Supplier 07,,5143.48,
07-05-2025,Sales,148,Cash,39785.39,,
07-05-2025,Sales,148,Sales - Local,,39785.39,
07-05-2025,Receipt,105,HDFC Bank Current A/c,30394.85,,
07-05-2025,Receipt,105,Customer 06,,30394.85,
07-05-2025,Sales,149,Customer 09,94217.70,,
07-05-2025,Sales,149,Sales - Local,,94217.70,
07-05-2025,Purchase,86,Purchases - Local,45882.79,,
07-05-2025,Purchase,86,Supplier 06,,45882.79,
07-05-2025,Receipt,106,HDFC Bank Current A/c,9058.02,,
07-05-2025,Receipt,106,Customer 06,,9058.02,
07-05-2025,Payment,97,Printing & Stationery,4190.19,,
07-05-2025,Payment,97,Cash,,4190.19,
07-05-2025,Purchase,87,Purchases - Local,104256.14,,
07-05-2025,Purchase,87,Supplier 15,,104256.14,
07-05-2025,Receipt,107,HDFC Bank Current A/c,107196.70,,
07-05-2025,Receipt,107,Customer 21,,107196.70,
07-05-2025,Payment,98,Conveyance,9690.35,,
07-05-2025,Payment,98,Cash,,9690.35,
07-05-2025,Receipt,108,HDFC Bank Current A/c,5920.39,,
07-05-2025,Receipt,108,Customer 16,,5920.39,
07-05-2025,Payment,99,Conveyance,5917.65,,
07-05-2025,Payment,99,Cash,,5917.65,
08-05-2025,Sales,150,Customer 15,84380.63,,
08-05-2025,Sales,150,Sales - Local,,84380.63,
08-05-2025,Payment,100,Staff Welfare,2714.64,,
08-05-2025,Payment,100,Cash,,2714.64,
08-05-2025,Payment,101,Supplier 12,161947.48,,
08-05-2025,Payment,101,HDFC Bank Current A/c,,161947.48,
08-05-2025,Purchase,88,Purchases - Local,53675.20,,
08-05-2025,Purchase,88,Supplier 06,,53675.20,
08-05-2025,Payment,102,Supplier 13,134622.12,,
08-05-2025,Payment,102,HDFC Bank Current A/c,,134622.12,
08-05-2025,Purchase,89,Purchases - Local,63241.90,,
08-05-2025,Purchase,89,Supplier 15,,63241.90,
08-05-2025,Purchase,90,Purchases - Local,81218.23,,
08-05-2025,Purchase,90,Supplier 10,,81218.23,
08-05-2025,Sales,151,Customer 06,79139.70,,
08-05-2025,Sales,151,Sales - Local,,79139.70,
08-05-2025,Sales,152,Customer 11,163222.92,,
08-05-2025,Sales,152,Sales - Local,,163222.92,
08-05-2025,Receipt,109,HDFC Bank Current A/c,131301.96,,
08-05-2025,Receipt,109,Customer 04,,131301.96,
08-05-2025,Receipt,110,HDFC Bank Current A/c,8181.05,,
08-05-2025,Receipt,110,Customer 14,,8181.05,
08-05-2025,Receipt,111,HDFC Bank Current A/c,5399.03,,
08-05-2025,Receipt,111,Customer 25,,5399.03,
09-05-2025,Receipt,112,HDFC Bank Current A/c,3731.52,,
09-05-2025,Receipt,112,Customer 10,,3731.52,
09-05-2025,Payment,103,Staff Welfare,9750.34,,
09-05-2025,Payment,103,Cash,,9750.34,
09-05-2025,Sales,153,Customer 07,107699.96,,
09-05-2025,Sales,153,Sales - Local,,107699.96,
09-05-2025,Payment,104,Supplier 14,7258.78,,
09-05-2025,Payment,104,HDFC Bank Current A/c,,7258.78,
09-05-2025,Receipt,113,Cash,6522.19,,
09-05-2025,Receipt,113,Customer 11,,6522.19,
09-05-2025,Payment,105,Supplier 01,242517.40,,
09-05-2025,Payment,105,HDFC Bank Current A/c,,242517.40,
09-05-2025,Sales,154,Customer 05,9508.99,,
09-05-2025,Sales,154,Sales - Local,,9508.99,
09-05-2025,Payment,106,Supplier 05,45974.19,,
09-05-2025,Payment,106,HDFC Bank Current A/c,,45974.19,
09-05-2025,Payment,107,Conveyance,593.31,,
09-05-2025,Payment,107,Cash,,593.31,
09-05-2025,Payment,108,Supplier 07,53685.37,,
09-05-2025,Payment,108,HDFC Bank Current A/c,,53685.37,
09-05-2025,Receipt,114,HDFC Bank Current A/c,275079.48,,
09-05-2025,Receipt,114,Customer 13,,275079.48,
09-05-2025,Sales,155,Customer 24,185958.64,,
09-05-2025,Sales,155,Sales - Local,,185958.64,
10-05-2025,Sales,156,Customer 03,127061.11,,
10-05-2025,Sales,156,Sales - Local,,127061.11,
10-05-2025,Receipt,115,HDFC Bank Current A/c,624764.65,,
10-05-2025,Receipt,115,Customer 11,,624764.65,
10-05-2025,Receipt,116,HDFC Bank Current A/c,152417.39,,
10-05-2025,Receipt,116,Customer 08,,152417.39,
10-05-2025,Sales,157,Customer 18,146645.33,,
10-05-2025,Sales,157,Sales - Local,,146645.33,
10-05-2025,Receipt,117,HDFC Bank Current A/c,8962.44,,
10-05-2025,Receipt,117,Interest Received,,8962.44,
10-05-2025,Sales,158,Customer 22,116447.54,,
10-05-2025,Sales,158,Sales - Local,,116447.54,
10-05-2025,Receipt,118,Cash,1966.18,,
10-05-2025,Receipt,118,Customer 22,,1966.18,
10-05-2025,Sales,159,Customer 07,67841.24,,
10-05-2025,Sales,159,Sales - Local,,67841.24,
10-05-2025,Purchase,91,Purchases - Local,108046.57,,
10-05-2025,Purchase,91,Supplier 10,,108046.57,
10-05-2025,Receipt,119,HDFC Bank Current A/c,47814.25,,
10-05-2025,Receipt,119,Customer 02,,47814.25,
10-05-2025,Sales,160,Customer 18,10241.40,,
10-05-2025,Sales,160,Sales - Local,,10241.40,
10-05-2025,Receipt,120,HDFC Bank Current A/c,11275.15,,
10-05-2025,Receipt,120,Customer 25,,11275.15,
11-05-2025,Purchase,92,Purchases - Local,115345.24,,
11-05-2025,Purchase,92,Supplier 03,,115345.24,
11-05-2025,Sales,161,Customer 20,199932.41,,
11-05-2025,Sales,161,Sales - Local,,199932.41,
11-05-2025,Purchase,93,Purchases - Local,118326.06,,
11-05-2025,Purchase,93,Supplier 08,,118326.06,
11-05-2025,Sales,162,Customer 24,30791.40,,
11-05-2025,Sales,162,Sales - Local,,30791.40,
11-05-2025,Sales,163,Customer 10,42435.10,,
11-05-2025,Sales,163,Sales - Local,,42435.10,
11-05-2025,Receipt,121,HDFC Bank Current A/c,345206.64,,
11-05-2025,Receipt,121,Customer 05,,345206.64,
11-05-2025,Sales,164,Customer 18,182987.78,,
11-05-2025,Sales,164,Sales - Local,,182987.78,
11-05-2025,Payment,109,Supplier 11,1580.46,,
11-05-2025,Payment,109,HDFC Bank Current A/c,,1580.46,
11-05-2025,Payment,110,Supplier 08,313188.74,,
11-05-2025,Payment,110,HDFC Bank Current A/c,,313188.74,
11-05-2025,Sales,165,Cash,19712.14,,
11-05-2025,Sales,165,Sales - Local,,19712.14,
11-05-2025,Sales,166,Cash,36326.58,,
11-05-2025,Sales,166,Sales - Local,,36326.58,
11-05-2025,Payment,111,Printing & Stationery,4401.98,,
11-05-2025,Payment,111,Cash,,4401.98,
12-05-2025,Receipt,122,HDFC Bank Current A/c,28350.92,,
12-05-2025,Receipt,122,Customer 04,,28350.92,
12-05-2025,Purchase,94,Purchases - Local,111241.11,,
12-05-2025,Purchase,94,Supplier 03,,111241.11,
12-05-2025,Purchase,95,Purchases - Local,78732.63,,
12-05-2025,Purchase,95,Supplier 12,,78732.63,
12-05-2025,Receipt,123,HDFC Bank Current A/c,51363.57,,
12-05-2025,Receipt,123,Customer 11,,51363.57,
12-05-2025,Payment,112,Supplier 11,28141.43,,
12-05-2025,Payment,112,HDFC Bank Current A/c,,28141.43,
12-05-2025,Payment,113,Conveyance,1049.32,,
12-05-2025,Payment,113,Cash,,1049.32,
12-05-2025,Sales,167,Customer 25,123772.60,,
12-05-2025,Sales,167,Sales - Local,,123772.60,
12-05-2025,Sales,168,Customer 04,157512.98,,
12-05-2025,Sales,168,Sales - Local,,157512.98,
12-05-2025,Sales,169,Customer 16,20789.09,,
12-05-2025,Sales,169,Sales - Local,,20789.09,
12-05-2025,Payment,114,Telephone Expenses,821.16,,
12-05-2025,Payment,114,Cash,,821.16,
12-05-2025,Sales,170,Customer 03,122466.53,,
12-05-2025,Sales,170,Sales - Local,,122466.53,
13-05-2025,Sales,171,Customer 01,6079.23,,
13-05-2025,Sales,171,Sales - Local,,6079.23,
13-05-2025,Sales,172,Cash,32620.05,,
13-05-2025,Sales,172,Sales - Local,,32620.05,
13-05-2025,Purchase,96,Purchases - Local,55023.41,,
13-05-2025,Purchase,96,Supplier 13,,55023.41,
13-05-2025,Receipt,124,HDFC Bank Current A/c,211428.38,,
13-05-2025,Receipt,124,Customer 01,,211428.38,
13-05-2025,Receipt,125,HDFC Bank Current A/c,13757.63,,
13-05-2025,Receipt,125,Customer 21,,13757.63,
13-05-2025,Payment,115,Bank Charges,282.01,,
13-05-2025,Payment,115,HDFC Bank Current A/c,,282.01,
13-05-2025,Sales,173,Cash,32288.48,,
13-05-2025,Sales,173,Sales - Local,,32288.48,
13-05-2025,Payment,116,Supplier 12,35664.48,,
13-05-2025,Payment,116,HDFC Bank Current A/c,,35664.48,
13-05-2025,Sales,174,Cash,2203.84,,
13-05-2025,Sales,174,Sales - Local,,2203.84,
13-05-2025,Sales,175,Customer 22,7456.19,,
13-05-2025,Sales,175,Sales - Local,,7456.19,
13-05-2025,Payment,117,Telephone Expenses,3068.09,,
13-05-2025,Payment,117,Cash,,3068.09,
13-05-2025,Sales,176,Customer 15,198681.31,,
13-05-2025,Sales,176,Sales - Local,,198681.31,
14-05-2025,Sales,177,Customer 05,89802.06,,
14-05-2025,Sales,177,Sales - Local,,89802.06,
14-05-2025,Purchase,97,Purchases - Local,91536.54,,
14-05-2025,Purchase,97,Supplier 05,,91536.54,
14-05-2025,Receipt,126,HDFC Bank Current A/c,82213.62,,
14-05-2025,Receipt,126,Customer 05,,82213.62,
14-05-2025,Sales,178,Cash,27903.70,,
14-05-2025,Sales,178,Sales - Local,,27903.70,
14-05-2025,Sales,179,Customer 09,88583.89,,
14-05-2025,Sales,179,Sales - Local,,88583.89,
14-05-2025,Receipt,127,HDFC Bank Current A/c,109675.09,,
14-05-2025,Receipt,127,Customer 18,,109675.09,
14-05-2025,Receipt,128,HDFC Bank Current A/c,4523.32,,
14-05-2025,Receipt,128,Customer 13,,4523.32,
14-05-2025,Sales,180,Customer 06,155117.75,,
14-05-2025,Sales,180,Sales - Local,,155117.75,
14-05-2025,Payment,118,Bank Charges,239.64,,
14-05-2025,Payment,118,HDFC Bank Current A/c,,239.64,
14-05-2025,Payment,119,Supplier 12,15963.74,,
14-05-2025,Payment,119,HDFC Bank Current A/c,,15963.74,
14-05-2025,Payment,120,Supplier 04,20629.86,,
14-05-2025,Payment,120,HDFC Bank Current A/c,,20629.86,
14-05-2025,Sales,181,Customer 20,131596.93,,
14-05-2025,Sales,181,Sales - Local,,131596.93,
15-05-2025,Purchase,98,Purchases - Local,69061.80,,
15-05-2025,Purchase,98,Supplier 15,,69061.80,
15-05-2025,Receipt,129,HDFC Bank Current A/c,3424.42,,
15-05-2025,Receipt,129,Interest Received,,3424.42,
15-05-2025,Sales,182,Cash,21179.35,,
15-05-2025,Sales,182,Sales - Local,,21179.35,
15-05-2025,Receipt,130,HDFC Bank Current A/c,23458.46,,
15-05-2025,Receipt,130,Customer 01,,23458.46,
15-05-2025,Sales,183,Cash,49924.72,,
15-05-2025,Sales,183,Sales - Local,,49924.72,
15-05-2025,Sales,184,Cash,30067.66,,
15-05-2025,Sales,184,Sales - Local,,30067.66,
15-05-2025,Sales,185,Cash,11507.14,,
15-05-2025,Sales,185,Sales - Local,,11507.14,
15-05-2025,Payment,121,Conveyance,4246.90,,
15-05-2025,Payment,121,Cash,,4246.90,
15-05-2025,Purchase,99,Purchases - Local,74008.27,,
15-05-2025,Purchase,99,Supplier 11,,74008.27,
15-05-2025,Receipt,131,HDFC Bank Current A/c,69088.61,,
15-05-2025,Receipt,131,Customer 12,,69088.61,
15-05-2025,Sales,186,Cash,30742.15,,
15-05-2025,Sales,186,Sales - Local,,30742.15,
15-05-2025,Sales,187,Cash,31342.71,,
15-05-2025,Sales,187,Sales - Local,,31342.71,
16-05-2025,Payment,122,Rent,25000.00,,
16-05-2025,Payment,122,HDFC Bank Current A/c,,25000.00,
16-05-2025,Payment,123,Salary,41112.66,,
16-05-2025,Payment,123,HDFC Bank Current A/c,,41112.66,
16-05-2025,Payment,124,Electricity Charges,6756.32,,
16-05-2025,Payment,124,HDFC Bank Current A/c,,6756.32,
16-05-2025,Journal,3,Interest on Unsecured Loans,3000.00,,
16-05-2025,Journal,3,Unsecured Loan - Rajesh Kumar,,2700.00,
16-05-2025,Journal,3,TDS Payable,,300.00,
16-05-2025,Payment,125,TDS Payable,300.00,,
16-05-2025,Payment,125,HDFC Bank Current A/c,,300.00,
16-05-2025,Payment,126,HDFC Bank Term Loan,40000.00,,
16-05-2025,Payment,126,HDFC Bank Current A/c,,40000.00,
16-05-2025,Payment,127,Interest on Term Loan,6664.51,,
16-05-2025,Payment,127,HDFC Bank Current A/c,,6664.51,
16-05-2025,Journal,4,Travelling Expenses,1253.32,,
16-05-2025,Journal,4,HDFC Bank Current A/c,,1253.32,
16-05-2025,Sales,188,Customer 04,31010.12,,
16-05-2025,Sales,188,Sales - Local,,31010.12,
16-05-2025,Receipt,132,Cash,9322.21,,
16-05-2025,Receipt,132,Customer 06,,9322.21,
16-05-2025,Receipt,133,HDFC Bank Current A/c,236261.31,,
16-05-2025,Receipt,133,Customer 10,,236261.31,
16-05-2025,Sales,189,Cash,9944.07,,
16-05-2025,Sales,189,Sales - Local,,9944.07,
16-05-2025,Payment,128,Bank Charges,87.45,,
16-05-2025,Payment,128,HDFC Bank Current A/c,,87.45,
16-05-2025,Payment,129,Conveyance,495.98,,
16-05-2025,Payment,129,Cash,,495.98,
16-05-2025,Sales,190,Cash,25645.34,,
16-05-2025,Sales,190,Sales - Local,,25645.34,
16-05-2025,Payment,130,Supplier 09,25920.28,,
16-05-2025,Payment,130,HDFC Bank Current A/c,,25920.28,
16-05-2025,Receipt,134,Cash,10204.02,,
16-05-2025,Receipt,134,Customer 11,,10204.02,
16-05-2025,Receipt,135,HDFC Bank Current A/c,180555.65,,
16-05-2025,Receipt,135,Customer 18,,180555.65,
16-05-2025,Payment,131,Printing & Stationery,5293.15,,
16-05-2025,Payment,131,Cash,,5293.15,
16-05-2025,Sales,191,Cash,2558.92,,
16-05-2025,Sales,191,Sales - Local,,2558.92,
17-05-2025,Sales,192,Customer 22,9268.64,,
17-05-2025,Sales,192,Sales - Local,,9268.64,
17-05-2025,Payment,132,Supplier 09,25207.59,,
17-05-2025,Payment,132,HDFC Bank Current A/c,,25207.59,
17-05-2025,Receipt,136,HDFC Bank Current A/c,121472.88,,
17-05-2025,Receipt,136,Customer 06,,121472.88,
17-05-2025,Receipt,137,HDFC Bank Current A/c,17544.97,,
17-05-2025,Receipt,137,Customer 23,,17544.97,
17-05-2025,Payment,133,Supplier 07,24612.99,,
17-05-2025,Payment,133,HDFC Bank Current A/c,,24612.99,
17-05-2025,Sales,193,Cash,20880.22,,
17-05-2025,Sales,193,Sales - Local,,20880.22,
17-05-2025,Purchase,100,Purchases - Local,94245.04,,
17-05-2025,Purchase,100,Supplier 01,,94245.04,
17-05-2025,Sales,194,Customer 21,66839.75,,
17-05-2025,Sales,194,Sales - Local,,66839.75,
17-05-2025,Payment,134,Printing & Stationery,8829.17,,
17-05-2025,Payment,134,Cash,,8829.17,
17-05-2025,Payment,135,Supplier 07,11420.33,,
17-05-2025,Payment,135,HDFC Bank Current A/c,,11420.33,
17-05-2025,Payment,136,Office Expenses,4245.58,,
17-05-2025,Payment,136,Cash,,4245.58,
17-05-2025,Receipt,138,HDFC Bank Current A/c,9439.92,,
17-05-2025,Receipt,138,Customer 10,,9439.92,
18-05-2025,Receipt,139,HDFC Bank Current A/c,1054.72,,
18-05-2025,Receipt,139,Customer 14,,1054.72,
18-05-2025,Receipt,140,HDFC Bank Current A/c,15939.01,,
18-05-2025,Receipt,140,Customer 22,,15939.01,
18-05-2025,Purchase,101,Purchases - Local,117524.97,,
18-05-2025,Purchase,101,Supplier 05,,117524.97,
18-05-2025,Payment,137,Supplier 03,187459.78,,
18-05-2025,Payment,137,HDFC Bank Current A/c,,187459.78,
18-05-2025,Sales,195,Cash,3293.89,,
18-05-2025,Sales,195,Sales - Local,,3293.89,
18-05-2025,Purchase,102,Purchases - Local,15785.68,,
18-05-2025,Purchase,102,Supplier 09,,15785.68,
18-05-2025,Payment,138,Supplier 14,5405.29,,
18-05-2025,Payment,138,HDFC Bank Current A/c,,5405.29,
18-05-2025,Purchase,103,Purchases - Local,85403.14,,
18-05-2025,Purchase,103,Supplier 01,,85403.14,
18-05-2025,Sales,196,Cash,28475.40,,
18-05-2025,Sales,196,Sales - Local,,28475.40,
18-05-2025,Sales,197,Customer 24,192802.18,,
18-05-2025,Sales,197,Sales - Local,,192802.18,
18-05-2025,Receipt,141,HDFC Bank Current A/c,8220.27,,
18-05-2025,Receipt,141,Customer 25,,8220.27,
18-05-2025,Sales,198,Customer 02,132331.61,,
18-05-2025,Sales,198,Sales - Local,,132331.61,
19-05-2025,Purchase,104,Purchases - Local,106542.66,,
19-05-2025,Purchase,104,Supplier 07,,106542.66,
19-05-2025,Sales,199,Customer 23,85977.87,,
19-05-2025,Sales,199,Sales - Local,,85977.87,
19-05-2025,Sales,200,Customer 09,94722.63,,
19-05-2025,Sales,200,Sales - Local,,94722.63,
19-05-2025,Receipt,142,Cash,13118.46,,
19-05-2025,Receipt,142,Customer 02,,13118.46,
19-05-2025,Receipt,143,HDFC Bank Current A/c,40295.56,,
19-05-2025,Receipt,143,Customer 23,,40295.56,
19-05-2025,Receipt,144,HDFC Bank Current A/c,125956.17,,
19-05-2025,Receipt,144,Customer 07,,125956.17,
19-05-2025,Payment,139,Staff Welfare,3307.51,,
19-05-2025,Payment,139,Cash,,3307.51,
19-05-2025,Payment,140,Supplier 04,3025.05,,
19-05-2025,Payment,140,HDFC Bank Current A/c,,3025.05,
19-05-2025,Purchase,105,Purchases - Local,105658.17,,
19-05-2025,Purchase,105,Supplier 08,,105658.17,
19-05-2025,Receipt,145,HDFC Bank Current A/c,29882.28,,
19-05-2025,Receipt,145,Customer 13,,29882.28,
19-05-2025,Purchase,106,Purchases - Local,98530.33,,
19-05-2025,Purchase,106,Supplier 12,,98530.33,
19-05-2025,Sales,201,Customer 07,124057.12,,
19-05-2025,Sales,201,Sales - Local,,124057.12,
20-05-2025,Receipt,146,HDFC Bank Current A/c,1316.80,,
20-05-2025,Receipt,146,Customer 08,,1316.80,
20-05-2025,Payment,141,Staff Welfare,2339.18,,
20-05-2025,Payment,141,Cash,,2339.18,
20-05-2025,Purchase,107,Purchases - Local,21135.71,,
20-05-2025,Purchase,107,Supplier 03,,21135.71,
20-05-2025,Payment,142,Supplier 03,131553.27,,
20-05-2025,Payment,142,HDFC Bank Current A/c,,131553.27,
20-05-2025,Sales,202,Customer 20,68636.70,,
20-05-2025,Sales,202,Sales - Local,,68636.70,
20-05-2025,Purchase,108,Purchases - Local,6718.23,,
20-05-2025,Purchase,108,Supplier 11,,6718.23,
20-05-2025,Purchase,109,Purchases - Local,43137.50,,
20-05-2025,Purchase,109,Supplier 11,,43137.50,
20-05-2025,Purchase,110,Purchases - Local,93637.91,,
20-05-2025,Purchase,110,Supplier 02,,93637.91,
20-05-2025,Payment,143,Supplier 14,2209.26,,
20-05-2025,Payment,143,HDFC Bank Current A/c,,2209.26,
20-05-2025,Payment,144,Supplier 11,101738.65,,
20-05-2025,Payment,144,HDFC Bank Current A/c,,101738.65,
20-05-2025,Sales,203,Cash,14081.79,,
20-05-2025,Sales,203,Sales - Local,,14081.79,
20-05-2025,Sales,204,Cash,23684.92,,
20-05-2025,Sales,204,Sales - Local,,23684.92,
21-05-2025,Payment,145,Conveyance,5665.35,,
21-05-2025,Payment,145,Cash,,5665.35,
21-05-2025,Purchase,111,Purchases - Local,93928.63,,
21-05-2025,Purchase,111,Supplier 05,,93928.63,
21-05-2025,Payment,146,Telephone Expenses,6867.52,,
21-05-2025,Payment,146,Cash,,6867.52,
21-05-2025,Sales,205,Cash,15646.42,,
21-05-2025,Sales,205,Sales - Local,,15646.42,
21-05-2025,Sales,206,Cash,36479.99,,
21-05-2025,Sales,206,Sales - Local,,36479.99,
21-05-2025,Payment,147,Supplier 15,219298.13,,
21-05-2025,Payment,147,HDFC Bank Current A/c,,219298.13,
21-05-2025,Payment,148,Bank Charges,357.52,,
21-05-2025,Payment,148,HDFC Bank Current A/c,,357.52,
21-05-2025,Receipt,147,HDFC Bank Current A/c,100653.36,,
21-05-2025,Receipt,147,Customer 03,,100653.36,
21-05-2025,Receipt,148,HDFC Bank Current A/c,243560.72,,
21-05-2025,Receipt,148,Customer 20,,243560.72,
21-05-2025,Sales,207,Cash,11642.16,,
21-05-2025,Sales,207,Sales - Local,,11642.16,
21-05-2025,Sales,208,Cash,12624.39,,
21-05-2025,Sales,208,Sales - Local,,12624.39,
22-05-2025,Payment,149,Conveyance,2009.33,,
22-05-2025,Payment,149,Cash,,2009.33,
22-05-2025,Purchase,112,Purchases - Local,37506.52,,
22-05-2025,Purchase,112,Supplier 04,,37506.52,
22-05-2025,Receipt,149,HDFC Bank Current A/c,7982.41,,
22-05-2025,Receipt,149,Customer 05,,7982.41,
22-05-2025,Sales,209,Customer 17,151019.06,,
22-05-2025,Sales,209,Sales - Local,,151019.06,
22-05-2025,Purchase,113,Purchases - Local,58255.72,,
22-05-2025,Purchase,113,Supplier 14,,58255.72,
22-05-2025,Payment,150,Supplier 14,32668.12,,
22-05-2025,Payment,150,HDFC Bank Current A/c,,32668.12,
22-05-2025,Sales,210,Customer 10,59846.98,,
22-05-2025,Sales,210,Sales - Local,,59846.98,
22-05-2025,Receipt,150,HDFC Bank Current A/c,52231.16,,
22-05-2025,Receipt,150,Customer 20,,52231.16,
22-05-2025,Sales,211,Cash,45274.52,,
22-05-2025,Sales,211,Sales - Local,,45274.52,
22-05-2025,Receipt,151,HDFC Bank Current A/c,12628.79,,
22-05-2025,Receipt,151,Customer 05,,12628.79,
22-05-2025,Sales,212,Customer 09,60759.47,,
22-05-2025,Sales,212,Sales - Local,,60759.47,
22-05-2025,Purchase,114,Purchases - Local,86431.48,,
22-05-2025,Purchase,114,Supplier 09,,86431.48,
23-05-2025,Receipt,152,Cash,1202.40,,
23-05-2025,Receipt,152,Customer 11,,1202.40,
23-05-2025,Payment,151,Staff Welfare,3045.15,,
23-05-2025,Payment,151,Cash,,3045.15,
23-05-2025,Sales,213,Customer 13,75220.70,,
23-05-2025,Sales,213,Sales - Local,,75220.70,
23-05-2025,Payment,152,Conveyance,6105.94,,
23-05-2025,Payment,152,Cash,,6105.94,
23-05-2025,Sales,214,Cash,11799.52,,
23-05-2025,Sales,214,Sales - Local,,11799.52,
23-05-2025,Sales,215,Cash,17427.70,,
23-05-2025,Sales,215,Sales - Local,,17427.70,
23-05-2025,Payment,153,Supplier 02,12956.52,,
23-05-2025,Payment,153,HDFC Bank Current A/c,,12956.52,
23-05-2025,Purchase,115,Purchases - Local,88731.94,,
23-05-2025,Purchase,115,Supplier 01,,88731.94,
23-05-2025,Sales,216,Customer 06,98260.58,,
23-05-2025,Sales,216,Sales - Local,,98260.58,
23-05-2025,Sales,217,Customer 23,141628.98,,
23-05-2025,Sales,217,Sales - Local,,141628.98,
23-05-2025,Payment,154,Supplier 11,107290.89,,
23-05-2025,Payment,154,HDFC Bank Current A/c,,107290.89,
23-05-2025,Sales,218,Customer 23,111202.76,,
23-05-2025,Sales,218,Sales - Local,,111202.76,
24-05-2025,Receipt,153,HDFC Bank Current A/c,13169.39,,
24-05-2025,Receipt,153,Customer 08,,13169.39,
24-05-2025,Sales,219,Customer 20,191552.04,,
24-05-2025,Sales,219,Sales - Local,,191552.04,
24-05-2025,Sales,220,Cash,5195.30,,
24-05-2025,Sales,220,Sales - Local,,5195.30,
24-05-2025,Receipt,154,HDFC Bank Current A/c,34208.23,,
24-05-2025,Receipt,154,Customer 21,,34208.23,
24-05-2025,Purchase,116,Purchases - Local,20318.87,,
24-05-2025,Purchase,116,Supplier 12,,20318.87,
24-05-2025,Receipt,155,HDFC Bank Current A/c,231017.51,,
24-05-2025,Receipt,155,Customer 09,,231017.51,
24-05-2025,Receipt,156,Cash,15052.50,,
24-05-2025,Receipt,156,Customer 07,,15052.50,
24-05-2025,Receipt,157,HDFC Bank Current A/c,301334.54,,
24-05-2025,Receipt,157,Customer 17,,301334.54,
24-05-2025,Payment,155,Supplier 11,3096.57,,
24-05-2025,Payment,155,HDFC Bank Current A/c,,3096.57,
24-05-2025,Receipt,158,Cash,17027.49,,
24-05-2025,Receipt,158,Customer 20,,17027.49,
24-05-2025,Purchase,117,Purchases - Local,115254.60,,
24-05-2025,Purchase,117,Supplier 07,,115254.60,
24-05-2025,Payment,156,Supplier 11,1005.59,,
24-05-2025,Payment,156,HDFC Bank Current A/c,,1005.59,
25-05-2025,Purchase,118,Purchases - Local,77493.73,,
25-05-2025,Purchase,118,Supplier 12,,77493.73,
25-05-2025,Purchase,119,Purchases - Local,101772.53,,
25-05-2025,Purchase,119,Supplier 06,,101772.53,
25-05-2025,Receipt,159,HDFC Bank Current A/c,85039.59,,
25-05-2025,Receipt,159,Customer 23,,85039.59,
25-05-2025,Sales,221,Customer 25,111950.27,,
25-05-2025,Sales,221,Sales - Local,,111950.27,
25-05-2025,Receipt,160,HDFC Bank Current A/c,110313.72,,
25-05-2025,Receipt,160,Customer 25,,110313.72,
25-05-2025,Receipt,161,HDFC Bank Current A/c,119585.85,,
25-05-2025,Receipt,161,Customer 02,,119585.85,
25-05-2025,Payment,157,Telephone Expenses,8581.66,,
25-05-2025,Payment,157,Cash,,8581.66,
25-05-2025,Receipt,162,HDFC Bank Current A/c,804507.64,,
25-05-2025,Receipt,162,Customer 24,,804507.64,
25-05-2025,Sales,222,Customer 24,89964.92,,
25-05-2025,Sales,222,Sales - Local,,89964.92,
25-05-2025,Sales,223,Customer 25,16113.59,,
25-05-2025,Sales,223,Sales - Local,,16113.59,
25-05-2025,Receipt,163,HDFC Bank Current A/c,16799.99,,
25-05-2025,Receipt,163,Customer 02,,16799.99,
25-05-2025,Sales,224,Customer 16,142006.96,,
25-05-2025,Sales,224,Sales - Local,,142006.96,
26-05-2025,Receipt,164,Cash,5653.01,,
26-05-2025,Receipt,164,Customer 17,,5653.01,
26-05-2025,Sales,225,Customer 22,134441.75,,
26-05-2025,Sales,225,Sales - Local,,134441.75,
26-05-2025,Receipt,165,HDFC Bank Current A/c,115897.03,,
26-05-2025,Receipt,165,Customer 20,,115897.03,
26-05-2025,Receipt,166,HDFC Bank Current A/c,6740.94,,
26-05-2025,Receipt,166,Customer 22,,6740.94,
26-05-2025,Payment,158,Bank Charges,487.44,,
26-05-2025,Payment,158,HDFC Bank Current A/c,,487.44,
26-05-2025,Payment,159,Supplier 14,3614.96,,
26-05-2025,Payment,159,HDFC Bank Current A/c,,3614.96,
26-05-2025,Sales,226,Customer 17,87574.03,,
26-05-2025,Sales,226,Sales - Local,,87574.03,
26-05-2025,Purchase,120,Purchases - Local,69305.26,,
26-05-2025,Purchase,120,Supplier 01,,69305.26,
26-05-2025,Purchase,121,Purchases - Local,22361.61,,
26-05-2025,Purchase,121,Supplier 08,,22361.61,
26-05-2025,Receipt,167,HDFC Bank Current A/c,42366.36,,
26-05-2025,Receipt,167,Customer 13,,42366.36,
26-05-2025,Payment,160,Staff Welfare,6843.58,,
26-05-2025,Payment,160,Cash,,6843.58,
26-05-2025,Sales,227,Cash,43176.53,,
26-05-2025,Sales,227,Sales - Local,,43176.53,
27-05-2025,Receipt,168,Cash,12116.69,,
27-05-2025,Receipt,168,Customer 07,,12116.69,
27-05-2025,Receipt,169,HDFC Bank Current A/c,314067.02,,
27-05-2025,Receipt,169,Customer 03,,314067.02,
27-05-2025,Payment,161,Supplier 09,20106.13,,
27-05-2025,Payment,161,HDFC Bank Current A/c,,20106.13,
27-05-2025,Payment,162,Staff Welfare,2533.97,,
27-05-2025,Payment,162,Cash,,2533.97,
27-05-2025,Sales,228,Cash,8817.77,,
27-05-2025,Sales,228,Sales - Local,,8817.77,
27-05-2025,Sales,229,Cash,31796.73,,
27-05-2025,Sales,229,Sales - Local,,31796.73,
27-05-2025,Payment,163,Printing & Stationery,5360.86,,
27-05-2025,Payment,163,Cash,,5360.86,
27-05-2025,Sales,230,Customer 05,14499.95,,
27-05-2025,Sales,230,Sales - Local,,14499.95,
27-05-2025,Sales,231,Cash,48329.18,,
27-05-2025,Sales,231,Sales - Local,,48329.18,
27-05-2025,Receipt,170,HDFC Bank Current A/c,13773.78,,
27-05-2025,Receipt,170,Customer 05,,13773.78,
28-05-2025,Purchase,122,Purchases - Local,18014.81,,
28-05-2025,Purchase,122,Supplier 12,,18014.81,
28-05-2025,Sales,232,Cash,47960.56,,
28-05-2025,Sales,232,Sales - Local,,47960.56,
28-05-2025,Sales,233,Customer 15,120983.86,,
28-05-2025,Sales,233,Sales - Local,,120983.86,
28-05-2025,Receipt,171,HDFC Bank Current A/c,3558.06,,
28-05-2025,Receipt,171,Customer 23,,3558.06,
28-05-2025,Receipt,172,HDFC Bank Current A/c,13001.65,,
28-05-2025,Receipt,172,Customer 23,,13001.65,
28-05-2025,Payment,164,Supplier 04,38498.22,,
28-05-2025,Payment,164,HDFC Bank Current A/c,,38498.22,
28-05-2025,Purchase,123,Purchases - Local,106855.91,,
28-05-2025,Purchase,123,Supplier 01,,106855.91,
28-05-2025,Receipt,173,HDFC Bank Current A/c,152276.77,,
28-05-2025,Receipt,173,Customer 12,,152276.77,
28-05-2025,Purchase,124,Purchases - Local,53727.86,,
28-05-2025,Purchase,124,Supplier 06,,53727.86,
28-05-2025,Payment,165,Printing & Stationery,7591.51,,
28-05-2025,Payment,165,Cash,,7591.51,
28-05-2025,Sales,234,Customer 20,152325.59,,
28-05-2025,Sales,234,Sales - Local,,152325.59,
29-05-2025,Payment,166,Office Expenses,5698.86,,
29-05-2025,Payment,166,Cash,,5698.86,
29-05-2025,Purchase,125,Purchases - Local,78863.01,,
29-05-2025,Purchase,125,Supplier 02,,78863.01,
29-05-2025,Receipt,174,HDFC Bank Current A/c,153157.89,,
29-05-2025,Receipt,174,Customer 09,,153157.89,
29-05-2025,Sales,235,Customer 08,96464.14,,
29-05-2025,Sales,235,Sales - Local,,96464.14,
29-05-2025,Payment,167,Telephone Expenses,769.42,,
29-05-2025,Payment,167,Cash,,769.42,
29-05-2025,Sales,236,Customer 17,63182.88,,
29-05-2025,Sales,236,Sales - Local,,63182.88,
29-05-2025,Purchase,126,Purchases - Local,108492.85,,
29-05-2025,Purchase,126,Supplier 10,,108492.85,
29-05-2025,Purchase,127,Purchases - Local,8630.96,,
29-05-2025,Purchase,127,Supplier 03,,8630.96,
29-05-2025,Purchase,128,Purchases - Local,80377.98,,
29-05-2025,Purchase,128,Supplier 01,,80377.98,
29-05-2025,Payment,168,Supplier 01,353762.49,,
29-05-2025,Payment,168,HDFC Bank Current A/c,,353762.49,
29-05-2025,Purchase,129,Purchases - Local,66807.03,,
29-05-2025,Purchase,129,Supplier 07,,66807.03,
30-05-2025,Sales,237,Customer 03,167037.11,,
30-05-2025,Sales,237,Sales - Local,,167037.11,
30-05-2025,Payment,169,Supplier 15,131346.03,,
30-05-2025,Payment,169,HDFC Bank Current A/c,,131346.03,
30-05-2025,Payment,170,Supplier 06,230704.05,,
30-05-2025,Payment,170,HDFC Bank Current A/c,,230704.05,
30-05-2025,Sales,238,Customer 18,19411.25,,
30-05-2025,Sales,238,Sales - Local,,19411.25,
30-05-2025,Receipt,175,HDFC Bank Current A/c,296810.76,,
30-05-2025,Receipt,175,Customer 20,,296810.76,
30-05-2025,Purchase,130,Purchases - Local,104222.01,,
30-05-2025,Purchase,130,Supplier 04,,104222.01,
30-05-2025,Sales,239,Cash,24021.94,,
30-05-2025,Sales,239,Sales - Local,,24021.94,
30-05-2025,Payment,171,Supplier 14,13530.67,,
30-05-2025,Payment,171,HDFC Bank Current A/c,,13530.67,
30-05-2025,Sales,240,Customer 10,73466.71,,
30-05-2025,Sales,240,Sales - Local,,73466.71,
30-05-2025,Purchase,131,Purchases - Local,22444.39,,
30-05-2025,Purchase,131,Supplier 12,,22444.39,
30-05-2025,Receipt,176,HDFC Bank Current A/c,171294.09,,
30-05-2025,Receipt,176,Customer 07,,171294.09,
30-05-2025,Purchase,132,Purchases - Local,68181.24,,
30-05-2025,Purchase,132,Supplier 08,,68181.24,
31-05-2025,Sales,241,Customer 07,71158.12,,
31-05-2025,Sales,241,Sales - Local,,71158.12,
31-05-2025,Sales,242,Cash,16846.79,,
31-05-2025,Sales,242,Sales - Local,,16846.79,
31-05-2025,Receipt,177,Cash,18240.07,,
31-05-2025,Receipt,177,Customer 21,,18240.07,
31-05-2025,Purchase,133,Purchases - Local,24780.62,,
31-05-2025,Purchase,133,Supplier 12,,24780.62,
31-05-2025,Receipt,178,HDFC Bank Current A/c,46379.75,,
31-05-2025,Receipt,178,Customer 09,,46379.75,
31-05-2025,Payment,172,Supplier 03,89070.50,,
31-05-2025,Payment,172,HDFC Bank Current A/c,,89070.50,
31-05-2025,Sales,243,Customer 12,121354.48,,
31-05-2025,Sales,243,Sales - Local,,121354.48,
31-05-2025,Purchase,134,Purchases - Local,92158.00,,
31-05-2025,Purchase,134,Supplier 14,,92158.00,
31-05-2025,Receipt,179,HDFC Bank Current A/c,48047.12,,
31-05-2025,Receipt,179,Customer 25,,48047.12,
31-05-2025,Payment,173,Conveyance,8039.84,,
31-05-2025,Payment,173,Cash,,8039.84,
31-05-2025,Sales,244,Customer 12,64521.39,,
31-05-2025,Sales,244,Sales - Local,,64521.39,
01-06-2025,Receipt,180,HDFC Bank Current A/c,141163.10,,
01-06-2025,Receipt,180,Customer 06,,141163.10,
01-06-2025,Sales,245,Cash,19114.55,,
01-06-2025,Sales,245,Sales - Local,,19114.55,
01-06-2025,Receipt,181,Cash,15471.47,,
01-06-2025,Receipt,181,Customer 24,,15471.47,
01-06-2025,Sales,246,Customer 20,113460.04,,
01-06-2025,Sales,246,Sales - Local,,113460.04,
01-06-2025,Purchase,135,Purchases - Local,43252.30,,
01-06-2025,Purchase,135,Supplier 11,,43252.30,
01-06-2025,Purchase,136,Purchases - Local,26786.56,,
01-06-2025,Purchase,136,Supplier 15,,26786.56,
01-06-2025,Sales,247,Cash,35844.19,,
01-06-2025,Sales,247,Sales - Local,,35844.19,
01-06-2025,Payment,174,Printing & Stationery,8085.39,,
01-06-2025,Payment,174,Cash,,8085.39,
01-06-2025,Payment,175,Staff Welfare,7119.70,,
01-06-2025,Payment,175,Cash,,7119.70,
01-06-2025,Sales,248,Cash,27475.42,,
01-06-2025,Sales,248,Sales - Local,,27475.42,
01-06-2025,Purchase,137,Purchases - Local,48603.37,,
01-06-2025,Purchase,137,Supplier 03,,48603.37,
01-06-2025,Payment,176,Supplier 15,10822.21,,
01-06-2025,Payment,176,HDFC Bank Current A/c,,10822.21,
02-06-2025,Sales,249,Customer 12,51677.02,,
02-06-2025,Sales,249,Sales - Local,,51677.02,
02-06-2025,Sales,250,Customer 20,118386.67,,
02-06-2025,Sales,250,Sales - Local,,118386.67,
02-06-2025,Purchase,138,Purchases - Local,82622.40,,
02-06-2025,Purchase,138,Supplier 15,,82622.40,
02-06-2025,Sales,251,Customer 19,64499.67,,
02-06-2025,Sales,251,Sales - Local,,64499.67,
02-06-2025,Payment,177,Telephone Expenses,4120.91,,
02-06-2025,Payment,177,Cash,,4120.91,
02-06-2025,Sales,252,Customer 03,24485.93,,
02-06-2025,Sales,252,Sales - Local,,24485.93,
02-06-2025,Payment,178,Conveyance,2978.50,,
02-06-2025,Payment,178,Cash,,2978.50,
02-06-2025,Sales,253,Cash,31800.66,,
02-06-2025,Sales,253,Sales - Local,,31800.66,
02-06-2025,Payment,179,Supplier 14,28723.57,,
02-06-2025,Payment,179,HDFC Bank Current A/c,,28723.57,
02-06-2025,Receipt,182,HDFC Bank Current A/c,67081.64,,
02-06-2025,Receipt,182,Customer 10,,67081.64,
02-06-2025,Payment,180,Supplier 01,44460.23,,
02-06-2025,Payment,180,HDFC Bank Current A/c,,44460.23,
02-06-2025,Receipt,183,HDFC Bank Current A/c,2496.92,,
02-06-2025,Receipt,183,Customer 11,,2496.92,
03-06-2025,Sales,254,Customer 18,7818.20,,
03-06-2025,Sales,254,Sales - Local,,7818.20,
03-06-2025,Sales,255,Customer 10,7508.64,,
03-06-2025,Sales,255,Sales - Local,,7508.64,
03-06-2025,Payment,181,Supplier 11,34169.29,,
03-06-2025,Payment,181,HDFC Bank Current A/c,,34169.29,
03-06-2025,Sales,256,Cash,15402.45,,
03-06-2025,Sales,256,Sales - Local,,15402.45,
03-06-2025,Receipt,184,HDFC Bank Current A/c,283862.71,,
03-06-2025,Receipt,184,Customer 22,,283862.71,
03-06-2025,Receipt,185,HDFC Bank Current A/c,13428.06,,
03-06-2025,Receipt,185,Customer 01,,13428.06,
03-06-2025,Payment,182,Staff Welfare,3141.01,,
03-06-2025,Payment,182,Cash,,3141.01,
03-06-2025,Receipt,186,HDFC Bank Current A/c,43563.84,,
03-06-2025,Receipt,186,Customer 08,,43563.84,
03-06-2025,Sales,257,Customer 11,82518.55,,
03-06-2025,Sales,257,Sales - Local,,82518.55,
03-06-2025,Sales,258,Cash,34690.47,,
03-06-2025,Sales,258,Sales - Local,,34690.47,
03-06-2025,Sales,259,Customer 06,181206.28,,
03-06-2025,Sales,259,Sales - Local,,181206.28,
03-06-2025,Sales,260,Customer 22,189065.78,,
03-06-2025,Sales,260,Sales - Local,,189065.78,
04-06-2025,Purchase,139,Purchases - Local,101725.12,,
04-06-2025,Purchase,139,Supplier 10,,101725.12,
04-06-2025,Payment,183,Supplier 13,52220.48,,
04-06-2025,Payment,183,HDFC Bank Current A/c,,52220.48,
04-06-2025,Purchase,140,Purchases - Local,82879.52,,
04-06-2025,Purchase,140,Supplier 07,,82879.52,
04-06-2025,Receipt,187,Cash,11859.72,,
04-06-2025,Receipt,187,Customer 23,,11859.72,
04-06-2025,Receipt,188,HDFC Bank Current A/c,156074.48,,
04-06-2025,Receipt,188,Customer 15,,156074.48,
04-06-2025,Sales,261,Cash,7823.06,,
04-06-2025,Sales,261,Sales - Local,,7823.06,
04-06-2025,Purchase,141,Purchases - Local,8247.98,,
04-06-2025,Purchase,141,Supplier 01,,8247.98,
04-06-2025,Receipt,189,HDFC Bank Current A/c,43457.85,,
04-06-2025,Receipt,189,Customer 21,,43457.85,
04-06-2025,Payment,184,Supplier 04,50336.88,,
04-06-2025,Payment,184,HDFC Bank Current A/c,,50336.88,
04-06-2025,Payment,185,Supplier 14,33087.86,,
04-06-2025,Payment,185,HDFC Bank Current A/c,,33087.86,
04-06-2025,Payment,186,Telephone Expenses,2245.66,,
04-06-2025,Payment,186,Cash,,2245.66,
04-06-2025,Payment,187,Supplier 03,20462.23,,
04-06-2025,Payment,187,HDFC Bank Current A/c,,20462.23,
05-06-2025,Sales,262,Customer 09,74114.84,,
05-06-2025,Sales,262,Sales - Local,,74114.84,
05-06-2025,Purchase,142,Purchases - Local,32544.33,,
05-06-2025,Purchase,142,Supplier 08,,32544.33,
05-06-2025,Sales,263,Customer 03,19677.28,,
05-06-2025,Sales,263,Sales - Local,,19677.28,
05-06-2025,Purchase,143,Purchases - Local,14458.81,,
05-06-2025,Purchase,143,Supplier 05,,14458.81,
05-06-2025,Payment,188,Bank Charges,95.04,,
05-06-2025,Payment,188,HDFC Bank Current A/c,,95.04,
05-06-2025,Purchase,144,Purchases - Local,47674.64,,
05-06-2025,Purchase,144,Supplier 02,,47674.64,
05-06-2025,Sales,264,Customer 09,62488.39,,
05-06-2025,Sales,264,Sales - Local,,62488.39,
05-06-2025,Payment,189,Supplier 02,204051.40,,
05-06-2025,Payment,189,HDFC Bank Current A/c,,204051.40,
05-06-2025,Sales,265,Customer 02,138110.58,,
05-06-2025,Sales,265,Sales - Local,,138110.58,
05-06-2025,Sales,266,Customer 19,28497.43,,
05-06-2025,Sales,266,Sales - Local,,28497.43,
05-06-2025,Sales,267,Customer 23,76125.91,,
05-06-2025,Sales,267,Sales - Local,,76125.91,
05-06-2025,Sales,268,Cash,18293.95,,
05-06-2025,Sales,268,Sales - Local,,18293.95,
06-06-2025,Purchase,145,Purchases - Local,68254.95,,
06-06-2025,Purchase,145,Supplier 04,,68254.95,
06-06-2025,Sales,269,Customer 10,161701.59,,
06-06-2025,Sales,269,Sales - Local,,161701.59,
06-06-2025,Sales,270,Customer 20,71772.61,,
06-06-2025,Sales,270,Sales - Local,,71772.61,
06-06-2025,Purchase,146,Purchases - Local,46909.63,,
06-06-2025,Purchase,146,Supplier 08,,46909.63,
06-06-2025,Purchase,147,Purchases - Local,57340.86,,
06-06-2025,Purchase,147,Supplier 01,,57340.86,
06-06-2025,Purchase,148,Purchases - Local,30872.53,,
06-06-2025,Purchase,148,Supplier 10,,30872.53,
06-06-2025,Payment,190,Conveyance,4003.22,,
06-06-2025,Payment,190,Cash,,4003.22,
06-06-2025,Payment,191,Printing & Stationery,4120.11,,
06-06-2025,Payment,191,Cash,,4120.11,
06-06-2025,Sales,271,Customer 19,28418.99,,
06-06-2025,Sales,271,Sales - Local,,28418.99,
06-06-2025,Receipt,190,HDFC Bank Current A/c,9365.05,,
06-06-2025,Receipt,190,Customer 01,,9365.05,
06-06-2025,Payment,192,Telephone Expenses,2663.23,,
06-06-2025,Payment,192,Cash,,2663.23,
07-06-2025,Payment,193,Office Expenses,4801.53,,
07-06-2025,Payment,193,Cash,,4801.53,
07-06-2025,Sales,272,Customer 11,42883.71,,
07-06-2025,Sales,272,Sales - Local,,42883.71,
07-06-2025,Purchase,149,Purchases - Local,8205.55,,
07-06-2025,Purchase,149,Supplier 12,,8205.55,
07-06-2025,Sales,273,Cash,20899.07,,
07-06-2025,Sales,273,Sales - Local,,20899.07,
07-06-2025,Purchase,150,Purchases - Local,68065.30,,
07-06-2025,Purchase,150,Supplier 02,,68065.30,
07-06-2025,Purchase,151,Purchases - Local,9146.39,,
07-06-2025,Purchase,151,Supplier 10,,9146.39,
07-06-2025,Purchase,152,Purchases - Local,102828.10,,
07-06-2025,Purchase,152,Supplier 05,,102828.10,
07-06-2025,Purchase,153,Purchases - Local,115585.07,,
07-06-2025,Purchase,153,Supplier 15,,115585.07,
07-06-2025,Receipt,191,HDFC Bank Current A/c,2360.89,,
07-06-2025,Receipt,191,Customer 21,,2360.89,
07-06-2025,Sales,274,Customer 21,72634.66,,
07-06-2025,Sales,274,Sales - Local,,72634.66,
07-06-2025,Sales,275,Customer 11,46608.39,,
07-06-2025,Sales,275,Sales - Local,,46608.39,
07-06-2025,Sales,276,Customer 06,27008.40,,
07-06-2025,Sales,276,Sales - Local,,27008.40,
08-06-2025,Payment,194,Supplier 03,16510.59,,
08-06-2025,Payment,194,HDFC Bank Current A/c,,16510.59,
08-06-2025,Payment,195,Bank Charges,115.02,,
08-06-2025,Payment,195,HDFC Bank Current A/c,,115.02,
08-06-2025,Sales,277,Customer 06,68100.57,,
08-06-2025,Sales,277,Sales - Local,,68100.57,
08-06-2025,Sales,278,Cash,34144.93,,
08-06-2025,Sales,278,Sales - Local,,34144.93,
08-06-2025,Purchase,154,Purchases - Local,14190.55,,
08-06-2025,Purchase,154,Supplier 08,,14190.55,
08-06-2025,Sales,279,Customer 06,16661.49,,
08-06-2025,Sales,279,Sales - Local,,16661.49,
08-06-2025,Receipt,192,HDFC Bank Current A/c,380199.47,,
08-06-2025,Receipt,192,Customer 06,,380199.47,
08-06-2025,Payment,196,Bank Charges,408.54,,
08-06-2025,Payment,196,HDFC Bank Current A/c,,408.54,
08-06-2025,Payment,197,Supplier 13,72799.37,,
08-06-2025,Payment,197,HDFC Bank Current A/c,,72799.37,
08-06-2025,Purchase,155,Purchases - Local,45301.11,,
08-06-2025,Purchase,155,Supplier 11,,45301.11,
08-06-2025,Sales,280,Customer 15,70872.21,,
08-06-2025,Sales,280,Sales - Local,,70872.21,
08-06-2025,Sales,281,Customer 18,136171.95,,
08-06-2025,Sales,281,Sales - Local,,136171.95,
09-06-2025,Payment,198,Supplier 01,128193.65,,
09-06-2025,Payment,198,HDFC Bank Current A/c,,128193.65,
09-06-2025,Payment,199,Supplier 10,468048.06,,
09-06-2025,Payment,199,HDFC Bank Current A/c,,468048.06,
09-06-2025,Sales,282,Customer 08,19164.30,,
09-06-2025,Sales,282,Sales - Local,,19164.30,
09-06-2025,Sales,283,Cash,30276.99,,
09-06-2025,Sales,283,Sales - Local,,30276.99,
09-06-2025,Sales,284,Customer 16,165429.52,,
09-06-2025,Sales,284,Sales - Local,,165429.52,
09-06-2025,Payment,200,Supplier 08,328480.94,,
09-06-2025,Payment,200,HDFC Bank Current A/c,,328480.94,
09-06-2025,Payment,201,Office Expenses,1691.76,,
09-06-2025,Payment,201,Cash,,1691.76,
09-06-2025,Payment,202,Supplier 09,88721.90,,
09-06-2025,Payment,202,HDFC Bank Current A/c,,88721.90,
09-06-2025,Sales,285,Customer 07,51127.42,,
09-06-2025,Sales,285,Sales - Local,,51127.42,
09-06-2025,Payment,203,Staff Welfare,8465.13,,
09-06-2025,Payment,203,Cash,,8465.13,
09-06-2025,Sales,286,Customer 19,112765.22,,
09-06-2025,Sales,286,Sales - Local,,112765.22,
09-06-2025,Sales,287,Customer 19,185299.82,,
09-06-2025,Sales,287,Sales - Local,,185299.82,
10-06-2025,Receipt,193,HDFC Bank Current A/c,78067.05,,
10-06-2025,Receipt,193,Customer 25,,78067.05,
10-06-2025,Receipt,194,HDFC Bank Current A/c,8431.78,,
10-06-2025,Receipt,194,Customer 01,,8431.78,
10-06-2025,Sales,288,Customer 11,52577.48,,
10-06-2025,Sales,288,Sales - Local,,52577.48,
10-06-2025,Purchase,156,Purchases - Local,60806.82,,
10-06-2025,Purchase,156,Supplier 01,,60806.82,
10-06-2025,Receipt,195,HDFC Bank Current A/c,76448.80,,
10-06-2025,Receipt,195,Customer 18,,76448.80,
10-06-2025,Sales,289,Customer 20,184544.62,,
10-06-2025,Sales,289,Sales - Local,,184544.62,
10-06-2025,Sales,290,Customer 22,70654.14,,
10-06-2025,Sales,290,Sales - Local,,70654.14,
10-06-2025,Sales,291,Customer 21,12332.69,,
10-06-2025,Sales,291,Sales - Local,,12332.69,
10-06-2025,Purchase,157,Purchases - Local,76890.59,,
10-06-2025,Purchase,157,Supplier 12,,76890.59,
10-06-2025,Payment,204,Telephone Expenses,6059.24,,
10-06-2025,Payment,204,Cash,,6059.24,
10-06-2025,Sales,292,Cash,40668.16,,
10-06-2025,Sales,292,Sales - Local,,40668.16,
10-06-2025,Payment,205,Staff Welfare,3944.12,,
10-06-2025,Payment,205,Cash,,3944.12,
11-06-2025,Sales,293,Cash,38928.75,,
11-06-2025,Sales,293,Sales - Local,,38928.75,
11-06-2025,Receipt,196,Cash,12283.49,,
11-06-2025,Receipt,196,Customer 03,,12283.49,
11-06-2025,Receipt,197,HDFC Bank Current A/c,35577.30,,
11-06-2025,Receipt,197,Customer 23,,35577.30,
11-06-2025,Sales,294,Customer 13,64830.13,,
11-06-2025,Sales,294,Sales - Local,,64830.13,
11-06-2025,Sales,295,Cash,12294.00,,
11-06-2025,Sales,295,Sales - Local,,12294.00,
11-06-2025,Receipt,198,HDFC Bank Current A/c,49791.69,,
11-06-2025,Receipt,198,Customer 10,,49791.69,
11-06-2025,Receipt,199,Cash,13748.87,,
11-06-2025,Receipt,199,Customer 02,,13748.87,
11-06-2025,Receipt,200,HDFC Bank Current A/c,3214.36,,
11-06-2025,Receipt,200,Interest Received,,3214.36,
11-06-2025,Receipt,201,Cash,7587.42,,
11-06-2025,Receipt,201,Customer 06,,7587.42,
11-06-2025,Sales,296,Cash,18749.43,,
11-06-2025,Sales,296,Sales - Local,,18749.43,
11-06-2025,Sales,297,Customer 23,160771.41,,
11-06-2025,Sales,297,Sales - Local,,160771.41,
12-06-2025,Sales,298,Cash,47854.09,,
12-06-2025,Sales,298,Sales - Local,,47854.09,
12-06-2025,Sales,299,Customer 14,18931.68,,
12-06-2025,Sales,299,Sales - Local,,18931.68,
12-06-2025,Payment,206,Office Expenses,1118.44,,
12-06-2025,Payment,206,Cash,,1118.44,
12-06-2025,Receipt,202,Cash,13973.96,,
12-06-2025,Receipt,202,Customer 08,,13973.96,
12-06-2025,Sales,300,Customer 22,25776.16,,
12-06-2025,Sales,300,Sales - Local,,25776.16,
12-06-2025,Payment,207,Supplier 15,168649.09,,
12-06-2025,Payment,207,HDFC Bank Current A/c,,168649.09,
12-06-2025,Receipt,203,HDFC Bank Current A/c,34638.21,,
12-06-2025,Receipt,203,Customer 10,,34638.21,
12-06-2025,Purchase,158,Purchases - Local,29412.93,,
12-06-2025,Purchase,158,Supplier 02,,29412.93,
12-06-2025,Receipt,204,Cash,6137.24,,
12-06-2025,Receipt,204,Customer 03,,6137.24,
12-06-2025,Sales,301,Customer 21,142390.80,,
12-06-2025,Sales,301,Sales - Local,,142390.80,
12-06-2025,Payment,208,Printing & Stationery,3148.20,,
12-06-2025,Payment,208,Cash,,3148.20,
12-06-2025,Payment,209,Supplier 14,21637.78,,
12-06-2025,Payment,209,HDFC Bank Current A/c,,21637.78,
13-06-2025,Receipt,205,Cash,3010.39,,
13-06-2025,Receipt,205,Customer 03,,3010.39,
13-06-2025,Sales,302,Customer 10,61129.42,,
13-06-2025,Sales,302,Sales - Local,,61129.42,
13-06-2025,Purchase,159,Purchases - Local,88829.51,,
13-06-2025,Purchase,159,Supplier 07,,88829.51,
13-06-2025,Receipt,206,HDFC Bank Current A/c,203432.19,,
13-06-2025,Receipt,206,Customer 21,,203432.19,
13-06-2025,Sales,303,Customer 19,96224.05,,
13-06-2025,Sales,303,Sales - Local,,96224.05,
13-06-2025,Purchase,160,Purchases - Local,73205.99,,
13-06-2025,Purchase,160,Supplier 12,,73205.99,
13-06-2025,Sales,304,Customer 04,7846.75,,
13-06-2025,Sales,304,Sales - Local,,7846.75,
13-06-2025,Receipt,207,HDFC Bank Current A/c,201883.74,,
13-06-2025,Receipt,207,Customer 20,,201883.74,
13-06-2025,Sales,305,Customer 11,104104.12,,
13-06-2025,Sales,305,Sales - Local,,104104.12,
13-06-2025,Purchase,161,Purchases - Local,20769.74,,
13-06-2025,Purchase,161,Supplier 06,,20769.74,
13-06-2025,Receipt,208,HDFC Bank Current A/c,2905.46,,
13-06-2025,Receipt,208,Customer 25,,2905.46,
13-06-2025,Sales,306,Cash,22772.32,,
13-06-2025,Sales,306,Sales - Local,,22772.32,
14-06-2025,Sales,307,Customer 11,148840.21,,
14-06-2025,Sales,307,Sales - Local,,148840.21,
14-06-2025,Sales,308,Customer 16,170075.19,,
14-06-2025,Sales,308,Sales - Local,,170075.19,
14-06-2025,Sales,309,Cash,7257.08,,
14-06-2025,Sales,309,Sales - Local,,7257.08,
14-06-2025,Sales,310,Cash,1014.81,,
14-06-2025,Sales,310,Sales - Local,,1014.81,
14-06-2025,Sales,311,Customer 13,166467.69,,
14-06-2025,Sales,311,Sales - Local,,166467.69,
14-06-2025,Sales,312,Cash,9912.50,,
14-06-2025,Sales,312,Sales - Local,,9912.50,
14-06-2025,Receipt,209,HDFC Bank Current A/c,4938.58,,
14-06-2025,Receipt,209,Interest Received,,4938.58,
14-06-2025,Payment,210,Office Expenses,5813.68,,
14-06-2025,Payment,210,Cash,,5813.68,
14-06-2025,Payment,211,Conveyance,1721.88,,
14-06-2025,Payment,211,Cash,,1721.88,
14-06-2025,Receipt,210,HDFC Bank Current A/c,46112.35,,
14-06-2025,Receipt,210,Customer 24,,46112.35,
14-06-2025,Purchase,162,Purchases - Local,16453.54,,
14-06-2025,Purchase,162,Supplier 01,,16453.54,
14-06-2025,Payment,212,Bank Charges,429.12,,
14-06-2025,Payment,212,HDFC Bank Current A/c,,429.12,
15-06-2025,Payment,213,Rent,25000.00,,
15-06-2025,Payment,213,HDFC Bank Current A/c,,25000.00,
15-06-2025,Payment,214,Salary,52057.17,,
15-06-2025,Payment,214,HDFC Bank Current A/c,,52057.17,
15-06-2025,Payment,215,Electricity Charges,4155.68,,
15-06-2025,Payment,215,HDFC Bank Current A/c,,4155.68,
15-06-2025,Journal,5,Interest on Unsecured Loans,3000.00,,
15-06-2025,Journal,5,Unsecured Loan - Rajesh Kumar,,2700.00,
15-06-2025,Journal,5,TDS Payable,,300.00,
15-06-2025,Payment,216,TDS Payable,300.00,,
15-06-2025,Payment,216,HDFC Bank Current A/c,,300.00,
15-06-2025,Payment,217,HDFC Bank Term Loan,40000.00,,
15-06-2025,Payment,217,HDFC Bank Current A/c,,40000.00,
15-06-2025,Payment,218,Interest on Term Loan,6051.77,,
15-06-2025,Payment,218,HDFC Bank Current A/c,,6051.77,
15-06-2025,Journal,6,Travelling Expenses,2720.19,,
15-06-2025,Journal,6,HDFC Bank Current A/c,,2720.19,
15-06-2025,Sales,313,Customer 23,47151.05,,
15-06-2025,Sales,313,Sales - Local,,47151.05,
15-06-2025,Payment,219,Bank Charges,397.45,,
15-06-2025,Payment,219,HDFC Bank Current A/c,,397.45,
15-06-2025,Payment,220,Supplier 14,13651.23,,
15-06-2025,Payment,220,HDFC Bank Current A/c,,13651.23,
15-06-2025,Receipt,211,HDFC Bank Current A/c,48840.42,,
15-06-2025,Receipt,211,Customer 17,,48840.42,
15-06-2025,Sales,314,Customer 20,41057.08,,
15-06-2025,Sales,314,Sales - Local,,41057.08,
15-06-2025,Purchase,163,Purchases - Local,23138.30,,
15-06-2025,Purchase,163,Supplier 08,,23138.30,
15-06-2025,Purchase,164,Purchases - Local,15986.39,,
15-06-2025,Purchase,164,Supplier 08,,15986.39,
15-06-2025,Sales,315,Cash,37744.44,,
15-06-2025,Sales,315,Sales - Local,,37744.44,
15-06-2025,Sales,316,Customer 17,78579.37,,
15-06-2025,Sales,316,Sales - Local,,78579.37,
15-06-2025,Receipt,212,HDFC Bank Current A/c,115368.49,,
15-06-2025,Receipt,212,Customer 12,,115368.49,
15-06-2025,Payment,221,Printing & Stationery,8318.72,,
15-06-2025,Payment,221,Cash,,8318.72,
15-06-2025,Payment,222,Supplier 15,24577.07,,
15-06-2025,Payment,222,HDFC Bank Current A/c,,24577.07,
16-06-2025,Receipt,213,HDFC Bank Current A/c,104282.65,,
16-06-2025,Receipt,213,Customer 02,,104282.65,
16-06-2025,Sales,317,Cash,36581.82,,
16-06-2025,Sales,317,Sales - Local,,36581.82,
16-06-2025,Payment,223,Supplier 09,4987.76,,
16-06-2025,Payment,223,HDFC Bank Current A/c,,4987.76,
16-06-2025,Payment,224,Supplier 07,251940.22,,
16-06-2025,Payment,224,HDFC Bank Current A/c,,251940.22,
16-06-2025,Purchase,165,Purchases - Local,89750.00,,
16-06-2025,Purchase,165,Supplier 03,,89750.00,
16-06-2025,Sales,318,Customer 18,29062.48,,
16-06-2025,Sales,318,Sales - Local,,29062.48,
16-06-2025,Sales,319,Cash,47738.38,,
16-06-2025,Sales,319,Sales - Local,,47738.38,
16-06-2025,Sales,320,Customer 22,142791.52,,
16-06-2025,Sales,320,Sales - Local,,142791.52,
16-06-2025,Payment,225,Office Expenses,6627.21,,
16-06-2025,Payment,225,Cash,,6627.21,
16-06-2025,Sales,321,Customer 12,66698.20,,
16-06-2025,Sales,321,Sales - Local,,66698.20,
16-06-2025,Purchase,166,Purchases - Local,61913.85,,
16-06-2025,Purchase,166,Supplier 02,,61913.85,
16-06-2025,Purchase,167,Purchases - Local,119025.04,,
16-06-2025,Purchase,167,Supplier 07,,119025.04,
17-06-2025,Sales,322,Customer 19,31080.10,,
17-06-2025,Sales,322,Sales - Local,,31080.10,
17-06-2025,Receipt,214,HDFC Bank Current A/c,105582.11,,
17-06-2025,Receipt,214,Customer 20,,105582.11,
17-06-2025,Payment,226,Supplier 12,405315.03,,
17-06-2025,Payment,226,HDFC Bank Current A/c,,405315.03,
17-06-2025,Sales,323,Cash,42357.18,,
17-06-2025,Sales,323,Sales - Local,,42357.18,
17-06-2025,Payment,227,Supplier 08,18908.92,,
17-06-2025,Payment,227,HDFC Bank Current A/c,,18908.92,
17-06-2025,Sales,324,Customer 06,148311.20,,
17-06-2025,Sales,324,Sales - Local,,148311.20,
17-06-2025,Receipt,215,HDFC Bank Current A/c,3982.91,,
17-06-2025,Receipt,215,Interest Received,,3982.91,
17-06-2025,Sales,325,Customer 04,77003.05,,
17-06-2025,Sales,325,Sales - Local,,77003.05,
17-06-2025,Sales,326,Customer 01,38318.04,,
17-06-2025,Sales,326,Sales - Local,,38318.04,
17-06-2025,Purchase,168,Purchases - Local,67207.59,,
17-06-2025,Purchase,168,Supplier 11,,67207.59,
17-06-2025,Payment,228,Conveyance,1247.45,,
17-06-2025,Payment,228,Cash,,1247.45,
17-06-2025,Payment,229,Supplier 15,86793.09,,
17-06-2025,Payment,229,HDFC Bank Current A/c,,86793.09,
18-06-2025,Purchase,169,Purchases - Local,40587.61,,
18-06-2025,Purchase,169,Supplier 04,,40587.61,
18-06-2025,Purchase,170,Purchases - Local,101156.53,,
18-06-2025,Purchase,170,Supplier 10,,101156.53,
18-06-2025,Receipt,216,HDFC Bank Current A/c,6331.00,,
18-06-2025,Receipt,216,Customer 21,,6331.00,
18-06-2025,Receipt,217,HDFC Bank Current A/c,49993.17,,
18-06-2025,Receipt,217,Customer 12,,49993.17,
18-06-2025,Sales,327,Cash,3982.04,,
18-06-2025,Sales,327,Sales - Local,,3982.04,
18-06-2025,Payment,230,Supplier 07,56816.13,,
18-06-2025,Payment,230,HDFC Bank Current A/c,,56816.13,
18-06-2025,Payment,231,Staff Welfare,5788.50,,
18-06-2025,Payment,231,Cash,,5788.50,
18-06-2025,Sales,328,Cash,25527.71,,
18-06-2025,Sales,328,Sales - Local,,25527.71,
18-06-2025,Receipt,218,HDFC Bank Current A/c,76703.37,,
18-06-2025,Receipt,218,Customer 23,,76703.37,
18-06-2025,Payment,232,Supplier 03,56963.62,,
18-06-2025,Payment,232,HDFC Bank Current A/c,,56963.62,
18-06-2025,Sales,329,Customer 07,187450.13,,
18-06-2025,Sales,329,Sales - Local,,187450.13,
18-06-2025,Receipt,219,HDFC Bank Current A/c,41878.12,,
18-06-2025,Receipt,219,Customer 20,,41878.12,
19-06-2025,Sales,330,Cash,38471.16,,
19-06-2025,Sales,330,Sales - Local,,38471.16,
19-06-2025,Payment,233,Office Expenses,1873.04,,
19-06-2025,Payment,233,Cash,,1873.04,
19-06-2025,Payment,234,Telephone Expenses,3976.17,,
19-06-2025,Payment,234,Cash,,3976.17,
19-06-2025,Purchase,171,Purchases - Local,51861.48,,
19-06-2025,Purchase,171,Supplier 04,,51861.48,
19-06-2025,Sales,331,Customer 01,185129.37,,
19-06-2025,Sales,331,Sales - Local,,185129.37,
19-06-2025,Payment,235,Supplier 01,147104.13,,
19-06-2025,Payment,235,HDFC Bank Current A/c,,147104.13,
19-06-2025,Receipt,220,HDFC Bank Current A/c,2253.65,,
19-06-2025,Receipt,220,Interest Received,,2253.65,
19-06-2025,Purchase,172,Purchases - Local,10225.77,,
19-06-2025,Purchase,172,Supplier 13,,10225.77,
19-06-2025,Sales,332,Customer 11,162315.14,,
19-06-2025,Sales,332,Sales - Local,,162315.14,
19-06-2025,Payment,236,Printing & Stationery,5974.04,,
19-06-2025,Payment,236,Cash,,5974.04,
19-06-2025,Receipt,221,HDFC Bank Current A/c,112325.25,,
19-06-2025,Receipt,221,Customer 07,,112325.25,
19-06-2025,Sales,333,Cash,7131.59,,
19-06-2025,Sales,333,Sales - Local,,7131.59,
20-06-2025,Payment,237,Staff Welfare,7362.54,,
20-06-2025,Payment,237,Cash,,7362.54,
20-06-2025,Payment,238,Supplier 12,10929.96,,
20-06-2025,Payment,238,HDFC Bank Current A/c,,10929.96,
20-06-2025,Sales,334,Customer 14,72913.70,,
20-06-2025,Sales,334,Sales - Local,,72913.70,
20-06-2025,Payment,239,Office Expenses,1040.01,,
20-06-2025,Payment,239,Cash,,1040.01,
20-06-2025,Receipt,222,HDFC Bank Current A/c,140589.79,,
20-06-2025,Receipt,222,Customer 03,,140589.79,
20-06-2025,Receipt,223,HDFC Bank Current A/c,71510.52,,
20-06-2025,Receipt,223,Customer 18,,71510.52,
20-06-2025,Payment,240,Supplier 06,12943.51,,
20-06-2025,Payment,240,HDFC Bank Current A/c,,12943.51,
20-06-2025,Sales,335,Customer 18,58695.58,,
20-06-2025,Sales,335,Sales - Local,,58695.58,
20-06-2025,Sales,336,Customer 03,19576.12,,
20-06-2025,Sales,336,Sales - Local,,19576.12,
20-06-2025,Sales,337,Cash,13347.65,,
20-06-2025,Sales,337,Sales - Local,,13347.65,
20-06-2025,Purchase,173,Purchases - Local,93947.73,,
20-06-2025,Purchase,173,Supplier 01,,93947.73,
20-06-2025,Sales,338,Customer 15,154956.94,,
20-06-2025,Sales,338,Sales - Local,,154956.94,
21-06-2025,Sales,339,Customer 11,17165.16,,
21-06-2025,Sales,339,Sales - Local,,17165.16,
21-06-2025,Receipt,224,HDFC Bank Current A/c,120378.74,,
21-06-2025,Receipt,224,Customer 17,,120378.74,
21-06-2025,Sales,340,Customer 07,59409.57,,
21-06-2025,Sales,340,Sales - Local,,59409.57,
21-06-2025,Payment,241,Staff Welfare,4680.33,,
21-06-2025,Payment,241,Cash,,4680.33,
21-06-2025,Sales,341,Customer 10,107269.46,,
21-06-2025,Sales,341,Sales - Local,,107269.46,
21-06-2025,Payment,242,Supplier 01,104517.41,,
21-06-2025,Payment,242,HDFC Bank Current A/c,,104517.41,
21-06-2025,Purchase,174,Purchases - Local,69300.45,,
21-06-2025,Purchase,174,Supplier 02,,69300.45,
21-06-2025,Payment,243,Supplier 10,24213.52,,
21-06-2025,Payment,243,HDFC Bank Current A/c,,24213.52,
21-06-2025,Receipt,225,HDFC Bank Current A/c,664065.56,,
21-06-2025,Receipt,225,Customer 11,,664065.56,
21-06-2025,Sales,342,Customer 05,111672.54,,
21-06-2025,Sales,342,Sales - Local,,111672.54,
21-06-2025,Payment,244,Supplier 05,295025.72,,
21-06-2025,Payment,244,HDFC Bank Current A/c,,295025.72,
21-06-2025,Sales,343,Customer 07,194774.52,,
21-06-2025,Sales,343,Sales - Local,,194774.52,
22-06-2025,Receipt,226,HDFC Bank Current A/c,280650.00,,
22-06-2025,Receipt,226,Customer 16,,280650.00,
22-06-2025,Payment,245,Supplier 14,1379.55,,
22-06-2025,Payment,245,HDFC Bank Current A/c,,1379.55,
22-06-2025,Payment,246,Supplier 09,20528.90,,
22-06-2025,Payment,246,HDFC Bank Current A/c,,20528.90,
22-06-2025,Sales,344,Customer 15,135113.92,,
22-06-2025,Sales,344,Sales - Local,,135113.92,
22-06-2025,Payment,247,Printing & Stationery,2840.16,,
22-06-2025,Payment,247,Cash,,2840.16,
22-06-2025,Purchase,175,Purchases - Local,94938.02,,
22-06-2025,Purchase,175,Supplier 11,,94938.02,
22-06-2025,Receipt,227,HDFC Bank Current A/c,126204.89,,
22-06-2025,Receipt,227,Customer 12,,126204.89,
22-06-2025,Purchase,176,Purchases - Local,50086.15,,
22-06-2025,Purchase,176,Supplier 01,,50086.15,
22-06-2025,Sales,345,Cash,41487.27,,
22-06-2025,Sales,345,Sales - Local,,41487.27,
22-06-2025,Payment,248,Supplier 06,123802.53,,
22-06-2025,Payment,248,HDFC Bank Current A/c,,123802.53,
22-06-2025,Purchase,177,Purchases - Local,112549.61,,
22-06-2025,Purchase,177,Supplier 05,,112549.61,
22-06-2025,Payment,249,Telephone Expenses,2541.35,,
22-06-2025,Payment,249,Cash,,2541.35,
23-06-2025,Sales,346,Customer 09,89585.42,,
23-06-2025,Sales,346,Sales - Local,,89585.42,
23-06-2025,Payment,250,Printing & Stationery,8423.13,,
23-06-2025,Payment,250,Cash,,8423.13,
23-06-2025,Receipt,228,HDFC Bank Current A/c,525464.21,,
23-06-2025,Receipt,228,Customer 22,,525464.21,
23-06-2025,Purchase,178,Purchases - Local,82115.93,,
23-06-2025,Purchase,178,Supplier 08,,82115.93,
23-06-2025,Purchase,179,Purchases - Local,107452.47,,
23-06-2025,Purchase,179,Supplier 02,,107452.47,
23-06-2025,Sales,347,Customer 05,144850.72,,
23-06-2025,Sales,347,Sales - Local,,144850.72,
23-06-2025,Purchase,180,Purchases - Local,102207.70,,
23-06-2025,Purchase,180,Supplier 11,,102207.70,
23-06-2025,Receipt,229,HDFC Bank Current A/c,74267.74,,
23-06-2025,Receipt,229,Customer 22,,74267.74,
23-06-2025,Purchase,181,Purchases - Local,57439.60,,
23-06-2025,Purchase,181,Supplier 10,,57439.60,
23-06-2025,Purchase,182,Purchases - Local,111765.19,,
23-06-2025,Purchase,182,Supplier 02,,111765.19,
23-06-2025,Purchase,183,Purchases - Local,8443.73,,
23-06-2025,Purchase,183,Supplier 13,,8443.73,
24-06-2025,Purchase,184,Purchases - Local,112904.22,,
24-06-2025,Purchase,184,Supplier 03,,112904.22,
24-06-2025,Payment,251,Bank Charges,332.81,,
24-06-2025,Payment,251,HDFC Bank Current A/c,,332.81,
24-06-2025,Payment,252,Bank Charges,452.72,,
24-06-2025,Payment,252,HDFC Bank Current A/c,,452.72,
24-06-2025,Payment,253,Supplier 14,1179.94,,
24-06-2025,Payment,253,HDFC Bank Current A/c,,1179.94,
24-06-2025,Payment,254,Supplier 01,26771.99,,
24-06-2025,Payment,254,HDFC Bank Current A/c,,26771.99,
24-06-2025,Sales,348,Customer 12,64092.15,,
24-06-2025,Sales,348,Sales - Local,,64092.15,
24-06-2025,Sales,349,Customer 20,7248.97,,
24-06-2025,Sales,349,Sales - Local,,7248.97,
24-06-2025,Sales,350,Cash,25163.88,,
24-06-2025,Sales,350,Sales - Local,,25163.88,
24-06-2025,Payment,255,Bank Charges,34.39,,
24-06-2025,Payment,255,HDFC Bank Current A/c,,34.39,
24-06-2025,Receipt,230,Cash,10968.88,,
24-06-2025,Receipt,230,Customer 10,,10968.88,
24-06-2025,Sales,351,Cash,19031.00,,
24-06-2025,Sales,351,Sales - Local,,19031.00,
24-06-2025,Payment,256,Staff Welfare,1242.10,,
24-06-2025,Payment,256,Cash,,1242.10,
25-06-2025,Payment,257,Supplier 09,2470.18,,
25-06-2025,Payment,257,HDFC Bank Current A/c,,2470.18,
25-06-2025,Sales,352,Customer 11,153152.14,,
25-06-2025,Sales,352,Sales - Local,,153152.14,
25-06-2025,Receipt,231,HDFC Bank Current A/c,31716.41,,
25-06-2025,Receipt,231,Customer 10,,31716.41,
25-06-2025,Receipt,232,Cash,3411.44,,
25-06-2025,Receipt,232,Customer 04,,3411.44,
25-06-2025,Payment,258,Conveyance,8404.98,,
25-06-2025,Payment,258,Cash,,8404.98,
25-06-2025,Purchase,185,Purchases - Local,86302.15,,
25-06-2025,Purchase,185,Supplier 07,,86302.15,
25-06-2025,Sales,353,Customer 20,66260.53,,
25-06-2025,Sales,353,Sales - Local,,66260.53,
25-06-2025,Sales,354,Customer 22,136507.96,,
25-06-2025,Sales,354,Sales - Local,,136507.96,
25-06-2025,Sales,355,Customer 01,55802.20,,
25-06-2025,Sales,355,Sales - Local,,55802.20,
25-06-2025,Payment,259,Conveyance,1819.53,,
25-06-2025,Payment,259,Cash,,1819.53,
25-06-2025,Sales,356,Cash,19119.55,,
25-06-2025,Sales,356,Sales - Local,,19119.55,
25-06-2025,Payment,260,Supplier 03,59917.61,,
25-06-2025,Payment,260,HDFC Bank Current A/c,,59917.61,
26-06-2025,Sales,357,Customer 20,184802.28,,
26-06-2025,Sales,357,Sales - Local,,184802.28,
26-06-2025,Payment,261,Printing & Stationery,8678.49,,
26-06-2025,Payment,261,Cash,,8678.49,
26-06-2025,Sales,358,Customer 13,127588.87,,
26-06-2025,Sales,358,Sales - Local,,127588.87,
26-06-2025,Sales,359,Customer 09,177689.29,,
26-06-2025,Sales,359,Sales - Local,,177689.29,
26-06-2025,Purchase,186,Purchases - Local,62315.90,,
26-06-2025,Purchase,186,Supplier 05,,62315.90,
26-06-2025,Purchase,187,Purchases - Local,11038.59,,
26-06-2025,Purchase,187,Supplier 11,,11038.59,
26-06-2025,Sales,360,Customer 11,66091.03,,
26-06-2025,Sales,360,Sales - Local,,66091.03,
26-06-2025,Receipt,233,Cash,2094.13,,
26-06-2025,Receipt,233,Customer 04,,2094.13,
26-06-2025,Sales,361,Customer 08,105082.41,,
26-06-2025,Sales,361,Sales - Local,,105082.41,
26-06-2025,Payment,262,Bank Charges,362.82,,
26-06-2025,Payment,262,HDFC Bank Current A/c,,362.82,
26-06-2025,Sales,362,Customer 05,135565.24,,
26-06-2025,Sales,362,Sales - Local,,135565.24,
26-06-2025,Payment,263,Supplier 04,148336.22,,
26-06-2025,Payment,263,HDFC Bank Current A/c,,148336.22,
27-06-2025,Sales,363,Customer 18,175924.61,,
27-06-2025,Sales,363,Sales - Local,,175924.61,
27-06-2025,Sales,364,Customer 06,5064.63,,
27-06-2025,Sales,364,Sales - Local,,5064.63,
27-06-2025,Receipt,234,HDFC Bank Current A/c,52729.32,,
27-06-2025,Receipt,234,Customer 14,,52729.32,
27-06-2025,Sales,365,Customer 05,162191.63,,
27-06-2025,Sales,365,Sales - Local,,162191.63,
27-06-2025,Payment,264,Supplier 11,56571.67,,
27-06-2025,Payment,264,HDFC Bank Current A/c,,56571.67,
27-06-2025,Purchase,188,Purchases - Local,75975.66,,
27-06-2025,Purchase,188,Supplier 09,,75975.66,
27-06-2025,Receipt,235,HDFC Bank Current A/c,30760.32,,
27-06-2025,Receipt,235,Customer 14,,30760.32,
27-06-2025,Receipt,236,HDFC Bank Current A/c,40397.74,,
27-06-2025,Receipt,236,Customer 10,,40397.74,
27-06-2025,Sales,366,Cash,42191.56,,
27-06-2025,Sales,366,Sales - Local,,42191.56,
27-06-2025,Receipt,237,Cash,18297.06,,
27-06-2025,Receipt,237,Customer 18,,18297.06,
27-06-2025,Sales,367,Customer 06,24847.43,,
27-06-2025,Sales,367,Sales - Local,,24847.43,
27-06-2025,Payment,265,Supplier 07,101034.08,,
27-06-2025,Payment,265,HDFC Bank Current A/c,,101034.08,
28-06-2025,Sales,368,Customer 04,77704.87,,
28-06-2025,Sales,368,Sales - Local,,77704.87,
28-06-2025,Receipt,238,HDFC Bank Current A/c,44385.38,,
28-06-2025,Receipt,238,Customer 17,,44385.38,
28-06-2025,Payment,266,Bank Charges,43.97,,
28-06-2025,Payment,266,HDFC Bank Current A/c,,43.97,
28-06-2025,Purchase,189,Purchases - Local,44355.29,,
28-06-2025,Purchase,189,Supplier 07,,44355.29,
28-06-2025,Purchase,190,Purchases - Local,12274.40,,
28-06-2025,Purchase,190,Supplier 04,,12274.40,
28-06-2025,Sales,369,Cash,9444.70,,
28-06-2025,Sales,369,Sales - Local,,9444.70,
28-06-2025,Receipt,239,HDFC Bank Current A/c,125958.48,,
28-06-2025,Receipt,239,Customer 10,,125958.48,
28-06-2025,Sales,370,Customer 05,83044.18,,
28-06-2025,Sales,370,Sales - Local,,83044.18,
28-06-2025,Purchase,191,Purchases - Local,115565.96,,
28-06-2025,Purchase,191,Supplier 05,,115565.96,
28-06-2025,Payment,267,Printing & Stationery,3772.13,,
28-06-2025,Payment,267,Cash,,3772.13,
28-06-2025,Purchase,192,Purchases - Local,45858.76,,
28-06-2025,Purchase,192,Supplier 10,,45858.76,
28-06-2025,Receipt,240,HDFC Bank Current A/c,32499.04,,
28-06-2025,Receipt,240,Customer 24,,32499.04,
29-06-2025,Payment,268,Supplier 07,100892.69,,
29-06-2025,Payment,268,HDFC Bank Current A/c,,100892.69,
29-06-2025,Sales,371,Customer 02,90342.09,,
29-06-2025,Sales,371,Sales - Local,,90342.09,
29-06-2025,Sales,372,Customer 15,44968.59,,
29-06-2025,Sales,372,Sales - Local,,44968.59,
29-06-2025,Sales,373,Customer 06,176659.43,,
29-06-2025,Sales,373,Sales - Local,,176659.43,
29-06-2025,Receipt,241,HDFC Bank Current A/c,22085.14,,
29-06-2025,Receipt,241,Customer 10,,22085.14,
29-06-2025,Purchase,193,Purchases - Local,99570.33,,
29-06-2025,Purchase,193,Supplier 05,,99570.33,
29-06-2025,Sales,374,Customer 08,153760.64,,
29-06-2025,Sales,374,Sales - Local,,153760.64,
29-06-2025,Purchase,194,Purchases - Local,57140.42,,
29-06-2025,Purchase,194,Supplier 14,,57140.42,
29-06-2025,Sales,375,Cash,14866.10,,
29-06-2025,Sales,375,Sales - Local,,14866.10,
29-06-2025,Sales,376,Cash,34378.12,,
29-06-2025,Sales,376,Sales - Local,,34378.12,
29-06-2025,Receipt,242,HDFC Bank Current A/c,448022.56,,
29-06-2025,Receipt,242,Customer 20,,448022.56,
29-06-2025,Payment,269,Office Expenses,5581.25,,
29-06-2025,Payment,269,Cash,,5581.25,
30-06-2025,Payment,270,Bank Charges,19.41,,
30-06-2025,Payment,270,HDFC Bank Current A/c,,19.41,
30-06-2025,Payment,271,Supplier 06,1710.85,,
30-06-2025,Payment,271,HDFC Bank Current A/c,,1710.85,
30-06-2025,Purchase,195,Purchases - Local,52042.01,,
30-06-2025,Purchase,195,Supplier 03,,52042.01,
30-06-2025,Sales,377,Customer 25,140881.98,,
30-06-2025,Sales,377,Sales - Local,,140881.98,
30-06-2025,Sales,378,Customer 09,161933.46,,
30-06-2025,Sales,378,Sales - Local,,161933.46,
30-06-2025,Sales,379,Cash,36900.81,,
30-06-2025,Sales,379,Sales - Local,,36900.81,
30-06-2025,Payment,272,Office Expenses,5999.13,,
30-06-2025,Payment,272,Cash,,5999.13,
30-06-2025,Receipt,243,HDFC Bank Current A/c,799117.21,,
30-06-2025,Receipt,243,Customer 19,,799117.21,
30-06-2025,Sales,380,Customer 21,154161.95,,
30-06-2025,Sales,380,Sales - Local,,154161.95,
30-06-2025,Purchase,196,Purchases - Local,16162.77,,
30-06-2025,Purchase,196,Supplier 11,,16162.77,
30-06-2025,Purchase,197,Purchases - Local,82181.52,,
30-06-2025,Purchase,197,Supplier 06,,82181.52,
30-06-2025,Receipt,244,HDFC Bank Current A/c,1347.53,,
30-06-2025,Receipt,244,Customer 02,,1347.53,
01-07-2025,Sales,381,Cash,25602.22,,
01-07-2025,Sales,381,Sales - Local,,25602.22,
01-07-2025,Receipt,245,HDFC Bank Current A/c,14251.97,,
01-07-2025,Receipt,245,Customer 12,,14251.97,
01-07-2025,Receipt,246,HDFC Bank Current A/c,3832.34,,
01-07-2025,Receipt,246,Interest Received,,3832.34,
01-07-2025,Sales,382,Customer 17,157642.85,,
01-07-2025,Sales,382,Sales - Local,,157642.85,
01-07-2025,Payment,273,Conveyance,1675.99,,
01-07-2025,Payment,273,Cash,,1675.99,
01-07-2025,Payment,274,Conveyance,6238.62,,
01-07-2025,Payment,274,Cash,,6238.62,
01-07-2025,Purchase,198,Purchases - Local,28300.61,,
01-07-2025,Purchase,198,Supplier 04,,28300.61,
01-07-2025,Receipt,247,HDFC Bank Current A/c,1574.68,,
01-07-2025,Receipt,247,Customer 24,,1574.68,
01-07-2025,Purchase,199,Purchases - Local,24575.87,,
01-07-2025,Purchase,199,Supplier 12,,24575.87,
01-07-2025,Sales,383,Customer 20,144827.48,,
01-07-2025,Sales,383,Sales - Local,,144827.48,
01-07-2025,Payment,275,Supplier 12,51297.48,,
01-07-2025,Payment,275,HDFC Bank Current A/c,,51297.48,
01-07-2025,Payment,276,Supplier 05,667410.78,,
01-07-2025,Payment,276,HDFC Bank Current A/c,,667410.78,
02-07-2025,Payment,277,Supplier 02,341822.70,,
02-07-2025,Payment,277,HDFC Bank Current A/c,,341822.70,
02-07-2025,Payment,278,Supplier 06,30510.53,,
02-07-2025,Payment,278,HDFC Bank Current A/c,,30510.53,
02-07-2025,Sales,384,Cash,35881.08,,
02-07-2025,Sales,384,Sales - Local,,35881.08,
02-07-2025,Purchase,200,Purchases - Local,110636.18,,
02-07-2025,Purchase,200,Supplier 02,,110636.18,
02-07-2025,Receipt,248,HDFC Bank Current A/c,268743.60,,
02-07-2025,Receipt,248,Customer 09,,268743.60,
02-07-2025,Payment,279,Supplier 02,187343.32,,
02-07-2025,Payment,279,HDFC Bank Current A/c,,187343.32,
02-07-2025,Receipt,249,HDFC Bank Current A/c,173499.08,,
02-07-2025,Receipt,249,Customer 18,,173499.08,
02-07-2025,Sales,385,Cash,30999.37,,
02-07-2025,Sales,385,Sales - Local,,30999.37,
02-07-2025,Sales,386,Customer 07,50264.84,,
02-07-2025,Sales,386,Sales - Local,,50264.84,
02-07-2025,Sales,387,Customer 18,193592.58,,
02-07-2025,Sales,387,Sales - Local,,193592.58,
02-07-2025,Sales,388,Cash,16941.43,,
02-07-2025,Sales,388,Sales - Local,,16941.43,
02-07-2025,Sales,389,Customer 11,44865.70,,
02-07-2025,Sales,389,Sales - Local,,44865.70,
03-07-2025,Payment,280,Supplier 06,23755.34,,
03-07-2025,Payment,280,HDFC Bank Current A/c,,23755.34,
03-07-2025,Purchase,201,Purchases - Local,105761.33,,
03-07-2025,Purchase,201,Supplier 12,,105761.33,
03-07-2025,Payment,281,Printing & Stationery,9477.97,,
03-07-2025,Payment,281,Cash,,9477.97,
03-07-2025,Receipt,250,Cash,14347.79,,
03-07-2025,Receipt,250,Customer 03,,14347.79,
03-07-2025,Purchase,202,Purchases - Local,41198.76,,
03-07-2025,Purchase,202,Supplier 01,,41198.76,
03-07-2025,Sales,390,Customer 23,12276.06,,
03-07-2025,Sales,390,Sales - Local,,12276.06,
03-07-2025,Sales,391,Cash,5775.99,,
03-07-2025,Sales,391,Sales - Local,,5775.99,
03-07-2025,Purchase,203,Purchases - Local,119330.95,,
03-07-2025,Purchase,203,Supplier 01,,119330.95,
03-07-2025,Sales,392,Customer 07,68102.46,,
03-07-2025,Sales,392,Sales - Local,,68102.46,
03-07-2025,Sales,393,Customer 24,87178.58,,
03-07-2025,Sales,393,Sales - Local,,87178.58,
03-07-2025,Sales,394,Customer 25,64504.96,,
03-07-2025,Sales,394,Sales - Local,,64504.96,
03-07-2025,Payment,282,Supplier 06,17761.12,,
03-07-2025,Payment,282,HDFC Bank Current A/c,,17761.12,
04-07-2025,Sales,395,Customer 23,132709.70,,
04-07-2025,Sales,395,Sales - Local,,132709.70,
04-07-2025,Sales,396,Customer 02,8953.89,,
04-07-2025,Sales,396,Sales - Local,,8953.89,
04-07-2025,Sales,397,Cash,7828.84,,
04-07-2025,Sales,397,Sales - Local,,7828.84,
04-07-2025,Payment,283,Conveyance,695.28,,
04-07-2025,Payment,283,Cash,,695.28,
04-07-2025,Sales,398,Cash,30883.15,,
04-07-2025,Sales,398,Sales - Local,,30883.15,
04-07-2025,Payment,284,Supplier 13,198865.17,,
04-07-2025,Payment,284,HDFC Bank Current A/c,,198865.17,
04-07-2025,Payment,285,Telephone Expenses,3122.05,,
04-07-2025,Payment,285,Cash,,3122.05,
04-07-2025,Sales,399,Customer 04,152277.98,,
04-07-2025,Sales,399,Sales - Local,,152277.98,
04-07-2025,Payment,286,Office Expenses,9465.75,,
04-07-2025,Payment,286,Cash,,9465.75,
04-07-2025,Purchase,204,Purchases - Local,5104.50,,
04-07-2025,Purchase,204,Supplier 07,,5104.50,
04-07-2025,Payment,287,Conveyance,8272.74,,
04-07-2025,Payment,287,Cash,,8272.74,
04-07-2025,Sales,400,Cash,44340.86,,
04-07-2025,Sales,400,Sales - Local,,44340.86,
05-07-2025,Purchase,205,Purchases - Local,10885.02,,
05-07-2025,Purchase,205,Supplier 08,,10885.02,
05-07-2025,Sales,401,Customer 20,47037.06,,
05-07-2025,Sales,401,Sales - Local,,47037.06,
05-07-2025,Purchase,206,Purchases - Local,44108.14,,
05-07-2025,Purchase,206,Supplier 09,,44108.14,
05-07-2025,Payment,288,Supplier 08,1488.98,,
05-07-2025,Payment,288,HDFC Bank Current A/c,,1488.98,
05-07-2025,Payment,289,Supplier 09,83056.95,,
05-07-2025,Payment,289,HDFC Bank Current A/c,,83056.95,
05-07-2025,Sales,402,Cash,26581.04,,
05-07-2025,Sales,402,Sales - Local,,26581.04,
05-07-2025,Payment,290,Supplier 13,13428.99,,
05-07-2025,Payment,290,HDFC Bank Current A/c,,13428.99,
05-07-2025,Sales,403,Cash,11241.10,,
05-07-2025,Sales,403,Sales - Local,,11241.10,
05-07-2025,Sales,404,Customer 24,33264.19,,
05-07-2025,Sales,404,Sales - Local,,33264.19,
05-07-2025,Payment,291,Supplier 02,113594.20,,
05-07-2025,Payment,291,HDFC Bank Current A/c,,113594.20,
05-07-2025,Sales,405,Customer 16,31085.89,,
05-07-2025,Sales,405,Sales - Local,,31085.89,
05-07-2025,Receipt,251,Cash,5034.37,,
05-07-2025,Receipt,251,Customer 20,,5034.37,
06-07-2025,Sales,406,Customer 07,197548.74,,
06-07-2025,Sales,406,Sales - Local,,197548.74,
06-07-2025,Sales,407,Customer 25,165357.88,,
06-07-2025,Sales,407,Sales - Local,,165357.88,
06-07-2025,Sales,408,Customer 08,137818.02,,
06-07-2025,Sales,408,Sales - Local,,137818.02,
06-07-2025,Receipt,252,HDFC Bank Current A/c,34901.09,,
06-07-2025,Receipt,252,Customer 13,,34901.09,
06-07-2025,Receipt,253,HDFC Bank Current A/c,271691.01,,
06-07-2025,Receipt,253,Customer 25,,271691.01,
06-07-2025,Sales,409,Cash,6969.52,,
06-07-2025,Sales,409,Sales - Local,,6969.52,
06-07-2025,Payment,292,Office Expenses,3829.24,,
06-07-2025,Payment,292,Cash,,3829.24,
06-07-2025,Payment,293,Telephone Expenses,3545.30,,
06-07-2025,Payment,293,Cash,,3545.30,
06-07-2025,Payment,294,Supplier 02,16022.60,,
06-07-2025,Payment,294,HDFC Bank Current A/c,,16022.60,
06-07-2025,Payment,295,Supplier 15,4226.37,,
06-07-2025,Payment,295,HDFC Bank Current A/c,,4226.37,
06-07-2025,Receipt,254,HDFC Bank Current A/c,39723.93,,
06-07-2025,Receipt,254,Customer 12,,39723.93,
06-07-2025,Sales,410,Customer 21,55660.78,,
06-07-2025,Sales,410,Sales - Local,,55660.78,
07-07-2025,Receipt,255,HDFC Bank Current A/c,226713.61,,
07-07-2025,Receipt,255,Customer 13,,226713.61,
07-07-2025,Receipt,256,Cash,14196.88,,
07-07-2025,Receipt,256,Customer 25,,14196.88,
07-07-2025,Payment,296,Office Expenses,6370.23,,
07-07-2025,Payment,296,Cash,,6370.23,
07-07-2025,Sales,411,Customer 04,153580.36,,
07-07-2025,Sales,411,Sales - Local,,153580.36,
07-07-2025,Purchase,207,Purchases - Local,87952.43,,
07-07-2025,Purchase,207,Supplier 10,,87952.43,
07-07-2025,Sales,412,Customer 01,151630.06,,
07-07-2025,Sales,412,Sales - Local,,151630.06,
07-07-2025,Sales,413,Customer 20,89681.77,,
07-07-2025,Sales,413,Sales - Local,,89681.77,
07-07-2025,Sales,414,Customer 21,196102.37,,
07-07-2025,Sales,414,Sales - Local,,196102.37,
07-07-2025,Payment,297,Conveyance,3013.87,,
07-07-2025,Payment,297,Cash,,3013.87,
07-07-2025,Purchase,208,Purchases - Local,41021.97,,
07-07-2025,Purchase,208,Supplier 08,,41021.97,
07-07-2025,Payment,298,Telephone Expenses,377.17,,
07-07-2025,Payment,298,Cash,,377.17,
07-07-2025,Sales,415,Customer 14,43768.82,,
07-07-2025,Sales,415,Sales - Local,,43768.82,
08-07-2025,Sales,416,Cash,9322.77,,
08-07-2025,Sales,416,Sales - Local,,9322.77,
08-07-2025,Receipt,257,HDFC Bank Current A/c,498614.30,,
08-07-2025,Receipt,257,Customer 23,,498614.30,
08-07-2025,Sales,417,Customer 22,90834.49,,
08-07-2025,Sales,417,Sales - Local,,90834.49,
08-07-2025,Sales,418,Cash,38349.02,,
08-07-2025,Sales,418,Sales - Local,,38349.02,
08-07-2025,Payment,299,Bank Charges,338.75,,
08-07-2025,Payment,299,HDFC Bank Current A/c,,338.75,
08-07-2025,Purchase,209,Purchases - Local,77950.96,,
08-07-2025,Purchase,209,Supplier 01,,77950.96,
08-07-2025,Sales,419,Cash,38266.36,,
08-07-2025,Sales,419,Sales - Local,,38266.36,
08-07-2025,Sales,420,Customer 20,189427.07,,
08-07-2025,Sales,420,Sales - Local,,189427.07,
08-07-2025,Payment,300,Staff Welfare,1113.77,,
08-07-2025,Payment,300,Cash,,1113.77,
08-07-2025,Receipt,258,HDFC Bank Current A/c,7068.09,,
08-07-2025,Receipt,258,Customer 02,,7068.09,
08-07-2025,Purchase,210,Purchases - Local,100930.80,,
08-07-2025,Purchase,210,Supplier 02,,100930.80,
08-07-2025,Receipt,259,Cash,4989.45,,
08-07-2025,Receipt,259,Customer 25,,4989.45,
09-07-2025,Sales,421,Customer 07,28812.99,,
09-07-2025,Sales,421,Sales - Local,,28812.99,
09-07-2025,Purchase,211,Purchases - Local,94266.42,,
09-07-2025,Purchase,211,Supplier 07,,94266.42,
09-07-2025,Sales,422,Customer 19,135851.16,,
09-07-2025,Sales,422,Sales - Local,,135851.16,
09-07-2025,Sales,423,Customer 05,163890.44,,
09-07-2025,Sales,423,Sales - Local,,163890.44,
09-07-2025,Sales,424,Customer 18,70916.89,,
09-07-2025,Sales,424,Sales - Local,,70916.89,
09-07-2025,Sales,425,Customer 15,61187.18,,
09-07-2025,Sales,425,Sales - Local,,61187.18,
09-07-2025,Purchase,212,Purchases - Local,107682.49,,
09-07-2025,Purchase,212,Supplier 07,,107682.49,
09-07-2025,Receipt,260,Cash,1581.72,,
09-07-2025,Receipt,260,Customer 25,,1581.72,
09-07-2025,Sales,426,Cash,9372.54,,
09-07-2025,Sales,426,Sales - Local,,9372.54,
09-07-2025,Sales,427,Customer 07,53270.29,,
09-07-2025,Sales,427,Sales - Local,,53270.29,
09-07-2025,Purchase,213,Purchases - Local,11242.37,,
09-07-2025,Purchase,213,Supplier 08,,11242.37,
09-07-2025,Payment,301,Office Expenses,5476.20,,
09-07-2025,Payment,301,Cash,,5476.20,
10-07-2025,Payment,302,Supplier 08,163070.36,,
10-07-2025,Payment,302,HDFC Bank Current A/c,,163070.36,
10-07-2025,Receipt,261,HDFC Bank Current A/c,413221.89,,
10-07-2025,Receipt,261,Customer 04,,413221.89,
10-07-2025,Payment,303,Office Expenses,9798.55,,
10-07-2025,Payment,303,Cash,,9798.55,
10-07-2025,Sales,428,Cash,48724.16,,
10-07-2025,Sales,428,Sales - Local,,48724.16,
10-07-2025,Payment,304,Supplier 05,65003.01,,
10-07-2025,Payment,304,HDFC Bank Current A/c,,65003.01,
10-07-2025,Receipt,262,HDFC Bank Current A/c,170915.30,,
10-07-2025,Receipt,262,Customer 11,,170915.30,
10-07-2025,Sales,429,Customer 25,111075.84,,
10-07-2025,Sales,429,Sales - Local,,111075.84,
10-07-2025,Receipt,263,Cash,11795.40,,
10-07-2025,Receipt,263,Customer 14,,11795.40,
10-07-2025,Receipt,264,HDFC Bank Current A/c,466053.10,,
10-07-2025,Receipt,264,Customer 15,,466053.10,
10-07-2025,Receipt,265,Cash,15415.52,,
10-07-2025,Receipt,265,Customer 08,,15415.52,
10-07-2025,Sales,430,Cash,30088.67,,
10-07-2025,Sales,430,Sales - Local,,30088.67,
10-07-2025,Sales,431,Customer 06,136057.34,,
10-07-2025,Sales,431,Sales - Local,,136057.34,
11-07-2025,Sales,432,Customer 06,127148.99,,
11-07-2025,Sales,432,Sales - Local,,127148.99,
11-07-2025,Sales,433,Customer 14,37377.96,,
11-07-2025,Sales,433,Sales - Local,,37377.96,
11-07-2025,Sales,434,Customer 23,7160.95,,
11-07-2025,Sales,434,Sales - Local,,7160.95,
11-07-2025,Receipt,266,Cash,11086.12,,
11-07-2025,Receipt,266,Customer 04,,11086.12,
11-07-2025,Payment,305,Bank Charges,435.19,,
11-07-2025,Payment,305,HDFC Bank Current A/c,,435.19,
11-07-2025,Purchase,214,Purchases - Local,8428.00,,
11-07-2025,Purchase,214,Supplier 07,,8428.00,
11-07-2025,Payment,306,Supplier 06,1099.18,,
11-07-2025,Payment,306,HDFC Bank Current A/c,,1099.18,
11-07-2025,Payment,307,Supplier 08,49276.50,,
11-07-2025,Payment,307,HDFC Bank Current A/c,,49276.50,
11-07-2025,Sales,435,Customer 19,156172.08,,
11-07-2025,Sales,435,Sales - Local,,156172.08,
11-07-2025,Payment,308,Staff Welfare,2801.52,,
11-07-2025,Payment,308,Cash,,2801.52,
11-07-2025,Payment,309,Supplier 01,124713.04,,
11-07-2025,Payment,309,HDFC Bank Current A/c,,124713.04,
11-07-2025,Receipt,267,HDFC Bank Current A/c,40455.61,,
11-07-2025,Receipt,267,Customer 22,,40455.61,
12-07-2025,Sales,436,Customer 08,152831.13,,
12-07-2025,Sales,436,Sales - Local,,152831.13,
12-07-2025,Sales,437,Cash,40348.52,,
12-07-2025,Sales,437,Sales - Local,,40348.52,
12-07-2025,Receipt,268,HDFC Bank Current A/c,391881.78,,
12-07-2025,Receipt,268,Customer 01,,391881.78,
12-07-2025,Receipt,269,Cash,4853.29,,
12-07-2025,Receipt,269,Customer 04,,4853.29,
12-07-2025,Payment,310,Bank Charges,431.13,,
12-07-2025,Payment,310,HDFC Bank Current A/c,,431.13,
12-07-2025,Receipt,270,HDFC Bank Current A/c,115774.63,,
12-07-2025,Receipt,270,Customer 11,,115774.63,
12-07-2025,Purchase,215,Purchases - Local,97535.30,,
12-07-2025,Purchase,215,Supplier 03,,97535.30,
12-07-2025,Purchase,216,Purchases - Local,108321.35,,
12-07-2025,Purchase,216,Supplier 05,,108321.35,
12-07-2025,Receipt,271,HDFC Bank Current A/c,112012.19,,
12-07-2025,Receipt,271,Customer 17,,112012.19,
12-07-2025,Purchase,217,Purchases - Local,9403.42,,
12-07-2025,Purchase,217,Supplier 04,,9403.42,
12-07-2025,Receipt,272,HDFC Bank Current A/c,83062.29,,
12-07-2025,Receipt,272,Customer 03,,83062.29,
12-07-2025,Payment,311,Staff Welfare,858.60,,
12-07-2025,Payment,311,Cash,,858.60,
13-07-2025,Payment,312,Supplier 02,100531.06,,
13-07-2025,Payment,312,HDFC Bank Current A/c,,100531.06,
13-07-2025,Receipt,273,HDFC Bank Current A/c,12356.51,,
13-07-2025,Receipt,273,Customer 23,,12356.51,
13-07-2025,Sales,438,Customer 03,170839.69,,
13-07-2025,Sales,438,Sales - Local,,170839.69,
13-07-2025,Payment,313,Supplier 02,22959.11,,
13-07-2025,Payment,313,HDFC Bank Current A/c,,22959.11,
13-07-2025,Sales,439,Customer 14,127537.84,,
13-07-2025,Sales,439,Sales - Local,,127537.84,
13-07-2025,Sales,440,Customer 20,119865.66,,
13-07-2025,Sales,440,Sales - Local,,119865.66,
13-07-2025,Sales,441,Cash,4695.83,,
13-07-2025,Sales,441,Sales - Local,,4695.83,
13-07-2025,Payment,314,Telephone Expenses,8426.50,,
13-07-2025,Payment,314,Cash,,8426.50,
13-07-2025,Receipt,274,Cash,13467.69,,
13-07-2025,Receipt,274,Customer 05,,13467.69,
13-07-2025,Sales,442,Customer 14,196304.83,,
13-07-2025,Sales,442,Sales - Local,,196304.83,
13-07-2025,Sales,443,Customer 25,135058.23,,
13-07-2025,Sales,443,Sales - Local,,135058.23,
13-07-2025,Payment,315,Staff Welfare,1758.16,,
13-07-2025,Payment,315,Cash,,1758.16,
14-07-2025,Payment,316,Supplier 04,38566.51,,
14-07-2025,Payment,316,HDFC Bank Current A/c,,38566.51,
14-07-2025,Payment,317,Telephone Expenses,5762.51,,
14-07-2025,Payment,317,Cash,,5762.51,
14-07-2025,Sales,444,Cash,28797.52,,
14-07-2025,Sales,444,Sales - Local,,28797.52,
14-07-2025,Payment,318,Telephone Expenses,6307.11,,
14-07-2025,Payment,318,Cash,,6307.11,
14-07-2025,Sales,445,Customer 21,188486.35,,
14-07-2025,Sales,445,Sales - Local,,188486.35,
14-07-2025,Payment,319,Supplier 14,1956.25,,
14-07-2025,Payment,319,HDFC Bank Current A/c,,1956.25,
14-07-2025,Payment,320,Printing & Stationery,5266.84,,
14-07-2025,Payment,320,Cash,,5266.84,
14-07-2025,Purchase,218,Purchases - Local,112549.88,,
14-07-2025,Purchase,218,Supplier 09,,112549.88,
14-07-2025,Purchase,219,Purchases - Local,94111.16,,
14-07-2025,Purchase,219,Supplier 03,,94111.16,
14-07-2025,Payment,321,Supplier 01,118123.18,,
14-07-2025,Payment,321,HDFC Bank Current A/c,,118123.18,
14-07-2025,Purchase,220,Purchases - Local,66888.92,,
14-07-2025,Purchase,220,Supplier 12,,66888.92,
14-07-2025,Receipt,275,HDFC Bank Current A/c,403194.17,,
14-07-2025,Receipt,275,Customer 07,,403194.17,
15-07-2025,Payment,322,Rent,25000.00,,
15-07-2025,Payment,322,HDFC Bank Current A/c,,25000.00,
15-07-2025,Payment,323,Salary,49725.82,,
15-07-2025,Payment,323,HDFC Bank Current A/c,,49725.82,
15-07-2025,Payment,324,Electricity Charges,7310.78,,
15-07-2025,Payment,324,HDFC Bank Current A/c,,7310.78,
15-07-2025,Journal,7,Interest on Unsecured Loans,3000.00,,
15-07-2025,Journal,7,Unsecured Loan - Rajesh Kumar,,2700.00,
15-07-2025,Journal,7,TDS Payable,,300.00,
15-07-2025,Payment,325,TDS Payable,300.00,,
15-07-2025,Payment,325,HDFC Bank Current A/c,,300.00,
15-07-2025,Payment,326,HDFC Bank Term Loan,40000.00,,
15-07-2025,Payment,326,HDFC Bank Current A/c,,40000.00,
15-07-2025,Payment,327,Interest on Term Loan,6852.76,,
15-07-2025,Payment,327,HDFC Bank Current A/c,,6852.76,
15-07-2025,Journal,8,Travelling Expenses,2013.95,,
15-07-2025,Journal,8,HDFC Bank Current A/c,,2013.95,
15-07-2025,Payment,328,Printing & Stationery,8191.01,,
15-07-2025,Payment,328,Cash,,8191.01,
15-07-2025,Sales,446,Cash,21473.55,,
15-07-2025,Sales,446,Sales - Local,,21473.55,
15-07-2025,Payment,329,Office Expenses,6937.81,,
15-07-2025,Payment,329,Cash,,6937.81,
15-07-2025,Purchase,221,Purchases - Local,73839.73,,
15-07-2025,Purchase,221,Supplier 03,,73839.73,
15-07-2025,Receipt,276,HDFC Bank Current A/c,762441.69,,
15-07-2025,Receipt,276,Customer 05,,762441.69,
15-07-2025,Sales,447,Cash,40575.76,,
15-07-2025,Sales,447,Sales - Local,,40575.76,
15-07-2025,Receipt,277,HDFC Bank Current A/c,25681.54,,
15-07-2025,Receipt,277,Customer 13,,25681.54,
15-07-2025,Sales,448,Customer 02,94470.74,,
15-07-2025,Sales,448,Sales - Local,,94470.74,
15-07-2025,Payment,330,Printing & Stationery,4815.64,,
15-07-2025,Payment,330,Cash,,4815.64,
15-07-2025,Payment,331,Staff Welfare,6904.77,,
15-07-2025,Payment,331,Cash,,6904.77,
15-07-2025,Receipt,278,HDFC Bank Current A/c,41999.62,,
15-07-2025,Receipt,278,Customer 17,,41999.62,
15-07-2025,Payment,332,Bank Charges,394.41,,
15-07-2025,Payment,332,HDFC Bank Current A/c,,394.41,
16-07-2025,Receipt,279,Cash,12494.17,,
16-07-2025,Receipt,279,Customer 06,,12494.17,
16-07-2025,Payment,333,Supplier 13,1419.83,,
16-07-2025,Payment,333,HDFC Bank Current A/c,,1419.83,
16-07-2025,Payment,334,Telephone Expenses,7547.92,,
16-07-2025,Payment,334,Cash,,7547.92,
16-07-2025,Sales,449,Customer 09,135500.65,,
16-07-2025,Sales,449,Sales - Local,,135500.65,
16-07-2025,Sales,450,Cash,49117.18,,
16-07-2025,Sales,450,Sales - Local,,49117.18,
16-07-2025,Receipt,280,Cash,5527.46,,
16-07-2025,Receipt,280,Customer 09,,5527.46,
16-07-2025,Purchase,222,Purchases - Local,60688.31,,
16-07-2025,Purchase,222,Supplier 05,,60688.31,
16-07-2025,Payment,335,Conveyance,5878.19,,
16-07-2025,Payment,335,Cash,,5878.19,
16-07-2025,Payment,336,Supplier 11,237409.12,,
16-07-2025,Payment,336,HDFC Bank Current A/c,,237409.12,
16-07-2025,Purchase,223,Purchases - Local,80140.33,,
16-07-2025,Purchase,223,Supplier 12,,80140.33,
16-07-2025,Sales,451,Customer 17,184711.38,,
16-07-2025,Sales,451,Sales - Local,,184711.38,
16-07-2025,Sales,452,Customer 02,13725.45,,
16-07-2025,Sales,452,Sales - Local,,13725.45,
17-07-2025,Payment,337,Staff Welfare,9118.89,,
17-07-2025,Payment,337,Cash,,9118.89,
17-07-2025,Payment,338,Telephone Expenses,7640.68,,
17-07-2025,Payment,338,Cash,,7640.68,
17-07-2025,Sales,453,Customer 20,176003.51,,
17-07-2025,Sales,453,Sales - Local,,176003.51,
17-07-2025,Receipt,281,HDFC Bank Current A/c,231188.31,,
17-07-2025,Receipt,281,Customer 16,,231188.31,
17-07-2025,Payment,339,Supplier 07,44480.34,,
17-07-2025,Payment,339,HDFC Bank Current A/c,,44480.34,
17-07-2025,Sales,454,Cash,19353.25,,
17-07-2025,Sales,454,Sales - Local,,19353.25,
17-07-2025,Receipt,282,HDFC Bank Current A/c,78891.57,,
17-07-2025,Receipt,282,Customer 17,,78891.57,
17-07-2025,Payment,340,Supplier 07,237590.41,,
17-07-2025,Payment,340,HDFC Bank Current A/c,,237590.41,
17-07-2025,Payment,341,Supplier 03,76992.14,,
17-07-2025,Payment,341,HDFC Bank Current A/c,,76992.14,
17-07-2025,Payment,342,Printing & Stationery,5227.61,,
17-07-2025,Payment,342,Cash,,5227.61,
17-07-2025,Payment,343,Conveyance,7478.13,,
17-07-2025,Payment,343,Cash,,7478.13,
17-07-2025,Sales,455,Cash,16957.67,,
17-07-2025,Sales,455,Sales - Local,,16957.67,
18-07-2025,Purchase,224,Purchases - Local,95820.36,,
18-07-2025,Purchase,224,Supplier 07,,95820.36,
18-07-2025,Sales,456,Customer 08,181688.04,,
18-07-2025,Sales,456,Sales - Local,,181688.04,
18-07-2025,Payment,344,Telephone Expenses,7482.54,,
18-07-2025,Payment,344,Cash,,7482.54,
18-07-2025,Sales,457,Cash,7429.21,,
18-07-2025,Sales,457,Sales - Local,,7429.21,
18-07-2025,Receipt,283,HDFC Bank Current A/c,47963.01,,
18-07-2025,Receipt,283,Customer 03,,47963.01,
18-07-2025,Receipt,284,HDFC Bank Current A/c,355813.99,,
18-07-2025,Receipt,284,Customer 08,,355813.99,
18-07-2025,Receipt,285,HDFC Bank Current A/c,55036.17,,
18-07-2025,Receipt,285,Customer 10,,55036.17,
18-07-2025,Purchase,225,Purchases - Local,22984.32,,
18-07-2025,Purchase,225,Supplier 01,,22984.32,
18-07-2025,Purchase,226,Purchases - Local,13302.75,,
18-07-2025,Purchase,226,Supplier 05,,13302.75,
18-07-2025,Receipt,286,HDFC Bank Current A/c,122963.49,,
18-07-2025,Receipt,286,Customer 19,,122963.49,
18-07-2025,Receipt,287,Cash,4747.63,,
18-07-2025,Receipt,287,Customer 17,,4747.63,
18-07-2025,Payment,345,Supplier 10,241243.93,,
18-07-2025,Payment,345,HDFC Bank Current A/c,,241243.93,
19-07-2025,Payment,346,Supplier 01,25698.97,,
19-07-2025,Payment,346,HDFC Bank Current A/c,,25698.97,
19-07-2025,Receipt,288,HDFC Bank Current A/c,162088.30,,
19-07-2025,Receipt,288,Customer 17,,162088.30,
19-07-2025,Purchase,227,Purchases - Local,25432.67,,
19-07-2025,Purchase,227,Supplier 03,,25432.67,
19-07-2025,Receipt,289,HDFC Bank Current A/c,291757.27,,
19-07-2025,Receipt,289,Customer 07,,291757.27,
19-07-2025,Receipt,290,HDFC Bank Current A/c,2302.68,,
19-07-2025,Receipt,290,Customer 05,,2302.68,
19-07-2025,Sales,458,Cash,13010.36,,
19-07-2025,Sales,458,Sales - Local,,13010.36,
19-07-2025,Payment,347,Conveyance,2692.23,,
19-07-2025,Payment,347,Cash,,2692.23,
19-07-2025,Purchase,228,Purchases - Local,106297.07,,
19-07-2025,Purchase,228,Supplier 09,,106297.07,
19-07-2025,Payment,348,Supplier 10,162980.68,,
19-07-2025,Payment,348,HDFC Bank Current A/c,,162980.68,
19-07-2025,Sales,459,Customer 22,96306.28,,
19-07-2025,Sales,459,Sales - Local,,96306.28,
19-07-2025,Purchase,229,Purchases - Local,8904.57,,
19-07-2025,Purchase,229,Supplier 15,,8904.57,
19-07-2025,Payment,349,Bank Charges,413.15,,
19-07-2025,Payment,349,HDFC Bank Current A/c,,413.15,
20-07-2025,Payment,350,Office Expenses,8310.56,,
20-07-2025,Payment,350,Cash,,8310.56,
20-07-2025,Payment,351,Printing & Stationery,7121.63,,
20-07-2025,Payment,351,Cash,,7121.63,
20-07-2025,Purchase,230,Purchases - Local,55849.88,,
20-07-2025,Purchase,230,Supplier 06,,55849.88,
20-07-2025,Payment,352,Conveyance,5361.54,,
20-07-2025,Payment,352,Cash,,5361.54,
20-07-2025,Payment,353,Supplier 07,88423.13,,
20-07-2025,Payment,353,HDFC Bank Current A/c,,88423.13,
20-07-2025,Receipt,291,Cash,5439.38,,
20-07-2025,Receipt,291,Customer 08,,5439.38,
20-07-2025,Purchase,231,Purchases - Local,61723.34,,
20-07-2025,Purchase,231,Supplier 14,,61723.34,
20-07-2025,Purchase,232,Purchases - Local,110495.53,,
20-07-2025,Purchase,232,Supplier 06,,110495.53,
20-07-2025,Purchase,233,Purchases - Local,48303.83,,
20-07-2025,Purchase,233,Supplier 08,,48303.83,
20-07-2025,Sales,460,Customer 02,146545.32,,
20-07-2025,Sales,460,Sales - Local,,146545.32,
20-07-2025,Sales,461,Customer 25,158794.86,,
20-07-2025,Sales,461,Sales - Local,,158794.86,
20-07-2025,Receipt,292,HDFC Bank Current A/c,6483.61,,
20-07-2025,Receipt,292,Customer 05,,6483.61,
21-07-2025,Purchase,234,Purchases - Local,116970.69,,
21-07-2025,Purchase,234,Supplier 03,,116970.69,
21-07-2025,Receipt,293,HDFC Bank Current A/c,97620.52,,
21-07-2025,Receipt,293,Customer 25,,97620.52,
21-07-2025,Purchase,235,Purchases - Local,64942.66,,
21-07-2025,Purchase,235,Supplier 10,,64942.66,
21-07-2025,Receipt,294,Cash,9812.55,,
21-07-2025,Receipt,294,Customer 04,,9812.55,
21-07-2025,Sales,462,Cash,13327.59,,
21-07-2025,Sales,462,Sales - Local,,13327.59,
21-07-2025,Sales,463,Customer 22,38426.34,,
21-07-2025,Sales,463,Sales - Local,,38426.34,
21-07-2025,Payment,354,Office Expenses,926.18,,
21-07-2025,Payment,354,Cash,,926.18,
21-07-2025,Payment,355,Supplier 12,186211.37,,
21-07-2025,Payment,355,HDFC Bank Current A/c,,186211.37,
21-07-2025,Payment,356,Supplier 15,10392.16,,
21-07-2025,Payment,356,HDFC Bank Current A/c,,10392.16,
21-07-2025,Payment,357,Supplier 06,66731.05,,
21-07-2025,Payment,357,HDFC Bank Current A/c,,66731.05,
21-07-2025,Receipt,295,HDFC Bank Current A/c,95453.13,,
21-07-2025,Receipt,295,Customer 07,,95453.13,
21-07-2025,Purchase,236,Purchases - Local,76004.71,,
21-07-2025,Purchase,236,Supplier 14,,76004.71,
22-07-2025,Purchase,237,Purchases - Local,76513.18,,
22-07-2025,Purchase,237,Supplier 08,,76513.18,
22-07-2025,Sales,464,Customer 08,94795.34,,
22-07-2025,Sales,464,Sales - Local,,94795.34,
22-07-2025,Receipt,296,HDFC Bank Current A/c,139671.62,,
22-07-2025,Receipt,296,Customer 04,,139671.62,
22-07-2025,Purchase,238,Purchases - Local,36610.95,,
22-07-2025,Purchase,238,Supplier 08,,36610.95,
22-07-2025,Payment,358,Telephone Expenses,4457.46,,
22-07-2025,Payment,358,Cash,,4457.46,
22-07-2025,Receipt,297,HDFC Bank Current A/c,1240.97,,
22-07-2025,Receipt,297,Customer 17,,1240.97,
22-07-2025,Sales,465,Customer 02,85803.95,,
22-07-2025,Sales,465,Sales - Local,,85803.95,
22-07-2025,Sales,466,Cash,8780.46,,
22-07-2025,Sales,466,Sales - Local,,8780.46,
22-07-2025,Receipt,298,HDFC Bank Current A/c,480790.86,,
22-07-2025,Receipt,298,Customer 21,,480790.86,
22-07-2025,Receipt,299,HDFC Bank Current A/c,11299.65,,
22-07-2025,Receipt,299,Customer 12,,11299.65,
22-07-2025,Sales,467,Customer 05,171889.63,,
22-07-2025,Sales,467,Sales - Local,,171889.63,
22-07-2025,Receipt,300,HDFC Bank Current A/c,9225.15,,
22-07-2025,Receipt,300,Customer 16,,9225.15,
23-07-2025,Receipt,301,Cash,7778.76,,
23-07-2025,Receipt,301,Customer 10,,7778.76,
23-07-2025,Payment,359,Telephone Expenses,8549.49,,
23-07-2025,Payment,359,Cash,,8549.49,
23-07-2025,Receipt,302,HDFC Bank Current A/c,70115.63,,
23-07-2025,Receipt,302,Customer 24,,70115.63,
23-07-2025,Sales,468,Customer 13,134806.27,,
23-07-2025,Sales,468,Sales - Local,,134806.27,
23-07-2025,Receipt,303,Cash,17516.95,,
23-07-2025,Receipt,303,Customer 03,,17516.95,
23-07-2025,Receipt,304,HDFC Bank Current A/c,4548.41,,
23-07-2025,Receipt,304,Customer 12,,4548.41,
23-07-2025,Receipt,305,HDFC Bank Current A/c,274991.41,,
23-07-2025,Receipt,305,Customer 02,,274991.41,
23-07-2025,Sales,469,Customer 11,137367.58,,
23-07-2025,Sales,469,Sales - Local,,137367.58,
23-07-2025,Sales,470,Cash,40940.28,,
23-07-2025,Sales,470,Sales - Local,,40940.28,
23-07-2025,Payment,360,Printing & Stationery,4788.58,,
23-07-2025,Payment,360,Cash,,4788.58,
23-07-2025,Sales,471,Customer 06,63623.66,,
23-07-2025,Sales,471,Sales - Local,,63623.66,
23-07-2025,Payment,361,Bank Charges,419.08,,
23-07-2025,Payment,361,HDFC Bank Current A/c,,419.08,
24-07-2025,Receipt,306,HDFC Bank Current A/c,21480.97,,
24-07-2025,Receipt,306,Customer 10,,21480.97,
24-07-2025,Receipt,307,HDFC Bank Current A/c,6352.80,,
24-07-2025,Receipt,307,Customer 23,,6352.80,
24-07-2025,Sales,472,Customer 10,108672.87,,
24-07-2025,Sales,472,Sales - Local,,108672.87,
24-07-2025,Purchase,239,Purchases - Local,10054.78,,
24-07-2025,Purchase,239,Supplier 12,,10054.78,
24-07-2025,Payment,362,Bank Charges,205.63,,
24-07-2025,Payment,362,HDFC Bank Current A/c,,205.63,
24-07-2025,Payment,363,Staff Welfare,5240.65,,
24-07-2025,Payment,363,Cash,,5240.65,
24-07-2025,Receipt,308,HDFC Bank Current A/c,72767.07,,
24-07-2025,Receipt,308,Customer 10,,72767.07,
24-07-2025,Payment,364,Supplier 08,69512.47,,
24-07-2025,Payment,364,HDFC Bank Current A/c,,69512.47,
24-07-2025,Purchase,240,Purchases - Local,73977.43,,
24-07-2025,Purchase,240,Supplier 04,,73977.43,
24-07-2025,Sales,473,Cash,19775.24,,
24-07-2025,Sales,473,Sales - Local,,19775.24,
24-07-2025,Receipt,309,HDFC Bank Current A/c,148708.90,,
24-07-2025,Receipt,309,Customer 20,,148708.90,
24-07-2025,Purchase,241,Purchases - Local,84819.50,,
24-07-2025,Purchase,241,Supplier 03,,84819.50,
25-07-2025,Receipt,310,HDFC Bank Current A/c,28305.71,,
25-07-2025,Receipt,310,Customer 24,,28305.71,
25-07-2025,Purchase,242,Purchases - Local,77605.98,,
25-07-2025,Purchase,242,Supplier 09,,77605.98,
25-07-2025,Payment,365,Supplier 08,10973.97,,
25-07-2025,Payment,365,HDFC Bank Current A/c,,10973.97,
25-07-2025,Sales,474,Cash,7482.66,,
25-07-2025,Sales,474,Sales - Local,,7482.66,
25-07-2025,Purchase,243,Purchases - Local,115297.39,,
25-07-2025,Purchase,243,Supplier 05,,115297.39,
25-07-2025,Payment,366,Supplier 10,108855.70,,
25-07-2025,Payment,366,HDFC Bank Current A/c,,108855.70,
25-07-2025,Purchase,244,Purchases - Local,10811.59,,
25-07-2025,Purchase,244,Supplier 15,,10811.59,
25-07-2025,Sales,475,Customer 06,187030.82,,
25-07-2025,Sales,475,Sales - Local,,187030.82,
25-07-2025,Sales,476,Cash,6481.43,,
25-07-2025,Sales,476,Sales - Local,,6481.43,
25-07-2025,Purchase,245,Purchases - Local,68341.31,,
25-07-2025,Purchase,245,Supplier 10,,68341.31,
25-07-2025,Purchase,246,Purchases - Local,115154.50,,
25-07-2025,Purchase,246,Supplier 02,,115154.50,
25-07-2025,Sales,477,Cash,40128.85,,
25-07-2025,Sales,477,Sales - Local,,40128.85,
26-07-2025,Purchase,247,Purchases - Local,105862.43,,
26-07-2025,Purchase,247,Supplier 03,,105862.43,
26-07-2025,Purchase,248,Purchases - Local,90711.29,,
26-07-2025,Purchase,248,Supplier 01,,90711.29,
26-07-2025,Purchase,249,Purchases - Local,119479.03,,
26-07-2025,Purchase,249,Supplier 15,,119479.03,
26-07-2025,Payment,367,Supplier 03,400454.21,,
26-07-2025,Payment,367,HDFC Bank Current A/c,,400454.21,
26-07-2025,Receipt,311,Cash,3783.75,,
26-07-2025,Receipt,311,Customer 06,,3783.75,
26-07-2025,Payment,368,Telephone Expenses,886.29,,
26-07-2025,Payment,368,Cash,,886.29,
26-07-2025,Purchase,250,Purchases - Local,80415.46,,
26-07-2025,Purchase,250,Supplier 10,,80415.46,
26-07-2025,Sales,478,Customer 21,192614.79,,
26-07-2025,Sales,478,Sales - Local,,192614.79,
26-07-2025,Receipt,312,HDFC Bank Current A/c,113667.06,,
26-07-2025,Receipt,312,Customer 19,,113667.06,
26-07-2025,Payment,369,Bank Charges,482.03,,
26-07-2025,Payment,369,HDFC Bank Current A/c,,482.03,
26-07-2025,Purchase,251,Purchases - Local,83169.09,,
26-07-2025,Purchase,251,Supplier 15,,83169.09,
26-07-2025,Purchase,252,Purchases - Local,39801.00,,
26-07-2025,Purchase,252,Supplier 04,,39801.00,
27-07-2025,Sales,479,Cash,46567.99,,
27-07-2025,Sales,479,Sales - Local,,46567.99,
27-07-2025,Payment,370,Telephone Expenses,952.10,,
27-07-2025,Payment,370,Cash,,952.10,
27-07-2025,Receipt,313,HDFC Bank Current A/c,271971.17,,
27-07-2025,Receipt,313,Customer 21,,271971.17,
27-07-2025,Payment,371,Supplier 06,90739.16,,
27-07-2025,Payment,371,HDFC Bank Current A/c,,90739.16,
27-07-2025,Sales,480,Cash,3372.79,,
27-07-2025,Sales,480,Sales - Local,,3372.79,
27-07-2025,Sales,481,Cash,2691.51,,
27-07-2025,Sales,481,Sales - Local,,2691.51,
27-07-2025,Receipt,314,HDFC Bank Current A/c,268708.89,,
27-07-2025,Receipt,314,Customer 09,,268708.89,
27-07-2025,Sales,482,Cash,49995.11,,
27-07-2025,Sales,482,Sales - Local,,49995.11,
27-07-2025,Receipt,315,HDFC Bank Current A/c,1179.92,,
27-07-2025,Receipt,315,Customer 23,,1179.92,
27-07-2025,Payment,372,Bank Charges,398.31,,
27-07-2025,Payment,372,HDFC Bank Current A/c,,398.31,
27-07-2025,Receipt,316,HDFC Bank Current A/c,165783.99,,
27-07-2025,Receipt,316,Customer 25,,165783.99,
27-07-2025,Sales,483,Cash,49447.48,,
27-07-2025,Sales,483,Sales - Local,,49447.48,
28-07-2025,Purchase,253,Purchases - Local,37399.02,,
28-07-2025,Purchase,253,Supplier 15,,37399.02,
28-07-2025,Payment,373,Supplier 06,4748.89,,
28-07-2025,Payment,373,HDFC Bank Current A/c,,4748.89,
28-07-2025,Sales,484,Customer 25,58559.61,,
28-07-2025,Sales,484,Sales - Local,,58559.61,
28-07-2025,Payment,374,Printing & Stationery,9833.98,,
28-07-2025,Payment,374,Cash,,9833.98,
28-07-2025,Sales,485,Customer 21,142511.93,,
28-07-2025,Sales,485,Sales - Local,,142511.93,
28-07-2025,Sales,486,Cash,41493.28,,
28-07-2025,Sales,486,Sales - Local,,41493.28,
28-07-2025,Purchase,254,Purchases - Local,9998.35,,
28-07-2025,Purchase,254,Supplier 02,,9998.35,
28-07-2025,Payment,375,Supplier 14,174290.15,,
28-07-2025,Payment,375,HDFC Bank Current A/c,,174290.15,
28-07-2025,Sales,487,Customer 14,25547.08,,
28-07-2025,Sales,487,Sales - Local,,25547.08,
28-07-2025,Purchase,255,Purchases - Local,67784.04,,
28-07-2025,Purchase,255,Supplier 07,,67784.04,
28-07-2025,Payment,376,Supplier 03,169514.49,,
28-07-2025,Payment,376,HDFC Bank Current A/c,,169514.49,
28-07-2025,Receipt,317,HDFC Bank Current A/c,106093.43,,
28-07-2025,Receipt,317,Customer 09,,106093.43,
29-07-2025,Sales,488,Customer 20,82482.20,,
29-07-2025,Sales,488,Sales - Local,,82482.20,
29-07-2025,Sales,489,Customer 09,175967.40,,
29-07-2025,Sales,489,Sales - Local,,175967.40,
29-07-2025,Sales,490,Customer 18,150241.39,,
29-07-2025,Sales,490,Sales - Local,,150241.39,
29-07-2025,Receipt,318,HDFC Bank Current A/c,120496.66,,
29-07-2025,Receipt,318,Customer 02,,120496.66,
29-07-2025,Sales,491,Cash,14253.83,,
29-07-2025,Sales,491,Sales - Local,,14253.83,
29-07-2025,Sales,492,Customer 11,163198.00,,
29-07-2025,Sales,492,Sales - Local,,163198.00,
29-07-2025,Purchase,256,Purchases - Local,85985.92,,
29-07-2025,Purchase,256,Supplier 13,,85985.92,
29-07-2025,Sales,493,Cash,8786.40,,
29-07-2025,Sales,493,Sales - Local,,8786.40,
29-07-2025,Sales,494,Cash,37985.58,,
29-07-2025,Sales,494,Sales - Local,,37985.58,
29-07-2025,Sales,495,Customer 14,116415.86,,
29-07-2025,Sales,495,Sales - Local,,116415.86,
29-07-2025,Payment,377,Conveyance,2567.44,,
29-07-2025,Payment,377,Cash,,2567.44,
29-07-2025,Sales,496,Cash,2349.66,,
29-07-2025,Sales,496,Sales - Local,,2349.66,
30-07-2025,Sales,497,Customer 03,101185.72,,
30-07-2025,Sales,497,Sales - Local,,101185.72,
30-07-2025,Payment,378,Bank Charges,249.03,,
30-07-2025,Payment,378,HDFC Bank Current A/c,,249.03,
30-07-2025,Receipt,319,HDFC Bank Current A/c,100136.99,,
30-07-2025,Receipt,319,Customer 04,,100136.99,
30-07-2025,Purchase,257,Purchases - Local,47320.77,,
30-07-2025,Purchase,257,Supplier 14,,47320.77,
30-07-2025,Purchase,258,Purchases - Local,54444.59,,
30-07-2025,Purchase,258,Supplier 13,,54444.59,
30-07-2025,Receipt,320,Cash,3997.20,,
30-07-2025,Receipt,320,Customer 19,,3997.20,
30-07-2025,Payment,379,Supplier 13,13387.01,,
30-07-2025,Payment,379,HDFC Bank Current A/c,,13387.01,
30-07-2025,Payment,380,Supplier 03,12845.85,,
30-07-2025,Payment,380,HDFC Bank Current A/c,,12845.85,
30-07-2025,Payment,381,Supplier 12,38961.18,,
30-07-2025,Payment,381,HDFC Bank Current A/c,,38961.18,
30-07-2025,Purchase,259,Purchases - Local,101453.04,,
30-07-2025,Purchase,259,Supplier 03,,101453.04,
30-07-2025,Sales,498,Customer 17,166823.12,,
30-07-2025,Sales,498,Sales - Local,,166823.12,
30-07-2025,Sales,499,Cash,41212.03,,
30-07-2025,Sales,499,Sales - Local,,41212.03,
31-07-2025,Sales,500,Customer 21,162062.37,,
31-07-2025,Sales,500,Sales - Local,,162062.37,
31-07-2025,Sales,501,Customer 20,78281.53,,
31-07-2025,Sales,501,Sales - Local,,78281.53,
31-07-2025,Sales,502,Cash,20363.71,,
31-07-2025,Sales,502,Sales - Local,,20363.71,
31-07-2025,Receipt,321,Cash,16263.33,,
31-07-2025,Receipt,321,Customer 22,,16263.33,
31-07-2025,Sales,503,Cash,35254.76,,
31-07-2025,Sales,503,Sales - Local,,35254.76,
31-07-2025,Sales,504,Cash,12043.67,,
31-07-2025,Sales,504,Sales - Local,,12043.67,
31-07-2025,Payment,382,Telephone Expenses,6905.85,,
31-07-2025,Payment,382,Cash,,6905.85,
31-07-2025,Purchase,260,Purchases - Local,10010.17,,
31-07-2025,Purchase,260,Supplier 09,,10010.17,
31-07-2025,Receipt,322,HDFC Bank Current A/c,2776.33,,
31-07-2025,Receipt,322,Customer 16,,2776.33,
31-07-2025,Sales,505,Cash,9842.02,,
31-07-2025,Sales,505,Sales - Local,,9842.02,
31-07-2025,Payment,383,Supplier 15,106333.69,,
31-07-2025,Payment,383,HDFC Bank Current A/c,,106333.69,
31-07-2025,Sales,506,Cash,27350.74,,
31-07-2025,Sales,506,Sales - Local,,27350.74,
01-08-2025,Purchase,261,Purchases - Local,67942.28,,
01-08-2025,Purchase,261,Supplier 11,,67942.28,
01-08-2025,Purchase,262,Purchases - Local,32408.94,,
01-08-2025,Purchase,262,Supplier 03,,32408.94,
01-08-2025,Receipt,323,Cash,16991.58,,
01-08-2025,Receipt,323,Customer 13,,16991.58,
01-08-2025,Sales,507,Cash,34346.83,,
01-08-2025,Sales,507,Sales - Local,,34346.83,
01-08-2025,Receipt,324,HDFC Bank Current A/c,75054.73,,
01-08-2025,Receipt,324,Customer 07,,75054.73,
01-08-2025,Purchase,263,Purchases - Local,37744.39,,
01-08-2025,Purchase,263,Supplier 05,,37744.39,
01-08-2025,Receipt,325,HDFC Bank Current A/c,785136.04,,
01-08-2025,Receipt,325,Customer 20,,785136.04,
01-08-2025,Sales,508,Customer 24,169854.82,,
01-08-2025,Sales,508,Sales - Local,,169854.82,
01-08-2025,Payment,384,Supplier 04,106416.33,,
01-08-2025,Payment,384,HDFC Bank Current A/c,,106416.33,
01-08-2025,Sales,509,Customer 08,116360.51,,
01-08-2025,Sales,509,Sales - Local,,116360.51,
02-08-2025,Receipt,326,HDFC Bank Current A/c,5430.39,,
02-08-2025,Receipt,326,Interest Received,,5430.39,
02-08-2025,Payment,385,Bank Charges,335.21,,
02-08-2025,Payment,385,HDFC Bank Current A/c,,335.21,
02-08-2025,Purchase,264,Purchases - Local,93129.48,,
02-08-2025,Purchase,264,Supplier 12,,93129.48,
02-08-2025,Sales,510,Cash,46780.76,,
02-08-2025,Sales,510,Sales - Local,,46780.76,
02-08-2025,Payment,386,Printing & Stationery,2099.53,,
02-08-2025,Payment,386,Cash,,2099.53,
02-08-2025,Purchase,265,Purchases - Local,61851.26,,
02-08-2025,Purchase,265,Supplier 13,,61851.26,
02-08-2025,Purchase,266,Purchases - Local,85268.74,,
02-08-2025,Purchase,266,Supplier 08,,85268.74,
02-08-2025,Sales,511,Cash,46530.79,,
02-08-2025,Sales,511,Sales - Local,,46530.79,
02-08-2025,Receipt,327,HDFC Bank Current A/c,542380.05,,
02-08-2025,Receipt,327,Customer 08,,542380.05,
02-08-2025,Receipt,328,HDFC Bank Current A/c,121675.35,,
02-08-2025,Receipt,328,Customer 17,,121675.35,
02-08-2025,Sales,512,Customer 24,167379.22,,
02-08-2025,Sales,512,Sales - Local,,167379.22,
02-08-2025,Purchase,267,Purchases - Local,117379.57,,
02-08-2025,Purchase,267,Supplier 01,,117379.57,
03-08-2025,Sales,513,Customer 10,74798.39,,
03-08-2025,Sales,513,Sales - Local,,74798.39,
03-08-2025,Receipt,329,HDFC Bank Current A/c,208078.33,,
03-08-2025,Receipt,329,Customer 21,,208078.33,
03-08-2025,Receipt,330,HDFC Bank Current A/c,12264.78,,
03-08-2025,Receipt,330,Customer 08,,12264.78,
03-08-2025,Receipt,331,Cash,9383.19,,
03-08-2025,Receipt,331,Customer 04,,9383.19,
03-08-2025,Sales,514,Customer 06,70027.55,,
03-08-2025,Sales,514,Sales - Local,,70027.55,
03-08-2025,Sales,515,Customer 03,184530.70,,
03-08-2025,Sales,515,Sales - Local,,184530.70,
03-08-2025,Payment,387,Supplier 09,236648.24,,
03-08-2025,Payment,387,HDFC Bank Current A/c,,236648.24,
03-08-2025,Sales,516,Customer 14,132694.75,,
03-08-2025,Sales,516,Sales - Local,,132694.75,
03-08-2025,Receipt,332,Cash,11018.73,,
03-08-2025,Receipt,332,Customer 01,,11018.73,
03-08-2025,Payment,388,Bank Charges,16.77,,
03-08-2025,Payment,388,HDFC Bank Current A/c,,16.77,
03-08-2025,Receipt,333,HDFC Bank Current A/c,8527.55,,
03-08-2025,Receipt,333,Interest Received,,8527.55,
03-08-2025,Receipt,334,Cash,616.83,,
03-08-2025,Receipt,334,Customer 20,,616.83,
04-08-2025,Payment,389,Supplier 10,4809.17,,
04-08-2025,Payment,389,HDFC Bank Current A/c,,4809.17,
04-08-2025,Receipt,335,HDFC Bank Current A/c,70611.54,,
04-08-2025,Receipt,335,Customer 19,,70611.54,
04-08-2025,Sales,517,Customer 13,83973.07,,
04-08-2025,Sales,517,Sales - Local,,83973.07,
04-08-2025,Sales,518,Customer 15,60591.52,,
04-08-2025,Sales,518,Sales - Local,,60591.52,
04-08-2025,Sales,519,Customer 14,173492.16,,
04-08-2025,Sales,519,Sales - Local,,173492.16,
04-08-2025,Payment,390,Conveyance,1859.12,,
04-08-2025,Payment,390,Cash,,1859.12,
04-08-2025,Receipt,336,HDFC Bank Current A/c,184332.05,,
04-08-2025,Receipt,336,Customer 03,,184332.05,
04-08-2025,Purchase,268,Purchases - Local,79126.01,,
04-08-2025,Purchase,268,Supplier 11,,79126.01,
04-08-2025,Sales,520,Cash,38482.76,,
04-08-2025,Sales,520,Sales - Local,,38482.76,
04-08-2025,Purchase,269,Purchases - Local,92997.44,,
04-08-2025,Purchase,269,Supplier 09,,92997.44,
04-08-2025,Payment,391,Telephone Expenses,3296.47,,
04-08-2025,Payment,391,Cash,,3296.47,
04-08-2025,Sales,521,Customer 14,98333.97,,
04-08-2025,Sales,521,Sales - Local,,98333.97,
05-08-2025,Purchase,270,Purchases - Local,41193.88,,
05-08-2025,Purchase,270,Supplier 06,,41193.88,
05-08-2025,Receipt,337,Cash,11903.06,,
05-08-2025,Receipt,337,Customer 07,,11903.06,
05-08-2025,Sales,522,Cash,17905.40,,
05-08-2025,Sales,522,Sales - Local,,17905.40,
05-08-2025,Purchase,271,Purchases - Local,14884.84,,
05-08-2025,Purchase,271,Supplier 11,,14884.84,
05-08-2025,Sales,523,Customer 08,110084.94,,
05-08-2025,Sales,523,Sales - Local,,110084.94,
05-08-2025,Receipt,338,HDFC Bank Current A/c,5837.40,,
05-08-2025,Receipt,338,Customer 11,,5837.40,
05-08-2025,Sales,524,Cash,19898.56,,
05-08-2025,Sales,524,Sales - Local,,19898.56,
05-08-2025,Sales,525,Cash,28699.71,,
05-08-2025,Sales,525,Sales - Local,,28699.71,
05-08-2025,Payment,392,Supplier 08,67763.77,,
05-08-2025,Payment,392,HDFC Bank Current A/c,,67763.77,
05-08-2025,Receipt,339,Cash,6297.28,,
05-08-2025,Receipt,339,Customer 14,,6297.28,
05-08-2025,Sales,526,Customer 10,146656.00,,
05-08-2025,Sales,526,Sales - Local,,146656.00,
05-08-2025,Sales,527,Customer 22,102222.90,,
05-08-2025,Sales,527,Sales - Local,,102222.90,
06-08-2025,Sales,528,Cash,49855.11,,
06-08-2025,Sales,528,Sales - Local,,49855.11,
06-08-2025,Sales,529,Customer 14,28729.17,,
06-08-2025,Sales,529,Sales - Local,,28729.17,
06-08-2025,Receipt,340,HDFC Bank Current A/c,183485.05,,
06-08-2025,Receipt,340,Customer 03,,183485.05,
06-08-2025,Payment,393,Printing & Stationery,3230.07,,
06-08-2025,Payment,393,Cash,,3230.07,
06-08-2025,Receipt,341,Cash,17996.16,,
06-08-2025,Receipt,341,Customer 01,,17996.16,
06-08-2025,Receipt,342,HDFC Bank Current A/c,6689.04,,
06-08-2025,Receipt,342,Interest Received,,6689.04,
06-08-2025,Purchase,272,Purchases - Local,43050.71,,
06-08-2025,Purchase,272,Supplier 08,,43050.71,
06-08-2025,Purchase,273,Purchases - Local,76632.03,,
06-08-2025,Purchase,273,Supplier 08,,76632.03,
06-08-2025,Purchase,274,Purchases - Local,14801.64,,
06-08-2025,Purchase,274,Supplier 02,,14801.64,
06-08-2025,Payment,394,Supplier 07,220504.24,,
06-08-2025,Payment,394,HDFC Bank Current A/c,,220504.24,
06-08-2025,Sales,530,Customer 16,97242.27,,
06-08-2025,Sales,530,Sales - Local,,97242.27,
06-08-2025,Receipt,343,Cash,2106.32,,
06-08-2025,Receipt,343,Customer 13,,2106.32,
07-08-2025,Receipt,344,HDFC Bank Current A/c,259565.00,,
07-08-2025,Receipt,344,Customer 11,,259565.00,
07-08-2025,Receipt,345,HDFC Bank Current A/c,335194.39,,
07-08-2025,Receipt,345,Customer 18,,335194.39,
07-08-2025,Receipt,346,HDFC Bank Current A/c,143734.43,,
07-08-2025,Receipt,346,Customer 05,,143734.43,
07-08-2025,Purchase,275,Purchases - Local,78391.21,,
07-08-2025,Purchase,275,Supplier 11,,78391.21,
07-08-2025,Sales,531,Customer 18,167833.07,,
07-08-2025,Sales,531,Sales - Local,,167833.07,
07-08-2025,Receipt,347,HDFC Bank Current A/c,250912.29,,
07-08-2025,Receipt,347,Customer 24,,250912.29,
07-08-2025,Sales,532,Cash,35182.09,,
07-08-2025,Sales,532,Sales - Local,,35182.09,
07-08-2025,Receipt,348,Cash,5002.58,,
07-08-2025,Receipt,348,Customer 12,,5002.58,
07-08-2025,Purchase,276,Purchases - Local,17904.85,,
07-08-2025,Purchase,276,Supplier 05,,17904.85,
07-08-2025,Receipt,349,HDFC Bank Current A/c,151243.12,,
07-08-2025,Receipt,349,Customer 25,,151243.12,
07-08-2025,Sales,533,Customer 23,127943.00,,
07-08-2025,Sales,533,Sales - Local,,127943.00,
07-08-2025,Receipt,350,HDFC Bank Current A/c,104235.13,,
07-08-2025,Receipt,350,Customer 10,,104235.13,
08-08-2025,Sales,534,Cash,16656.91,,
08-08-2025,Sales,534,Sales - Local,,16656.91,
08-08-2025,Sales,535,Cash,6478.17,,
08-08-2025,Sales,535,Sales - Local,,6478.17,
08-08-2025,Receipt,351,HDFC Bank Current A/c,22223.74,,
08-08-2025,Receipt,351,Customer 20,,22223.74,
08-08-2025,Payment,395,Conveyance,4409.40,,
08-08-2025,Payment,395,Cash,,4409.40,
08-08-2025,Payment,396,Supplier 14,24606.97,,
08-08-2025,Payment,396,HDFC Bank Current A/c,,24606.97,
08-08-2025,Purchase,277,Purchases - Local,83488.74,,
08-08-2025,Purchase,277,Supplier 06,,83488.74,
08-08-2025,Payment,397,Supplier 12,130985.10,,
08-08-2025,Payment,397,HDFC Bank Current A/c,,130985.10,
08-08-2025,Sales,536,Customer 14,190252.90,,
08-08-2025,Sales,536,Sales - Local,,190252.90,
08-08-2025,Payment,398,Conveyance,4457.25,,
08-08-2025,Payment,398,Cash,,4457.25,
08-08-2025,Purchase,278,Purchases - Local,14402.34,,
08-08-2025,Purchase,278,Supplier 02,,14402.34,
08-08-2025,Receipt,352,HDFC Bank Current A/c,45462.69,,
08-08-2025,Receipt,352,Customer 10,,45462.69,
09-08-2025,Sales,537,Customer 24,100112.92,,
09-08-2025,Sales,537,Sales - Local,,100112.92,
09-08-2025,Payment,399,Conveyance,4717.88,,
09-08-2025,Payment,399,Cash,,4717.88,
09-08-2025,Sales,538,Customer 09,9377.97,,
09-08-2025,Sales,538,Sales - Local,,9377.97,
09-08-2025,Payment,400,Supplier 10,43690.19,,
09-08-2025,Payment,400,HDFC Bank Current A/c,,43690.19,
09-08-2025,Sales,539,Customer 04,176760.11,,
09-08-2025,Sales,539,Sales - Local,,176760.11,
09-08-2025,Purchase,279,Purchases - Local,99317.52,,
09-08-2025,Purchase,279,Supplier 03,,99317.52,
09-08-2025,Sales,540,Cash,4669.37,,
09-08-2025,Sales,540,Sales - Local,,4669.37,
09-08-2025,Purchase,280,Purchases - Local,79725.54,,
09-08-2025,Purchase,280,Supplier 02,,79725.54,
09-08-2025,Payment,401,Supplier 15,26152.33,,
09-08-2025,Payment,401,HDFC Bank Current A/c,,26152.33,
09-08-2025,Sales,541,Customer 24,199259.79,,
09-08-2025,Sales,541,Sales - Local,,199259.79,
09-08-2025,Purchase,281,Purchases - Local,7268.76,,
09-08-2025,Purchase,281,Supplier 05,,7268.76,
09-08-2025,Receipt,353,HDFC Bank Current A/c,17992.63,,
09-08-2025,Receipt,353,Customer 08,,17992.63,
10-08-2025,Receipt,354,HDFC Bank Current A/c,34721.96,,
10-08-2025,Receipt,354,Customer 03,,34721.96,
10-08-2025,Sales,542,Customer 17,49010.17,,
10-08-2025,Sales,542,Sales - Local,,49010.17,
10-08-2025,Sales,543,Customer 02,151904.47,,
10-08-2025,Sales,543,Sales - Local,,151904.47,
10-08-2025,Receipt,355,Cash,13882.08,,
10-08-2025,Receipt,355,Customer 02,,13882.08,
10-08-2025,Payment,402,Printing & Stationery,2515.87,,
10-08-2025,Payment,402,Cash,,2515.87,
10-08-2025,Payment,403,Supplier 09,101269.84,,
10-08-2025,Payment,403,HDFC Bank Current A/c,,101269.84,
10-08-2025,Receipt,356,Cash,8473.16,,
10-08-2025,Receipt,356,Customer 11,,8473.16,
10-08-2025,Payment,404,Supplier 06,121714.33,,
10-08-2025,Payment,404,HDFC Bank Current A/c,,121714.33,
10-08-2025,Payment,405,Staff Welfare,5269.94,,
10-08-2025,Payment,405,Cash,,5269.94,
10-08-2025,Payment,406,Staff Welfare,9146.60,,
10-08-2025,Payment,406,Cash,,9146.60,
10-08-2025,Sales,544,Customer 19,128959.92,,
10-08-2025,Sales,544,Sales - Local,,128959.92,
10-08-2025,Purchase,282,Purchases - Local,7111.02,,
10-08-2025,Purchase,282,Supplier 11,,7111.02,
11-08-2025,Sales,545,Customer 10,44229.46,,
11-08-2025,Sales,545,Sales - Local,,44229.46,
11-08-2025,Payment,407,Bank Charges,268.38,,
11-08-2025,Payment,407,HDFC Bank Current A/c,,268.38,
11-08-2025,Sales,546,Cash,8939.22,,
11-08-2025,Sales,546,Sales - Local,,8939.22,
11-08-2025,Receipt,357,HDFC Bank Current A/c,152945.24,,
11-08-2025,Receipt,357,Customer 08,,152945.24,
11-08-2025,Sales,547,Cash,37354.96,,
11-08-2025,Sales,547,Sales - Local,,37354.96,
11-08-2025,Sales,548,Customer 22,9144.82,,
11-08-2025,Sales,548,Sales - Local,,9144.82,
11-08-2025,Sales,549,Customer 02,21328.48,,
11-08-2025,Sales,549,Sales - Local,,21328.48,
11-08-2025,Sales,550,Customer 05,43763.01,,
11-08-2025,Sales,550,Sales - Local,,43763.01,
11-08-2025,Purchase,283,Purchases - Local,67205.31,,
11-08-2025,Purchase,283,Supplier 10,,67205.31,
11-08-2025,Sales,551,Customer 16,123006.18,,
11-08-2025,Sales,551,Sales - Local,,123006.18,
11-08-2025,Payment,408,Telephone Expenses,908.24,,
11-08-2025,Payment,408,Cash,,908.24,
12-08-2025,Receipt,358,Cash,18921.26,,
12-08-2025,Receipt,358,Customer 14,,18921.26,
12-08-2025,Sales,552,Cash,7088.66,,
12-08-2025,Sales,552,Sales - Local,,7088.66,
12-08-2025,Receipt,359,HDFC Bank Current A/c,71598.88,,
12-08-2025,Receipt,359,Customer 10,,71598.88,
12-08-2025,Purchase,284,Purchases - Local,89591.28,,
12-08-2025,Purchase,284,Supplier 14,,89591.28,
12-08-2025,Sales,553,Customer 05,76310.31,,
12-08-2025,Sales,553,Sales - Local,,76310.31,
12-08-2025,Payment,409,Conveyance,5332.40,,
12-08-2025,Payment,409,Cash,,5332.40,
12-08-2025,Sales,554,Customer 18,146837.78,,
12-08-2025,Sales,554,Sales - Local,,146837.78,
12-08-2025,Payment,410,Bank Charges,379.48,,
12-08-2025,Payment,410,HDFC Bank Current A/c,,379.48,
12-08-2025,Receipt,360,Cash,10965.70,,
12-08-2025,Receipt,360,Customer 02,,10965.70,
12-08-2025,Sales,555,Cash,7263.08,,
12-08-2025,Sales,555,Sales - Local,,7263.08,
12-08-2025,Sales,556,Customer 12,197441.93,,
12-08-2025,Sales,556,Sales - Local,,197441.93,
12-08-2025,Receipt,361,Cash,12648.44,,
12-08-2025,Receipt,361,Customer 17,,12648.44,
13-08-2025,Receipt,362,HDFC Bank Current A/c,59684.87,,
13-08-2025,Receipt,362,Customer 17,,59684.87,
13-08-2025,Purchase,285,Purchases - Local,32096.07,,
13-08-2025,Purchase,285,Supplier 02,,32096.07,
13-08-2025,Receipt,363,Cash,17541.41,,
13-08-2025,Receipt,363,Customer 04,,17541.41,
13-08-2025,Payment,411,Bank Charges,370.65,,
13-08-2025,Payment,411,HDFC Bank Current A/c,,370.65,
13-08-2025,Payment,412,Printing & Stationery,4923.13,,
13-08-2025,Payment,412,Cash,,4923.13,
13-08-2025,Sales,557,Cash,13314.84,,
13-08-2025,Sales,557,Sales - Local,,13314.84,
13-08-2025,Sales,558,Customer 11,84028.25,,
13-08-2025,Sales,558,Sales - Local,,84028.25,
13-08-2025,Receipt,364,HDFC Bank Current A/c,305809.96,,
13-08-2025,Receipt,364,Customer 15,,305809.96,
13-08-2025,Payment,413,Conveyance,630.52,,
13-08-2025,Payment,413,Cash,,630.52,
13-08-2025,Receipt,365,HDFC Bank Current A/c,58594.29,,
13-08-2025,Receipt,365,Customer 09,,58594.29,
13-08-2025,Payment,414,Office Expenses,8869.04,,
13-08-2025,Payment,414,Cash,,8869.04,
13-08-2025,Payment,415,Supplier 10,155664.85,,
13-08-2025,Payment,415,HDFC Bank Current A/c,,155664.85,
14-08-2025,Payment,416,Rent,25000.00,,
14-08-2025,Payment,416,HDFC Bank Current A/c,,25000.00,
14-08-2025,Payment,417,Salary,44380.00,,
14-08-2025,Payment,417,HDFC Bank Current A/c,,44380.00,
14-08-2025,Payment,418,Electricity Charges,7696.28,,
14-08-2025,Payment,418,HDFC Bank Current A/c,,7696.28,
14-08-2025,Journal,9,Interest on Unsecured Loans,3000.00,,
14-08-2025,Journal,9,Unsecured Loan - Rajesh Kumar,,2700.00,
14-08-2025,Journal,9,TDS Payable,,300.00,
14-08-2025,Payment,419,TDS Payable,300.00,,
14-08-2025,Payment,419,HDFC Bank Current A/c,,300.00,
14-08-2025,Payment,420,HDFC Bank Term Loan,40000.00,,
14-08-2025,Payment,420,HDFC Bank Current A/c,,40000.00,
14-08-2025,Payment,421,Interest on Term Loan,6028.32,,
14-08-2025,Payment,421,HDFC Bank Current A/c,,6028.32,
14-08-2025,Journal,10,Travelling Expenses,1501.13,,
14-08-2025,Journal,10,HDFC Bank Current A/c,,1501.13,
14-08-2025,Payment,422,Conveyance,2011.02,,
14-08-2025,Payment,422,Cash,,2011.02,
14-08-2025,Sales,559,Cash,39298.38,,
14-08-2025,Sales,559,Sales - Local,,39298.38,
14-08-2025,Payment,423,Printing & Stationery,2578.06,,
14-08-2025,Payment,423,Cash,,2578.06,
14-08-2025,Sales,560,Customer 02,65149.99,,
14-08-2025,Sales,560,Sales - Local,,65149.99,
14-08-2025,Receipt,366,Cash,1339.75,,
14-08-2025,Receipt,366,Customer 19,,1339.75,
14-08-2025,Receipt,367,HDFC Bank Current A/c,116434.88,,
14-08-2025,Receipt,367,Customer 04,,116434.88,
14-08-2025,Receipt,368,HDFC Bank Current A/c,83041.68,,
14-08-2025,Receipt,368,Customer 23,,83041.68,
14-08-2025,Sales,561,Cash,4251.81,,
14-08-2025,Sales,561,Sales - Local,,4251.81,
14-08-2025,Purchase,286,Purchases - Local,29000.55,,
14-08-2025,Purchase,286,Supplier 04,,29000.55,
14-08-2025,Sales,562,Customer 14,98782.53,,
14-08-2025,Sales,562,Sales - Local,,98782.53,
14-08-2025,Payment,424,Supplier 01,122990.22,,
14-08-2025,Payment,424,HDFC Bank Current A/c,,122990.22,
14-08-2025,Purchase,287,Purchases - Local,119544.43,,
14-08-2025,Purchase,287,Supplier 14,,119544.43,
15-08-2025,Purchase,288,Purchases - Local,75148.60,,
15-08-2025,Purchase,288,Supplier 04,,75148.60,
15-08-2025,Sales,563,Cash,45904.64,,
15-08-2025,Sales,563,Sales - Local,,45904.64,
15-08-2025,Sales,564,Cash,23982.89,,
15-08-2025,Sales,564,Sales - Local,,23982.89,
15-08-2025,Sales,565,Cash,20525.11,,
15-08-2025,Sales,565,Sales - Local,,20525.11,
15-08-2025,Sales,566,Customer 16,15937.03,,
15-08-2025,Sales,566,Sales - Local,,15937.03,
15-08-2025,Purchase,289,Purchases - Local,15688.38,,
15-08-2025,Purchase,289,Supplier 14,,15688.38,
15-08-2025,Receipt,369,HDFC Bank Current A/c,188517.98,,
15-08-2025,Receipt,369,Customer 24,,188517.98,
15-08-2025,Sales,567,Customer 10,39234.05,,
15-08-2025,Sales,567,Sales - Local,,39234.05,
15-08-2025,Purchase,290,Purchases - Local,7442.58,,
15-08-2025,Purchase,290,Supplier 13,,7442.58,
15-08-2025,Payment,425,Office Expenses,7896.77,,
15-08-2025,Payment,425,Cash,,7896.77,
15-08-2025,Purchase,291,Purchases - Local,15178.74,,
15-08-2025,Purchase,291,Supplier 12,,15178.74,
15-08-2025,Payment,426,Supplier 11,291214.81,,
15-08-2025,Payment,426,HDFC Bank Current A/c,,291214.81,
16-08-2025,Payment,427,Supplier 11,4956.34,,
16-08-2025,Payment,427,HDFC Bank Current A/c,,4956.34,
16-08-2025,Purchase,292,Purchases - Local,5280.48,,
16-08-2025,Purchase,292,Supplier 04,,5280.48,
16-08-2025,Payment,428,Supplier 11,2252.82,,
16-08-2025,Payment,428,HDFC Bank Current A/c,,2252.82,
16-08-2025,Receipt,370,HDFC Bank Current A/c,15441.97,,
16-08-2025,Receipt,370,Customer 16,,15441.97,
16-08-2025,Sales,568,Customer 25,137407.69,,
16-08-2025,Sales,568,Sales - Local,,137407.69,
16-08-2025,Sales,569,Customer 01,181019.95,,
16-08-2025,Sales,569,Sales - Local,,181019.95,
16-08-2025,Payment,429,Supplier 08,167258.52,,
16-08-2025,Payment,429,HDFC Bank Current A/c,,167258.52,
16-08-2025,Sales,570,Customer 06,13655.60,,
16-08-2025,Sales,570,Sales - Local,,13655.60,
16-08-2025,Sales,571,Cash,20834.67,,
16-08-2025,Sales,571,Sales - Local,,20834.67,
16-08-2025,Purchase,293,Purchases - Local,98806.75,,
16-08-2025,Purchase,293,Supplier 01,,98806.75,
16-08-2025,Payment,430,Conveyance,8966.22,,
16-08-2025,Payment,430,Cash,,8966.22,
16-08-2025,Payment,431,Supplier 09,33171.18,,
16-08-2025,Payment,431,HDFC Bank Current A/c,,33171.18,
17-08-2025,Payment,432,Supplier 11,1009.60,,
17-08-2025,Payment,432,HDFC Bank Current A/c,,1009.60,
17-08-2025,Sales,572,Customer 02,56812.95,,
17-08-2025,Sales,572,Sales - Local,,56812.95,
17-08-2025,Payment,433,Printing & Stationery,4029.94,,
17-08-2025,Payment,433,Cash,,4029.94,
17-08-2025,Receipt,371,HDFC Bank Current A/c,168489.77,,
17-08-2025,Receipt,371,Customer 22,,168489.77,
17-08-2025,Sales,573,Customer 20,141033.13,,
17-08-2025,Sales,573,Sales - Local,,141033.13,
17-08-2025,Sales,574,Customer 12,104963.84,,
17-08-2025,Sales,574,Sales - Local,,104963.84,
17-08-2025,Purchase,294,Purchases - Local,35412.56,,
17-08-2025,Purchase,294,Supplier 09,,35412.56,
17-08-2025,Sales,575,Customer 01,190428.12,,
17-08-2025,Sales,575,Sales - Local,,190428.12,
17-08-2025,Receipt,372,HDFC Bank Current A/c,67519.36,,
17-08-2025,Receipt,372,Customer 20,,67519.36,
17-08-2025,Sales,576,Customer 10,40858.08,,
17-08-2025,Sales,576,Sales - Local,,40858.08,
17-08-2025,Payment,434,Bank Charges,425.84,,
17-08-2025,Payment,434,HDFC Bank Current A/c,,425.84,
17-08-2025,Receipt,373,HDFC Bank Current A/c,80108.72,,
17-08-2025,Receipt,373,Customer 24,,80108.72,
18-08-2025,Receipt,374,HDFC Bank Current A/c,81565.22,,
18-08-2025,Receipt,374,Customer 02,,81565.22,
18-08-2025,Receipt,375,HDFC Bank Current A/c,132625.26,,
18-08-2025,Receipt,375,Customer 24,,132625.26,
18-08-2025,Sales,577,Customer 03,62230.12,,
18-08-2025,Sales,577,Sales - Local,,62230.12,
18-08-2025,Receipt,376,HDFC Bank Current A/c,135770.06,,
18-08-2025,Receipt,376,Customer 10,,135770.06,
18-08-2025,Purchase,295,Purchases - Local,88333.04,,
18-08-2025,Purchase,295,Supplier 04,,88333.04,
18-08-2025,Sales,578,Customer 20,22491.70,,
18-08-2025,Sales,578,Sales - Local,,22491.70,
18-08-2025,Receipt,377,HDFC Bank Current A/c,178800.78,,
18-08-2025,Receipt,377,Customer 12,,178800.78,
18-08-2025,Payment,435,Supplier 01,46526.10,,
18-08-2025,Payment,435,HDFC Bank Current A/c,,46526.10,
18-08-2025,Sales,579,Customer 17,96898.08,,
18-08-2025,Sales,579,Sales - Local,,96898.08,
18-08-2025,Purchase,296,Purchases - Local,26887.34,,
18-08-2025,Purchase,296,Supplier 09,,26887.34,
18-08-2025,Sales,580,Cash,12544.75,,
18-08-2025,Sales,580,Sales - Local,,12544.75,
18-08-2025,Payment,436,Office Expenses,1823.65,,
18-08-2025,Payment,436,Cash,,1823.65,
19-08-2025,Payment,437,Office Expenses,2826.29,,
19-08-2025,Payment,437,Cash,,2826.29,
19-08-2025,Payment,438,Telephone Expenses,8419.97,,
19-08-2025,Payment,438,Cash,,8419.97,
19-08-2025,Receipt,378,HDFC Bank Current A/c,113654.62,,
19-08-2025,Receipt,378,Customer 11,,113654.62,
19-08-2025,Sales,581,Customer 17,64549.47,,
19-08-2025,Sales,581,Sales - Local,,64549.47,
19-08-2025,Receipt,379,HDFC Bank Current A/c,23990.84,,
19-08-2025,Receipt,379,Customer 20,,23990.84,
19-08-2025,Payment,439,Supplier 03,200663.48,,
19-08-2025,Payment,439,HDFC Bank Current A/c,,200663.48,
19-08-2025,Sales,582,Cash,19284.57,,
19-08-2025,Sales,582,Sales - Local,,19284.57,
19-08-2025,Purchase,297,Purchases - Local,103652.48,,
19-08-2025,Purchase,297,Supplier 13,,103652.48,
19-08-2025,Receipt,380,HDFC Bank Current A/c,20806.99,,
19-08-2025,Receipt,380,Customer 25,,20806.99,
19-08-2025,Purchase,298,Purchases - Local,18176.49,,
19-08-2025,Purchase,298,Supplier 10,,18176.49,
19-08-2025,Purchase,299,Purchases - Local,57214.31,,
19-08-2025,Purchase,299,Supplier 04,,57214.31,
19-08-2025,Purchase,300,Purchases - Local,112784.78,,
19-08-2025,Purchase,300,Supplier 08,,112784.78,
20-08-2025,Receipt,381,HDFC Bank Current A/c,75364.01,,
20-08-2025,Receipt,381,Customer 01,,75364.01,
20-08-2025,Sales,583,Cash,2246.54,,
20-08-2025,Sales,583,Sales - Local,,2246.54,
20-08-2025,Purchase,301,Purchases - Local,14323.71,,
20-08-2025,Purchase,301,Supplier 15,,14323.71,
20-08-2025,Payment,440,Supplier 12,5213.93,,
20-08-2025,Payment,440,HDFC Bank Current A/c,,5213.93,
20-08-2025,Sales,584,Customer 12,148126.51,,
20-08-2025,Sales,584,Sales - Local,,148126.51,
20-08-2025,Receipt,382,HDFC Bank Current A/c,16852.49,,
20-08-2025,Receipt,382,Customer 19,,16852.49,
20-08-2025,Payment,441,Telephone Expenses,6934.99,,
20-08-2025,Payment,441,Cash,,6934.99,
20-08-2025,Sales,585,Customer 22,153619.66,,
20-08-2025,Sales,585,Sales - Local,,153619.66,
20-08-2025,Sales,586,Customer 24,142118.49,,
20-08-2025,Sales,586,Sales - Local,,142118.49,
20-08-2025,Receipt,383,HDFC Bank Current A/c,36226.00,,
20-08-2025,Receipt,383,Customer 16,,36226.00,
20-08-2025,Receipt,384,HDFC Bank Current A/c,213892.03,,
20-08-2025,Receipt,384,Customer 22,,213892.03,
20-08-2025,Sales,587,Customer 03,188028.42,,
20-08-2025,Sales,587,Sales - Local,,188028.42,
21-08-2025,Payment,442,Supplier 09,24710.77,,
21-08-2025,Payment,442,HDFC Bank Current A/c,,24710.77,
21-08-2025,Sales,588,Customer 07,195974.66,,
21-08-2025,Sales,588,Sales - Local,,195974.66,
21-08-2025,Sales,589,Customer 13,113758.67,,
21-08-2025,Sales,589,Sales - Local,,113758.67,
21-08-2025,Purchase,302,Purchases - Local,21272.68,,
21-08-2025,Purchase,302,Supplier 14,,21272.68,
21-08-2025,Receipt,385,HDFC Bank Current A/c,2199.67,,
21-08-2025,Receipt,385,Customer 08,,2199.67,
21-08-2025,Receipt,386,Cash,10919.09,,
21-08-2025,Receipt,386,Customer 20,,10919.09,
21-08-2025,Purchase,303,Purchases - Local,24525.55,,
21-08-2025,Purchase,303,Supplier 12,,24525.55,
21-08-2025,Receipt,387,Cash,12757.65,,
21-08-2025,Receipt,387,Customer 02,,12757.65,
21-08-2025,Sales,590,Customer 20,123868.49,,
21-08-2025,Sales,590,Sales - Local,,123868.49,
21-08-2025,Payment,443,Staff Welfare,186.86,,
21-08-2025,Payment,443,Cash,,186.86,
21-08-2025,Sales,591,Cash,46077.95,,
21-08-2025,Sales,591,Sales - Local,,46077.95,
21-08-2025,Payment,444,Supplier 03,32225.40,,
21-08-2025,Payment,444,HDFC Bank Current A/c,,32225.40,
22-08-2025,Receipt,388,HDFC Bank Current A/c,121150.54,,
22-08-2025,Receipt,388,Customer 25,,121150.54,
22-08-2025,Receipt,389,HDFC Bank Current A/c,31486.85,,
22-08-2025,Receipt,389,Customer 04,,31486.85,
22-08-2025,Sales,592,Cash,47227.32,,
22-08-2025,Sales,592,Sales - Local,,47227.32,
22-08-2025,Receipt,390,HDFC Bank Current A/c,88907.52,,
22-08-2025,Receipt,390,Customer 17,,88907.52,
22-08-2025,Purchase,304,Purchases - Local,34974.58,,
22-08-2025,Purchase,304,Supplier 10,,34974.58,
22-08-2025,Receipt,391,HDFC Bank Current A/c,34485.89,,
22-08-2025,Receipt,391,Customer 23,,34485.89,
22-08-2025,Sales,593,Customer 20,45670.12,,
22-08-2025,Sales,593,Sales - Local,,45670.12,
22-08-2025,Purchase,305,Purchases - Local,101350.41,,
22-08-2025,Purchase,305,Supplier 11,,101350.41,
22-08-2025,Receipt,392,Cash,8133.66,,
22-08-2025,Receipt,392,Customer 19,,8133.66,
22-08-2025,Payment,445,Printing & Stationery,7228.44,,
22-08-2025,Payment,445,Cash,,7228.44,
22-08-2025,Payment,446,Supplier 02,110749.63,,
22-08-2025,Payment,446,HDFC Bank Current A/c,,110749.63,
22-08-2025,Sales,594,Customer 03,90554.48,,
22-08-2025,Sales,594,Sales - Local,,90554.48,
23-08-2025,Sales,595,Customer 10,128197.95,,
23-08-2025,Sales,595,Sales - Local,,128197.95,
23-08-2025,Payment,447,Supplier 01,15246.76,,
23-08-2025,Payment,447,HDFC Bank Current A/c,,15246.76,
23-08-2025,Sales,596,Customer 09,54973.43,,
23-08-2025,Sales,596,Sales - Local,,54973.43,
23-08-2025,Sales,597,Customer 21,106640.36,,
23-08-2025,Sales,597,Sales - Local,,106640.36,
23-08-2025,Receipt,393,Cash,16712.55,,
23-08-2025,Receipt,393,Customer 09,,16712.55,
23-08-2025,Sales,598,Customer 23,5371.10,,
23-08-2025,Sales,598,Sales - Local,,5371.10,
23-08-2025,Sales,599,Customer 07,82052.33,,
23-08-2025,Sales,599,Sales - Local,,82052.33,
23-08-2025,Receipt,394,Cash,2510.54,,
23-08-2025,Receipt,394,Customer 18,,2510.54,
23-08-2025,Payment,448,Staff Welfare,2008.68,,
23-08-2025,Payment,448,Cash,,2008.68,
23-08-2025,Receipt,395,HDFC Bank Current A/c,129878.33,,
23-08-2025,Receipt,395,Customer 10,,129878.33,
23-08-2025,Purchase,306,Purchases - Local,63788.31,,
23-08-2025,Purchase,306,Supplier 02,,63788.31,
23-08-2025,Receipt,396,HDFC Bank Current A/c,138503.71,,
23-08-2025,Receipt,396,Customer 05,,138503.71,
24-08-2025,Receipt,397,HDFC Bank Current A/c,365601.08,,
24-08-2025,Receipt,397,Customer 18,,365601.08,
24-08-2025,Sales,600,Customer 04,73974.93,,
24-08-2025,Sales,600,Sales - Local,,73974.93,
24-08-2025,Receipt,398,HDFC Bank Current A/c,152121.56,,
24-08-2025,Receipt,398,Customer 24,,152121.56,
24-08-2025,Payment,449,Staff Welfare,2323.83,,
24-08-2025,Payment,449,Cash,,2323.83,
24-08-2025,Purchase,307,Purchases - Local,27771.18,,
24-08-2025,Purchase,307,Supplier 12,,27771.18,
24-08-2025,Receipt,399,HDFC Bank Current A/c,184499.70,,
24-08-2025,Receipt,399,Customer 09,,184499.70,
24-08-2025,Purchase,308,Purchases - Local,70859.25,,
24-08-2025,Purchase,308,Supplier 15,,70859.25,
24-08-2025,Payment,450,Office Expenses,7613.06,,
24-08-2025,Payment,450,Cash,,7613.06,
24-08-2025,Sales,601,Cash,25259.91,,
24-08-2025,Sales,601,Sales - Local,,25259.91,
24-08-2025,Purchase,309,Purchases - Local,25025.76,,
24-08-2025,Purchase,309,Supplier 14,,25025.76,
24-08-2025,Payment,451,Supplier 03,49488.16,,
24-08-2025,Payment,451,HDFC Bank Current A/c,,49488.16,
24-08-2025,Receipt,400,HDFC Bank Current A/c,100779.32,,
24-08-2025,Receipt,400,Customer 01,,100779.32,
25-08-2025,Purchase,310,Purchases - Local,20950.14,,
25-08-2025,Purchase,310,Supplier 01,,20950.14,
25-08-2025,Purchase,311,Purchases - Local,105749.40,,
25-08-2025,Purchase,311,Supplier 05,,105749.40,
25-08-2025,Receipt,401,Cash,11276.10,,
25-08-2025,Receipt,401,Customer 12,,11276.10,
25-08-2025,Payment,452,Printing & Stationery,3202.21,,
25-08-2025,Payment,452,Cash,,3202.21,
25-08-2025,Sales,602,Customer 01,43524.25,,
25-08-2025,Sales,602,Sales - Local,,43524.25,
25-08-2025,Payment,453,Supplier 11,21193.67,,
25-08-2025,Payment,453,HDFC Bank Current A/c,,21193.67,
25-08-2025,Sales,603,Customer 06,120555.57,,
25-08-2025,Sales,603,Sales - Local,,120555.57,
25-08-2025,Receipt,402,Cash,1054.06,,
25-08-2025,Receipt,402,Customer 07,,1054.06,
25-08-2025,Sales,604,Customer 01,78071.07,,
25-08-2025,Sales,604,Sales - Local,,78071.07,
25-08-2025,Receipt,403,HDFC Bank Current A/c,13273.13,,
25-08-2025,Receipt,403,Customer 25,,13273.13,
25-08-2025,Sales,605,Customer 14,186597.71,,
25-08-2025,Sales,605,Sales - Local,,186597.71,
25-08-2025,Payment,454,Staff Welfare,1837.23,,
25-08-2025,Payment,454,Cash,,1837.23,
26-08-2025,Sales,606,Customer 15,37258.90,,
26-08-2025,Sales,606,Sales - Local,,37258.90,
26-08-2025,Payment,455,Printing & Stationery,1022.68,,
26-08-2025,Payment,455,Cash,,1022.68,
26-08-2025,Sales,607,Customer 01,47418.49,,
26-08-2025,Sales,607,Sales - Local,,47418.49,
26-08-2025,Receipt,404,HDFC Bank Current A/c,160686.51,,
26-08-2025,Receipt,404,Customer 18,,160686.51,
26-08-2025,Payment,456,Office Expenses,9929.35,,
26-08-2025,Payment,456,Cash,,9929.35,
26-08-2025,Sales,608,Cash,2430.99,,
26-08-2025,Sales,608,Sales - Local,,2430.99,
26-08-2025,Payment,457,Telephone Expenses,8229.34,,
26-08-2025,Payment,457,Cash,,8229.34,
26-08-2025,Purchase,312,Purchases - Local,41736.81,,
26-08-2025,Purchase,312,Supplier 11,,41736.81,
26-08-2025,Purchase,313,Purchases - Local,91685.16,,
26-08-2025,Purchase,313,Supplier 06,,91685.16,
26-08-2025,Payment,458,Supplier 09,4689.80,,
26-08-2025,Payment,458,HDFC Bank Current A/c,,4689.80,
26-08-2025,Payment,459,Supplier 01,78688.78,,
26-08-2025,Payment,459,HDFC Bank Current A/c,,78688.78,
26-08-2025,Purchase,314,Purchases - Local,11000.20,,
26-08-2025,Purchase,314,Supplier 09,,11000.20,
27-08-2025,Purchase,315,Purchases - Local,106945.10,,
27-08-2025,Purchase,315,Supplier 05,,106945.10,
27-08-2025,Payment,460,Supplier 15,65141.51,,
27-08-2025,Payment,460,HDFC Bank Current A/c,,65141.51,
27-08-2025,Payment,461,Supplier 10,39822.48,,
27-08-2025,Payment,461,HDFC Bank Current A/c,,39822.48,
27-08-2025,Purchase,316,Purchases - Local,110223.26,,
27-08-2025,Purchase,316,Supplier 09,,110223.26,
27-08-2025,Receipt,405,HDFC Bank Current A/c,198182.23,,
27-08-2025,Receipt,405,Customer 21,,198182.23,
27-08-2025,Payment,462,Supplier 05,488379.47,,
27-08-2025,Payment,462,HDFC Bank Current A/c,,488379.47,
27-08-2025,Payment,463,Supplier 02,162918.49,,
27-08-2025,Payment,463,HDFC Bank Current A/c,,162918.49,
27-08-2025,Purchase,317,Purchases - Local,26702.49,,
27-08-2025,Purchase,317,Supplier 15,,26702.49,
27-08-2025,Payment,464,Supplier 03,52601.67,,
27-08-2025,Payment,464,HDFC Bank Current A/c,,52601.67,
27-08-2025,Receipt,406,HDFC Bank Current A/c,22067.61,,
27-08-2025,Receipt,406,Customer 18,,22067.61,
27-08-2025,Receipt,407,HDFC Bank Current A/c,182942.91,,
27-08-2025,Receipt,407,Customer 01,,182942.91,
27-08-2025,Receipt,408,HDFC Bank Current A/c,3432.05,,
27-08-2025,Receipt,408,Customer 08,,3432.05,
28-08-2025,Receipt,409,HDFC Bank Current A/c,9523.54,,
28-08-2025,Receipt,409,Customer 22,,9523.54,
28-08-2025,Receipt,410,HDFC Bank Current A/c,4130.30,,
28-08-2025,Receipt,410,Interest Received,,4130.30,
28-08-2025,Purchase,318,Purchases - Local,78238.44,,
28-08-2025,Purchase,318,Supplier 10,,78238.44,
28-08-2025,Payment,465,Office Expenses,6000.82,,
28-08-2025,Payment,465,Cash,,6000.82,
28-08-2025,Receipt,411,Cash,14764.10,,
28-08-2025,Receipt,411,Customer 13,,14764.10,
28-08-2025,Sales,609,Customer 02,93400.76,,
28-08-2025,Sales,609,Sales - Local,,93400.76,
28-08-2025,Sales,610,Customer 09,18840.75,,
28-08-2025,Sales,610,Sales - Local,,18840.75,
28-08-2025,Payment,466,Office Expenses,4925.82,,
28-08-2025,Payment,466,Cash,,4925.82,
28-08-2025,Sales,611,Customer 02,15909.05,,
28-08-2025,Sales,611,Sales - Local,,15909.05,
28-08-2025,Receipt,412,HDFC Bank Current A/c,75246.34,,
28-08-2025,Receipt,412,Customer 25,,75246.34,
28-08-2025,Sales,612,Customer 20,178507.92,,
28-08-2025,Sales,612,Sales - Local,,178507.92,
28-08-2025,Sales,613,Customer 20,179368.83,,
28-08-2025,Sales,613,Sales - Local,,179368.83,
29-08-2025,Sales,614,Customer 07,50159.05,,
29-08-2025,Sales,614,Sales - Local,,50159.05,
29-08-2025,Sales,615,Cash,580.92,,
29-08-2025,Sales,615,Sales - Local,,580.92,
29-08-2025,Receipt,413,Cash,16427.03,,
29-08-2025,Receipt,413,Customer 16,,16427.03,
29-08-2025,Purchase,319,Purchases - Local,89705.55,,
29-08-2025,Purchase,319,Supplier 13,,89705.55,
29-08-2025,Purchase,320,Purchases - Local,25762.64,,
29-08-2025,Purchase,320,Supplier 04,,25762.64,
29-08-2025,Sales,616,Cash,17894.28,,
29-08-2025,Sales,616,Sales - Local,,17894.28,
29-08-2025,Purchase,321,Purchases - Local,6796.70,,
29-08-2025,Purchase,321,Supplier 08,,6796.70,
29-08-2025,Payment,467,Printing & Stationery,1354.51,,
29-08-2025,Payment,467,Cash,,1354.51,
29-08-2025,Sales,617,Cash,42591.20,,
29-08-2025,Sales,617,Sales - Local,,42591.20,
29-08-2025,Receipt,414,HDFC Bank Current A/c,62302.32,,
29-08-2025,Receipt,414,Customer 15,,62302.32,
29-08-2025,Payment,468,Telephone Expenses,2123.45,,
29-08-2025,Payment,468,Cash,,2123.45,
29-08-2025,Receipt,415,Cash,9923.70,,
29-08-2025,Receipt,415,Customer 18,,9923.70,
30-08-2025,Payment,469,Staff Welfare,8270.57,,
30-08-2025,Payment,469,Cash,,8270.57,
30-08-2025,Receipt,416,HDFC Bank Current A/c,6158.51,,
30-08-2025,Receipt,416,Interest Received,,6158.51,
30-08-2025,Purchase,322,Purchases - Local,95449.19,,
30-08-2025,Purchase,322,Supplier 09,,95449.19,
30-08-2025,Sales,618,Customer 24,196170.41,,
30-08-2025,Sales,618,Sales - Local,,196170.41,
30-08-2025,Purchase,323,Purchases - Local,113465.18,,
30-08-2025,Purchase,323,Supplier 12,,113465.18,
30-08-2025,Payment,470,Supplier 14,252119.18,,
30-08-2025,Payment,470,HDFC Bank Current A/c,,252119.18,
30-08-2025,Payment,471,Office Expenses,2390.24,,
30-08-2025,Payment,471,Cash,,2390.24,
30-08-2025,Sales,619,Cash,16912.34,,
30-08-2025,Sales,619,Sales - Local,,16912.34,
30-08-2025,Payment,472,Telephone Expenses,8391.58,,
30-08-2025,Payment,472,Cash,,8391.58,
30-08-2025,Receipt,417,HDFC Bank Current A/c,117424.49,,
30-08-2025,Receipt,417,Customer 03,,117424.49,
31-08-2025,Payment,473,Supplier 13,52750.83,,
31-08-2025,Payment,473,HDFC Bank Current A/c,,52750.83,
31-08-2025,Sales,620,Customer 06,80467.90,,
31-08-2025,Sales,620,Sales - Local,,80467.90,
31-08-2025,Sales,621,Cash,25241.29,,
31-08-2025,Sales,621,Sales - Local,,25241.29,
31-08-2025,Payment,474,Staff Welfare,3712.86,,
31-08-2025,Payment,474,Cash,,3712.86,
31-08-2025,Payment,475,Supplier 06,48895.57,,
31-08-2025,Payment,475,HDFC Bank Current A/c,,48895.57,
31-08-2025,Payment,476,Telephone Expenses,6909.81,,
31-08-2025,Payment,476,Cash,,6909.81,
31-08-2025,Sales,622,Cash,12323.50,,
31-08-2025,Sales,622,Sales - Local,,12323.50,
31-08-2025,Sales,623,Customer 02,169537.12,,
31-08-2025,Sales,623,Sales - Local,,169537.12,
31-08-2025,Sales,624,Cash,16398.29,,
31-08-2025,Sales,624,Sales - Local,,16398.29,
31-08-2025,Sales,625,Customer 16,38817.83,,
31-08-2025,Sales,625,Sales - Local,,38817.83,
31-08-2025,Receipt,418,HDFC Bank Current A/c,533800.58,,
31-08-2025,Receipt,418,Customer 20,,533800.58,
31-08-2025,Payment,477,Staff Welfare,832.40,,
31-08-2025,Payment,477,Cash,,832.40,
01-09-2025,Purchase,324,Purchases - Local,55871.88,,
01-09-2025,Purchase,324,Supplier 15,,55871.88,
01-09-2025,Receipt,419,HDFC Bank Current A/c,4377.97,,
01-09-2025,Receipt,419,Customer 23,,4377.97,
01-09-2025,Sales,626,Cash,1790.17,,
01-09-2025,Sales,626,Sales - Local,,1790.17,
01-09-2025,Sales,627,Cash,9840.73,,
01-09-2025,Sales,627,Sales - Local,,9840.73,
01-09-2025,Purchase,325,Purchases - Local,50149.64,,
01-09-2025,Purchase,325,Supplier 15,,50149.64,
01-09-2025,Sales,628,Customer 01,158402.10,,
01-09-2025,Sales,628,Sales - Local,,158402.10,
01-09-2025,Sales,629,Customer 07,33372.30,,
01-09-2025,Sales,629,Sales - Local,,33372.30,
01-09-2025,Sales,630,Cash,26466.68,,
01-09-2025,Sales,630,Sales - Local,,26466.68,
01-09-2025,Receipt,420,HDFC Bank Current A/c,11472.42,,
01-09-2025,Receipt,420,Customer 18,,11472.42,
01-09-2025,Receipt,421,Cash,17940.47,,
01-09-2025,Receipt,421,Customer 19,,17940.47,
01-09-2025,Payment,478,Telephone Expenses,6592.15,,
01-09-2025,Payment,478,Cash,,6592.15,
02-09-2025,Payment,479,Supplier 02,29310.37,,
02-09-2025,Payment,479,HDFC Bank Current A/c,,29310.37,
02-09-2025,Sales,631,Customer 11,71472.92,,
02-09-2025,Sales,631,Sales - Local,,71472.92,
02-09-2025,Payment,480,Bank Charges,332.47,,
02-09-2025,Payment,480,HDFC Bank Current A/c,,332.47,
02-09-2025,Payment,481,Conveyance,3867.56,,
02-09-2025,Payment,481,Cash,,3867.56,
02-09-2025,Purchase,326,Purchases - Local,25147.67,,
02-09-2025,Purchase,326,Supplier 03,,25147.67,
02-09-2025,Receipt,422,Cash,13225.26,,
02-09-2025,Receipt,422,Customer 10,,13225.26,
02-09-2025,Payment,482,Supplier 08,90474.72,,
02-09-2025,Payment,482,HDFC Bank Current A/c,,90474.72,
02-09-2025,Purchase,327,Purchases - Local,51374.25,,
02-09-2025,Purchase,327,Supplier 14,,51374.25,
02-09-2025,Purchase,328,Purchases - Local,103947.48,,
02-09-2025,Purchase,328,Supplier 01,,103947.48,
02-09-2025,Payment,483,Staff Welfare,3411.06,,
02-09-2025,Payment,483,Cash,,3411.06,
02-09-2025,Payment,484,Supplier 12,114090.39,,
02-09-2025,Payment,484,HDFC Bank Current A/c,,114090.39,
03-09-2025,Payment,485,Supplier 10,82794.20,,
03-09-2025,Payment,485,HDFC Bank Current A/c,,82794.20,
03-09-2025,Receipt,423,HDFC Bank Current A/c,209062.90,,
03-09-2025,Receipt,423,Customer 07,,209062.90,
03-09-2025,Payment,486,Conveyance,8840.40,,
03-09-2025,Payment,486,Cash,,8840.40,
03-09-2025,Sales,632,Customer 24,190628.12,,
03-09-2025,Sales,632,Sales - Local,,190628.12,
03-09-2025,Sales,633,Cash,38781.78,,
03-09-2025,Sales,633,Sales - Local,,38781.78,
03-09-2025,Purchase,329,Purchases - Local,76357.98,,
03-09-2025,Purchase,329,Supplier 10,,76357.98,
03-09-2025,Sales,634,Customer 22,193047.38,,
03-09-2025,Sales,634,Sales - Local,,193047.38,
03-09-2025,Purchase,330,Purchases - Local,36571.63,,
03-09-2025,Purchase,330,Supplier 15,,36571.63,
03-09-2025,Purchase,331,Purchases - Local,59359.47,,
03-09-2025,Purchase,331,Supplier 02,,59359.47,
03-09-2025,Receipt,424,HDFC Bank Current A/c,10339.14,,
03-09-2025,Receipt,424,Customer 23,,10339.14,
03-09-2025,Sales,635,Customer 20,108433.58,,
03-09-2025,Sales,635,Sales - Local,,108433.58,
03-09-2025,Receipt,425,HDFC Bank Current A/c,41269.93,,
03-09-2025,Receipt,425,Customer 19,,41269.93,
04-09-2025,Purchase,332,Purchases - Local,59481.21,,
04-09-2025,Purchase,332,Supplier 01,,59481.21,
04-09-2025,Sales,636,Customer 18,77925.11,,
04-09-2025,Sales,636,Sales - Local,,77925.11,
04-09-2025,Sales,637,Customer 25,116093.78,,
04-09-2025,Sales,637,Sales - Local,,116093.78,
04-09-2025,Receipt,426,Cash,3264.75,,
04-09-2025,Receipt,426,Customer 25,,3264.75,
04-09-2025,Sales,638,Customer 09,132999.91,,
04-09-2025,Sales,638,Sales - Local,,132999.91,
04-09-2025,Payment,487,Supplier 15,172977.50,,
04-09-2025,Payment,487,HDFC Bank Current A/c,,172977.50,
04-09-2025,Purchase,333,Purchases - Local,38835.48,,
04-09-2025,Purchase,333,Supplier 14,,38835.48,
04-09-2025,Payment,488,Supplier 03,2645.34,,
04-09-2025,Payment,488,HDFC Bank Current A/c,,2645.34,
04-09-2025,Receipt,427,HDFC Bank Current A/c,10240.89,,
04-09-2025,Receipt,427,Customer 10,,10240.89,
04-09-2025,Sales,639,Customer 15,188758.08,,
04-09-2025,Sales,639,Sales - Local,,188758.08,
04-09-2025,Sales,640,Cash,26189.74,,
04-09-2025,Sales,640,Sales - Local,,26189.74,
05-09-2025,Payment,489,Bank Charges,70.03,,
05-09-2025,Payment,489,HDFC Bank Current A/c,,70.03,
05-09-2025,Purchase,334,Purchases - Local,42880.82,,
05-09-2025,Purchase,334,Supplier 04,,42880.82,
05-09-2025,Payment,490,Bank Charges,281.92,,
05-09-2025,Payment,490,HDFC Bank Current A/c,,281.92,
05-09-2025,Purchase,335,Purchases - Local,82355.27,,
05-09-2025,Purchase,335,Supplier 04,,82355.27,
05-09-2025,Sales,641,Cash,21632.38,,
05-09-2025,Sales,641,Sales - Local,,21632.38,
05-09-2025,Purchase,336,Purchases - Local,85181.38,,
05-09-2025,Purchase,336,Supplier 12,,85181.38,
05-09-2025,Receipt,428,HDFC Bank Current A/c,3552.83,,
05-09-2025,Receipt,428,Customer 10,,3552.83,
05-09-2025,Receipt,429,Cash,9140.15,,
05-09-2025,Receipt,429,Customer 04,,9140.15,
05-09-2025,Receipt,430,HDFC Bank Current A/c,285665.05,,
05-09-2025,Receipt,430,Customer 02,,285665.05,
05-09-2025,Sales,642,Cash,40343.15,,
05-09-2025,Sales,642,Sales - Local,,40343.15,
05-09-2025,Sales,643,Customer 22,152498.24,,
05-09-2025,Sales,643,Sales - Local,,152498.24,
05-09-2025,Payment,491,Supplier 12,92718.61,,
05-09-2025,Payment,491,HDFC Bank Current A/c,,92718.61,
06-09-2025,Purchase,337,Purchases - Local,109003.31,,
06-09-2025,Purchase,337,Supplier 07,,109003.31,
06-09-2025,Payment,492,Staff Welfare,8374.25,,
06-09-2025,Payment,492,Cash,,8374.25,
06-09-2025,Receipt,431,Cash,13351.11,,
06-09-2025,Receipt,431,Customer 03,,13351.11,
06-09-2025,Payment,493,Telephone Expenses,6823.62,,
06-09-2025,Payment,493,Cash,,6823.62,
06-09-2025,Payment,494,Supplier 06,47616.80,,
06-09-2025,Payment,494,HDFC Bank Current A/c,,47616.80,
06-09-2025,Sales,644,Customer 18,178466.60,,
06-09-2025,Sales,644,Sales - Local,,178466.60,
06-09-2025,Purchase,338,Purchases - Local,17816.53,,
06-09-2025,Purchase,338,Supplier 03,,17816.53,
06-09-2025,Sales,645,Cash,40211.40,,
06-09-2025,Sales,645,Sales - Local,,40211.40,
06-09-2025,Sales,646,Customer 10,58282.16,,
06-09-2025,Sales,646,Sales - Local,,58282.16,
06-09-2025,Sales,647,Cash,23539.07,,
06-09-2025,Sales,647,Sales - Local,,23539.07,
06-09-2025,Purchase,339,Purchases - Local,26692.19,,
06-09-2025,Purchase,339,Supplier 11,,26692.19,
06-09-2025,Payment,495,Printing & Stationery,3847.42,,
06-09-2025,Payment,495,Cash,,3847.42,
07-09-2025,Purchase,340,Purchases - Local,54338.02,,
07-09-2025,Purchase,340,Supplier 14,,54338.02,
07-09-2025,Sales,648,Customer 12,93814.07,,
07-09-2025,Sales,648,Sales - Local,,93814.07,
07-09-2025,Purchase,341,Purchases - Local,63241.83,,
07-09-2025,Purchase,341,Supplier 06,,63241.83,
07-09-2025,Receipt,432,Cash,14627.19,,
07-09-2025,Receipt,432,Customer 07,,14627.19,
07-09-2025,Purchase,342,Purchases - Local,116831.04,,
07-09-2025,Purchase,342,Supplier 09,,116831.04,
07-09-2025,Sales,649,Cash,31349.81,,
07-09-2025,Sales,649,Sales - Local,,31349.81,
07-09-2025,Sales,650,Cash,28709.93,,
07-09-2025,Sales,650,Sales - Local,,28709.93,
07-09-2025,Receipt,433,Cash,2272.32,,
07-09-2025,Receipt,433,Customer 17,,2272.32,
07-09-2025,Payment,496,Staff Welfare,6714.77,,
07-09-2025,Payment,496,Cash,,6714.77,
07-09-2025,Payment,497,Bank Charges,444.62,,
07-09-2025,Payment,497,HDFC Bank Current A/c,,444.62,
07-09-2025,Sales,651,Customer 16,11920.35,,
07-09-2025,Sales,651,Sales - Local,,11920.35,
07-09-2025,Sales,652,Customer 07,163653.99,,
07-09-2025,Sales,652,Sales - Local,,163653.99,
08-09-2025,Payment,498,Supplier 01,72075.42,,
08-09-2025,Payment,498,HDFC Bank Current A/c,,72075.42,
08-09-2025,Sales,653,Customer 08,102146.53,,
08-09-2025,Sales,653,Sales - Local,,102146.53,
08-09-2025,Receipt,434,HDFC Bank Current A/c,27685.65,,
08-09-2025,Receipt,434,Customer 05,,27685.65,
08-09-2025,Sales,654,Customer 09,184201.63,,
08-09-2025,Sales,654,Sales - Local,,184201.63,
08-09-2025,Payment,499,Staff Welfare,9634.59,,
08-09-2025,Payment,499,Cash,,9634.59,
08-09-2025,Sales,655,Customer 18,142696.01,,
08-09-2025,Sales,655,Sales - Local,,142696.01,
08-09-2025,Purchase,343,Purchases - Local,29419.71,,
08-09-2025,Purchase,343,Supplier 09,,29419.71,
08-09-2025,Receipt,435,Cash,5639.66,,
08-09-2025,Receipt,435,Customer 04,,5639.66,
08-09-2025,Purchase,344,Purchases - Local,101770.23,,
08-09-2025,Purchase,344,Supplier 08,,101770.23,
08-09-2025,Sales,656,Customer 07,75302.27,,
08-09-2025,Sales,656,Sales - Local,,75302.27,
08-09-2025,Payment,500,Printing & Stationery,9230.80,,
08-09-2025,Payment,500,Cash,,9230.80,
09-09-2025,Sales,657,Cash,9998.61,,
09-09-2025,Sales,657,Sales - Local,,9998.61,
09-09-2025,Sales,658,Customer 19,145934.06,,
09-09-2025,Sales,658,Sales - Local,,145934.06,
09-09-2025,Sales,659,Cash,5443.23,,
09-09-2025,Sales,659,Sales - Local,,5443.23,
09-09-2025,Sales,660,Cash,32477.98,,
09-09-2025,Sales,660,Sales - Local,,32477.98,
09-09-2025,Receipt,436,Cash,2499.81,,
09-09-2025,Receipt,436,Customer 24,,2499.81,
09-09-2025,Payment,501,Office Expenses,1321.40,,
09-09-2025,Payment,501,Cash,,1321.40,
09-09-2025,Sales,661,Customer 12,35684.11,,
09-09-2025,Sales,661,Sales - Local,,35684.11,
09-09-2025,Payment,502,Supplier 14,112012.99,,
09-09-2025,Payment,502,HDFC Bank Current A/c,,112012.99,
09-09-2025,Sales,662,Customer 12,13121.50,,
09-09-2025,Sales,662,Sales - Local,,13121.50,
09-09-2025,Receipt,437,HDFC Bank Current A/c,7114.39,,
09-09-2025,Receipt,437,Customer 21,,7114.39,
09-09-2025,Purchase,345,Purchases - Local,7789.62,,
09-09-2025,Purchase,345,Supplier 05,,7789.62,
09-09-2025,Payment,503,Telephone Expenses,4807.61,,
09-09-2025,Payment,503,Cash,,4807.61,
10-09-2025,Sales,663,Customer 19,169947.33,,
10-09-2025,Sales,663,Sales - Local,,169947.33,
10-09-2025,Receipt,438,Cash,17483.20,,
10-09-2025,Receipt,438,Customer 02,,17483.20,
10-09-2025,Sales,664,Cash,24046.32,,
10-09-2025,Sales,664,Sales - Local,,24046.32,
10-09-2025,Receipt,439,HDFC Bank Current A/c,114396.76,,
10-09-2025,Receipt,439,Customer 18,,114396.76,
10-09-2025,Sales,665,Customer 13,66057.37,,
10-09-2025,Sales,665,Sales - Local,,66057.37,
10-09-2025,Sales,666,Cash,31960.88,,
10-09-2025,Sales,666,Sales - Local,,31960.88,
10-09-2025,Receipt,440,HDFC Bank Current A/c,138548.45,,
10-09-2025,Receipt,440,Customer 18,,138548.45,
10-09-2025,Receipt,441,HDFC Bank Current A/c,280490.61,,
10-09-2025,Receipt,441,Customer 13,,280490.61,
10-09-2025,Sales,667,Cash,31872.90,,
10-09-2025,Sales,667,Sales - Local,,31872.90,
10-09-2025,Sales,668,Customer 11,199618.85,,
10-09-2025,Sales,668,Sales - Local,,199618.85,
10-09-2025,Sales,669,Customer 25,48626.30,,
10-09-2025,Sales,669,Sales - Local,,48626.30,
10-09-2025,Payment,504,Bank Charges,96.42,,
10-09-2025,Payment,504,HDFC Bank Current A/c,,96.42,
11-09-2025,Sales,670,Customer 20,69214.77,,
11-09-2025,Sales,670,Sales - Local,,69214.77,
11-09-2025,Sales,671,Customer 02,74534.57,,
11-09-2025,Sales,671,Sales - Local,,74534.57,
11-09-2025,Payment,505,Telephone Expenses,4182.89,,
11-09-2025,Payment,505,Cash,,4182.89,
11-09-2025,Sales,672,Customer 23,116513.08,,
11-09-2025,Sales,672,Sales - Local,,116513.08,
11-09-2025,Receipt,442,HDFC Bank Current A/c,239759.09,,
11-09-2025,Receipt,442,Customer 20,,239759.09,
11-09-2025,Sales,673,Cash,22517.03,,
11-09-2025,Sales,673,Sales - Local,,22517.03,
11-09-2025,Receipt,443,Cash,16786.15,,
11-09-2025,Receipt,443,Customer 11,,16786.15,
11-09-2025,Purchase,346,Purchases - Local,108015.43,,
11-09-2025,Purchase,346,Supplier 06,,108015.43,
11-09-2025,Purchase,347,Purchases - Local,112860.48,,
11-09-2025,Purchase,347,Supplier 15,,112860.48,
11-09-2025,Purchase,348,Purchases - Local,45445.90,,
11-09-2025,Purchase,348,Supplier 15,,45445.90,
11-09-2025,Sales,674,Cash,46447.09,,
11-09-2025,Sales,674,Sales - Local,,46447.09,
11-09-2025,Payment,506,Supplier 12,49782.80,,
11-09-2025,Payment,506,HDFC Bank Current A/c,,49782.80,
12-09-2025,Sales,675,Customer 13,199043.22,,
12-09-2025,Sales,675,Sales - Local,,199043.22,
12-09-2025,Receipt,444,HDFC Bank Current A/c,1136.69,,
12-09-2025,Receipt,444,Interest Received,,1136.69,
12-09-2025,Sales,676,Customer 23,132732.64,,
12-09-2025,Sales,676,Sales - Local,,132732.64,
12-09-2025,Receipt,445,HDFC Bank Current A/c,47255.06,,
12-09-2025,Receipt,445,Customer 10,,47255.06,
12-09-2025,Receipt,446,Cash,12373.67,,
12-09-2025,Receipt,446,Customer 06,,12373.67,
12-09-2025,Receipt,447,HDFC Bank Current A/c,201094.57,,
12-09-2025,Receipt,447,Customer 09,,201094.57,
12-09-2025,Payment,507,Telephone Expenses,6618.91,,
12-09-2025,Payment,507,Cash,,6618.91,
12-09-2025,Receipt,448,HDFC Bank Current A/c,145291.02,,
12-09-2025,Receipt,448,Customer 22,,145291.02,
12-09-2025,Sales,677,Cash,36436.97,,
12-09-2025,Sales,677,Sales - Local,,36436.97,
12-09-2025,Purchase,349,Purchases - Local,9710.86,,
12-09-2025,Purchase,349,Supplier 06,,9710.86,
12-09-2025,Sales,678,Cash,12410.73,,
12-09-2025,Sales,678,Sales - Local,,12410.73,
12-09-2025,Receipt,449,HDFC Bank Current A/c,227230.66,,
12-09-2025,Receipt,449,Customer 12,,227230.66,
13-09-2025,Payment,508,Rent,25000.00,,
13-09-2025,Payment,508,HDFC Bank Current A/c,,25000.00,
13-09-2025,Payment,509,Salary,54932.44,,
13-09-2025,Payment,509,HDFC Bank Current A/c,,54932.44,
13-09-2025,Payment,510,Electricity Charges,7915.69,,
13-09-2025,Payment,510,HDFC Bank Current A/c,,7915.69,
13-09-2025,Journal,11,Interest on Unsecured Loans,3000.00,,
13-09-2025,Journal,11,Unsecured Loan - Rajesh Kumar,,2700.00,
13-09-2025,Journal,11,TDS Payable,,300.00,
13-09-2025,Payment,511,TDS Payable,300.00,,
13-09-2025,Payment,511,HDFC Bank Current A/c,,300.00,
13-09-2025,Payment,512,HDFC Bank Term Loan,40000.00,,
13-09-2025,Payment,512,HDFC Bank Current A/c,,40000.00,
13-09-2025,Payment,513,Interest on Term Loan,6847.75,,
13-09-2025,Payment,513,HDFC Bank Current A/c,,6847.75,
13-09-2025,Journal,12,Travelling Expenses,3973.81,,
13-09-2025,Journal,12,HDFC Bank Current A/c,,3973.81,
13-09-2025,Payment,514,Telephone Expenses,6727.59,,
13-09-2025,Payment,514,Cash,,6727.59,
13-09-2025,Purchase,350,Purchases - Local,101641.24,,
13-09-2025,Purchase,350,Supplier 01,,101641.24,
13-09-2025,Purchase,351,Purchases - Local,13267.80,,
13-09-2025,Purchase,351,Supplier 02,,13267.80,
13-09-2025,Payment,515,Supplier 06,128013.82,,
13-09-2025,Payment,515,HDFC Bank Current A/c,,128013.82,
13-09-2025,Payment,516,Conveyance,661.32,,
13-09-2025,Payment,516,Cash,,661.32,
13-09-2025,Payment,517,Staff Welfare,6016.49,,
13-09-2025,Payment,517,Cash,,6016.49,
13-09-2025,Purchase,352,Purchases - Local,13748.83,,
13-09-2025,Purchase,352,Supplier 08,,13748.83,
13-09-2025,Payment,518,Supplier 03,36188.24,,
13-09-2025,Payment,518,HDFC Bank Current A/c,,36188.24,
13-09-2025,Payment,519,Conveyance,5405.22,,
13-09-2025,Payment,519,Cash,,5405.22,
13-09-2025,Payment,520,Telephone Expenses,9257.18,,
13-09-2025,Payment,520,Cash,,9257.18,
13-09-2025,Purchase,353,Purchases - Local,112653.50,,
13-09-2025,Purchase,353,Supplier 11,,112653.50,
13-09-2025,Sales,679,Cash,36147.24,,
13-09-2025,Sales,679,Sales - Local,,36147.24,
14-09-2025,Sales,680,Cash,24450.56,,
14-09-2025,Sales,680,Sales - Local,,24450.56,
14-09-2025,Sales,681,Customer 10,155869.63,,
14-09-2025,Sales,681,Sales - Local,,155869.63,
14-09-2025,Sales,682,Customer 08,130705.30,,
14-09-2025,Sales,682,Sales - Local,,130705.30,
14-09-2025,Sales,683,Cash,28239.07,,
14-09-2025,Sales,683,Sales - Local,,28239.07,
14-09-2025,Sales,684,Customer 09,53274.71,,
14-09-2025,Sales,684,Sales - Local,,53274.71,
14-09-2025,Payment,521,Supplier 10,109325.11,,
14-09-2025,Payment,521,HDFC Bank Current A/c,,109325.11,
14-09-2025,Sales,685,Customer 19,23857.74,,
14-09-2025,Sales,685,Sales - Local,,23857.74,
14-09-2025,Purchase,354,Purchases - Local,14394.65,,
14-09-2025,Purchase,354,Supplier 04,,14394.65,
14-09-2025,Sales,686,Customer 13,7836.01,,
14-09-2025,Sales,686,Sales - Local,,7836.01,
14-09-2025,Receipt,450,HDFC Bank Current A/c,68514.10,,
14-09-2025,Receipt,450,Customer 04,,68514.10,
14-09-2025,Purchase,355,Purchases - Local,108281.70,,
14-09-2025,Purchase,355,Supplier 11,,108281.70,
14-09-2025,Payment,522,Supplier 06,48200.65,,
14-09-2025,Payment,522,HDFC Bank Current A/c,,48200.65,
15-09-2025,Payment,523,Staff Welfare,8296.26,,
15-09-2025,Payment,523,Cash,,8296.26,
15-09-2025,Sales,687,Customer 02,5270.29,,
15-09-2025,Sales,687,Sales - Local,,5270.29,
15-09-2025,Sales,688,Customer 24,49843.64,,
15-09-2025,Sales,688,Sales - Local,,49843.64,
15-09-2025,Payment,524,Supplier 05,57448.57,,
15-09-2025,Payment,524,HDFC Bank Current A/c,,57448.57,
15-09-2025,Payment,525,Supplier 14,30373.74,,
15-09-2025,Payment,525,HDFC Bank Current A/c,,30373.74,
15-09-2025,Purchase,356,Purchases - Local,119836.71,,
15-09-2025,Purchase,356,Supplier 06,,119836.71,
15-09-2025,Sales,689,Customer 12,81991.20,,
15-09-2025,Sales,689,Sales - Local,,81991.20,
15-09-2025,Receipt,451,HDFC Bank Current A/c,17245.81,,
15-09-2025,Receipt,451,Customer 10,,17245.81,
15-09-2025,Payment,526,Printing & Stationery,4041.03,,
15-09-2025,Payment,526,Cash,,4041.03,
15-09-2025,Payment,527,Supplier 11,275866.58,,
15-09-2025,Payment,527,HDFC Bank Current A/c,,275866.58,
15-09-2025,Purchase,357,Purchases - Local,69902.00,,
15-09-2025,Purchase,357,Supplier 07,,69902.00,
15-09-2025,Receipt,452,HDFC Bank Current A/c,36549.59,,
15-09-2025,Receipt,452,Customer 21,,36549.59,
16-09-2025,Payment,528,Supplier 05,9753.13,,
16-09-2025,Payment,528,HDFC Bank Current A/c,,9753.13,
16-09-2025,Payment,529,Supplier 11,44472.37,,
16-09-2025,Payment,529,HDFC Bank Current A/c,,44472.37,
16-09-2025,Payment,530,Supplier 04,190490.92,,
16-09-2025,Payment,530,HDFC Bank Current A/c,,190490.92,
16-09-2025,Receipt,453,HDFC Bank Current A/c,1079.25,,
16-09-2025,Receipt,453,Customer 17,,1079.25,
16-09-2025,Purchase,358,Purchases - Local,92930.84,,
16-09-2025,Purchase,358,Supplier 15,,92930.84,
16-09-2025,Receipt,454,Cash,15878.08,,
16-09-2025,Receipt,454,Customer 01,,15878.08,
16-09-2025,Receipt,455,HDFC Bank Current A/c,101113.91,,
16-09-2025,Receipt,455,Customer 10,,101113.91,
16-09-2025,Sales,690,Customer 22,182329.46,,
16-09-2025,Sales,690,Sales - Local,,182329.46,
16-09-2025,Sales,691,Customer 16,49226.16,,
16-09-2025,Sales,691,Sales - Local,,49226.16,
16-09-2025,Purchase,359,Purchases - Local,38097.84,,
16-09-2025,Purchase,359,Supplier 15,,38097.84,
16-09-2025,Sales,692,Customer 13,150691.38,,
16-09-2025,Sales,692,Sales - Local,,150691.38,
16-09-2025,Purchase,360,Purchases - Local,74505.87,,
16-09-2025,Purchase,360,Supplier 03,,74505.87,
17-09-2025,Sales,693,Cash,46707.59,,
17-09-2025,Sales,693,Sales - Local,,46707.59,
17-09-2025,Payment,531,Supplier 14,54714.83,,
17-09-2025,Payment,531,HDFC Bank Current A/c,,54714.83,
17-09-2025,Payment,532,Supplier 15,20176.46,,
17-09-2025,Payment,532,HDFC Bank Current A/c,,20176.46,
17-09-2025,Sales,694,Customer 04,28289.95,,
17-09-2025,Sales,694,Sales - Local,,28289.95,
17-09-2025,Payment,533,Conveyance,9103.36,,
17-09-2025,Payment,533,Cash,,9103.36,
17-09-2025,Receipt,456,HDFC Bank Current A/c,193232.78,,
17-09-2025,Receipt,456,Customer 08,,193232.78,
17-09-2025,Sales,695,Customer 16,53720.52,,
17-09-2025,Sales,695,Sales - Local,,53720.52,
17-09-2025,Sales,696,Cash,15856.74,,
17-09-2025,Sales,696,Sales - Local,,15856.74,
17-09-2025,Payment,534,Supplier 10,2177.58,,
17-09-2025,Payment,534,HDFC Bank Current A/c,,2177.58,
17-09-2025,Payment,535,Supplier 06,88510.18,,
17-09-2025,Payment,535,HDFC Bank Current A/c,,88510.18,
17-09-2025,Purchase,361,Purchases - Local,91530.71,,
17-09-2025,Purchase,361,Supplier 09,,91530.71,
17-09-2025,Receipt,457,HDFC Bank Current A/c,7041.77,,
17-09-2025,Receipt,457,Customer 13,,7041.77,
18-09-2025,Receipt,458,Cash,18876.89,,
18-09-2025,Receipt,458,Customer 24,,18876.89,
18-09-2025,Sales,697,Customer 01,111488.32,,
18-09-2025,Sales,697,Sales - Local,,111488.32,
18-09-2025,Purchase,362,Purchases - Local,25585.73,,
18-09-2025,Purchase,362,Supplier 06,,25585.73,
18-09-2025,Payment,536,Supplier 06,73706.34,,
18-09-2025,Payment,536,HDFC Bank Current A/c,,73706.34,
18-09-2025,Sales,698,Customer 16,113291.07,,
18-09-2025,Sales,698,Sales - Local,,113291.07,
18-09-2025,Sales,699,Customer 14,67210.33,,
18-09-2025,Sales,699,Sales - Local,,67210.33,
18-09-2025,Sales,700,Customer 12,50926.85,,
18-09-2025,Sales,700,Sales - Local,,50926.85,
18-09-2025,Receipt,459,HDFC Bank Current A/c,333731.82,,
18-09-2025,Receipt,459,Customer 01,,333731.82,
18-09-2025,Receipt,460,HDFC Bank Current A/c,1011.57,,
18-09-2025,Receipt,460,Customer 05,,1011.57,
18-09-2025,Receipt,461,HDFC Bank Current A/c,18851.12,,
18-09-2025,Receipt,461,Customer 17,,18851.12,
18-09-2025,Receipt,462,HDFC Bank Current A/c,140814.32,,
18-09-2025,Receipt,462,Customer 09,,140814.32,
18-09-2025,Purchase,363,Purchases - Local,92830.21,,
18-09-2025,Purchase,363,Supplier 02,,92830.21,
19-09-2025,Payment,537,Telephone Expenses,6603.95,,
19-09-2025,Payment,537,Cash,,6603.95,
19-09-2025,Receipt,463,HDFC Bank Current A/c,40356.71,,
19-09-2025,Receipt,463,Customer 18,,40356.71,
19-09-2025,Receipt,464,HDFC Bank Current A/c,161086.67,,
19-09-2025,Receipt,464,Customer 11,,161086.67,
19-09-2025,Purchase,364,Purchases - Local,49451.18,,
19-09-2025,Purchase,364,Supplier 11,,49451.18,
19-09-2025,Purchase,365,Purchases - Local,34364.90,,
19-09-2025,Purchase,365,Supplier 03,,34364.90,
19-09-2025,Purchase,366,Purchases - Local,16452.12,,
19-09-2025,Purchase,366,Supplier 13,,16452.12,
19-09-2025,Sales,701,Customer 17,86620.03,,
19-09-2025,Sales,701,Sales - Local,,86620.03,
19-09-2025,Receipt,465,HDFC Bank Current A/c,10617.00,,
19-09-2025,Receipt,465,Customer 21,,10617.00,
19-09-2025,Sales,702,Customer 15,42516.61,,
19-09-2025,Sales,702,Sales - Local,,42516.61,
19-09-2025,Purchase,367,Purchases - Local,91739.43,,
19-09-2025,Purchase,367,Supplier 12,,91739.43,
19-09-2025,Purchase,368,Purchases - Local,22825.53,,
19-09-2025,Purchase,368,Supplier 10,,22825.53,
20-09-2025,Receipt,466,HDFC Bank Current A/c,470321.90,,
20-09-2025,Receipt,466,Customer 13,,470321.90,
20-09-2025,Purchase,369,Purchases - Local,27119.51,,
20-09-2025,Purchase,369,Supplier 12,,27119.51,
20-09-2025,Receipt,467,HDFC Bank Current A/c,13862.25,,
20-09-2025,Receipt,467,Customer 23,,13862.25,
20-09-2025,Sales,703,Cash,4718.65,,
20-09-2025,Sales,703,Sales - Local,,4718.65,
20-09-2025,Payment,538,Office Expenses,4193.94,,
20-09-2025,Payment,538,Cash,,4193.94,
20-09-2025,Sales,704,Customer 10,165646.28,,
20-09-2025,Sales,704,Sales - Local,,165646.28,
20-09-2025,Payment,539,Supplier 06,1228.33,,
20-09-2025,Payment,539,HDFC Bank Current A/c,,1228.33,
20-09-2025,Sales,705,Customer 10,12334.43,,
20-09-2025,Sales,705,Sales - Local,,12334.43,
20-09-2025,Sales,706,Customer 13,116300.93,,
20-09-2025,Sales,706,Sales - Local,,116300.93,
20-09-2025,Purchase,370,Purchases - Local,55289.37,,
20-09-2025,Purchase,370,Supplier 07,,55289.37,
20-09-2025,Sales,707,Customer 18,16440.89,,
20-09-2025,Sales,707,Sales - Local,,16440.89,
20-09-2025,Receipt,468,HDFC Bank Current A/c,7569.80,,
20-09-2025,Receipt,468,Customer 25,,7569.80,
21-09-2025,Payment,540,Bank Charges,37.53,,
21-09-2025,Payment,540,HDFC Bank Current A/c,,37.53,
21-09-2025,Payment,541,Supplier 13,325196.76,,
21-09-2025,Payment,541,HDFC Bank Current A/c,,325196.76,
21-09-2025,Sales,708,Customer 18,134759.85,,
21-09-2025,Sales,708,Sales - Local,,134759.85,
21-09-2025,Payment,542,Staff Welfare,9739.18,,
21-09-2025,Payment,542,Cash,,9739.18,
21-09-2025,Sales,709,Cash,1266.41,,
21-09-2025,Sales,709,Sales - Local,,1266.41,
21-09-2025,Payment,543,Supplier 01,41352.36,,
21-09-2025,Payment,543,HDFC Bank Current A/c,,41352.36,
21-09-2025,Receipt,469,Cash,11230.75,,
21-09-2025,Receipt,469,Customer 24,,11230.75,
21-09-2025,Purchase,371,Purchases - Local,23678.64,,
21-09-2025,Purchase,371,Supplier 08,,23678.64,
21-09-2025,Sales,710,Cash,11053.61,,
21-09-2025,Sales,710,Sales - Local,,11053.61,
21-09-2025,Sales,711,Customer 07,19874.85,,
21-09-2025,Sales,711,Sales - Local,,19874.85,
21-09-2025,Payment,544,Supplier 03,1672.67,,
21-09-2025,Payment,544,HDFC Bank Current A/c,,1672.67,
21-09-2025,Sales,712,Cash,31413.89,,
21-09-2025,Sales,712,Sales - Local,,31413.89,
22-09-2025,Receipt,470,HDFC Bank Current A/c,1917.60,,
22-09-2025,Receipt,470,Interest Received,,1917.60,
22-09-2025,Receipt,471,HDFC Bank Current A/c,76816.42,,
22-09-2025,Receipt,471,Customer 13,,76816.42,
22-09-2025,Sales,713,Customer 21,23364.40,,
22-09-2025,Sales,713,Sales - Local,,23364.40,
22-09-2025,Purchase,372,Purchases - Local,17834.38,,
22-09-2025,Purchase,372,Supplier 09,,17834.38,
22-09-2025,Sales,714,Customer 21,134760.39,,
22-09-2025,Sales,714,Sales - Local,,134760.39,
22-09-2025,Payment,545,Supplier 08,175706.38,,
22-09-2025,Payment,545,HDFC Bank Current A/c,,175706.38,
22-09-2025,Payment,546,Office Expenses,459.86,,
22-09-2025,Payment,546,Cash,,459.86,
22-09-2025,Payment,547,Office Expenses,2946.72,,
22-09-2025,Payment,547,Cash,,2946.72,
22-09-2025,Sales,715,Customer 22,130705.22,,
22-09-2025,Sales,715,Sales - Local,,130705.22,
22-09-2025,Payment,548,Telephone Expenses,7632.18,,
22-09-2025,Payment,548,Cash,,7632.18,
22-09-2025,Purchase,373,Purchases - Local,12194.34,,
22-09-2025,Purchase,373,Supplier 14,,12194.34,
22-09-2025,Payment,549,Staff Welfare,8182.25,,
22-09-2025,Payment,549,Cash,,8182.25,
23-09-2025,Purchase,374,Purchases - Local,58402.37,,
23-09-2025,Purchase,374,Supplier 14,,58402.37,
23-09-2025,Sales,716,Cash,31048.55,,
23-09-2025,Sales,716,Sales - Local,,31048.55,
23-09-2025,Purchase,375,Purchases - Local,44232.80,,
23-09-2025,Purchase,375,Supplier 15,,44232.80,
23-09-2025,Receipt,472,HDFC Bank Current A/c,43094.86,,
23-09-2025,Receipt,472,Customer 15,,43094.86,
23-09-2025,Sales,717,Customer 05,146974.94,,
23-09-2025,Sales,717,Sales - Local,,146974.94,
23-09-2025,Sales,718,Customer 15,103665.35,,
23-09-2025,Sales,718,Sales - Local,,103665.35,
23-09-2025,Payment,550,Supplier 09,59736.69,,
23-09-2025,Payment,550,HDFC Bank Current A/c,,59736.69,
23-09-2025,Payment,551,Telephone Expenses,7167.39,,
23-09-2025,Payment,551,Cash,,7167.39,
23-09-2025,Payment,552,Supplier 02,98208.65,,
23-09-2025,Payment,552,HDFC Bank Current A/c,,98208.65,
23-09-2025,Sales,719,Customer 14,40434.45,,
23-09-2025,Sales,719,Sales - Local,,40434.45,
23-09-2025,Sales,720,Customer 11,72386.28,,
23-09-2025,Sales,720,Sales - Local,,72386.28,
24-09-2025,Payment,553,Supplier 13,4052.50,,
24-09-2025,Payment,553,HDFC Bank Current A/c,,4052.50,
24-09-2025,Purchase,376,Purchases - Local,103094.32,,
24-09-2025,Purchase,376,Supplier 04,,103094.32,
24-09-2025,Receipt,473,HDFC Bank Current A/c,45517.03,,
24-09-2025,Receipt,473,Customer 21,,45517.03,
24-09-2025,Receipt,474,HDFC Bank Current A/c,68469.28,,
24-09-2025,Receipt,474,Customer 04,,68469.28,
24-09-2025,Sales,721,Cash,47956.15,,
24-09-2025,Sales,721,Sales - Local,,47956.15,
24-09-2025,Purchase,377,Purchases - Local,63409.58,,
24-09-2025,Purchase,377,Supplier 01,,63409.58,
24-09-2025,Sales,722,Cash,19039.61,,
24-09-2025,Sales,722,Sales - Local,,19039.61,
24-09-2025,Receipt,475,HDFC Bank Current A/c,101830.95,,
24-09-2025,Receipt,475,Customer 21,,101830.95,
24-09-2025,Sales,723,Cash,34944.55,,
24-09-2025,Sales,723,Sales - Local,,34944.55,
24-09-2025,Receipt,476,HDFC Bank Current A/c,25146.16,,
24-09-2025,Receipt,476,Customer 03,,25146.16,
24-09-2025,Purchase,378,Purchases - Local,37780.56,,
24-09-2025,Purchase,378,Supplier 07,,37780.56,
24-09-2025,Sales,724,Customer 11,198473.03,,
24-09-2025,Sales,724,Sales - Local,,198473.03,
25-09-2025,Receipt,477,HDFC Bank Current A/c,32765.50,,
25-09-2025,Receipt,477,Customer 05,,32765.50,
25-09-2025,Payment,554,Supplier 09,408842.17,,
25-09-2025,Payment,554,HDFC Bank Current A/c,,408842.17,
25-09-2025,Payment,555,Office Expenses,2330.76,,
25-09-2025,Payment,555,Cash,,2330.76,
25-09-2025,Receipt,478,Cash,5264.87,,
25-09-2025,Receipt,478,Customer 16,,5264.87,
25-09-2025,Payment,556,Supplier 08,26446.60,,
25-09-2025,Payment,556,HDFC Bank Current A/c,,26446.60,
25-09-2025,Purchase,379,Purchases - Local,30210.84,,
25-09-2025,Purchase,379,Supplier 02,,30210.84,
25-09-2025,Payment,557,Supplier 01,235360.18,,
25-09-2025,Payment,557,HDFC Bank Current A/c,,235360.18,
25-09-2025,Payment,558,Supplier 01,2214.91,,
25-09-2025,Payment,558,HDFC Bank Current A/c,,2214.91,
25-09-2025,Receipt,479,HDFC Bank Current A/c,271458.79,,
25-09-2025,Receipt,479,Customer 24,,271458.79,
25-09-2025,Payment,559,Supplier 01,39984.97,,
25-09-2025,Payment,559,HDFC Bank Current A/c,,39984.97,
25-09-2025,Sales,725,Customer 01,24241.75,,
25-09-2025,Sales,725,Sales - Local,,24241.75,
25-09-2025,Receipt,480,HDFC Bank Current A/c,50970.28,,
25-09-2025,Receipt,480,Customer 23,,50970.28,
26-09-2025,Receipt,481,Cash,14879.56,,
26-09-2025,Receipt,481,Customer 19,,14879.56,
26-09-2025,Receipt,482,HDFC Bank Current A/c,34214.21,,
26-09-2025,Receipt,482,Customer 18,,34214.21,
26-09-2025,Sales,726,Cash,37653.74,,
26-09-2025,Sales,726,Sales - Local,,37653.74,
26-09-2025,Payment,560,Supplier 13,20935.49,,
26-09-2025,Payment,560,HDFC Bank Current A/c,,20935.49,
26-09-2025,Receipt,483,HDFC Bank Current A/c,46735.65,,
26-09-2025,Receipt,483,Customer 19,,46735.65,
26-09-2025,Receipt,484,HDFC Bank Current A/c,193700.14,,
26-09-2025,Receipt,484,Customer 07,,193700.14,
26-09-2025,Sales,727,Customer 07,59191.17,,
26-09-2025,Sales,727,Sales - Local,,59191.17,
26-09-2025,Payment,561,Printing & Stationery,2258.25,,
26-09-2025,Payment,561,Cash,,2258.25,
26-09-2025,Receipt,485,Cash,6952.79,,
26-09-2025,Receipt,485,Customer 17,,6952.79,
26-09-2025,Sales,728,Cash,8461.16,,
26-09-2025,Sales,728,Sales - Local,,8461.16,
26-09-2025,Receipt,486,Cash,9043.69,,
26-09-2025,Receipt,486,Customer 09,,9043.69,
26-09-2025,Receipt,487,HDFC Bank Current A/c,33354.86,,
26-09-2025,Receipt,487,Customer 03,,33354.86,
27-09-2025,Purchase,380,Purchases - Local,38825.07,,
27-09-2025,Purchase,380,Supplier 01,,38825.07,
27-09-2025,Receipt,488,HDFC Bank Current A/c,447671.28,,
27-09-2025,Receipt,488,Customer 14,,447671.28,
27-09-2025,Sales,729,Customer 25,77839.11,,
27-09-2025,Sales,729,Sales - Local,,77839.11,
27-09-2025,Payment,562,Supplier 15,421641.01,,
27-09-2025,Payment,562,HDFC Bank Current A/c,,421641.01,
27-09-2025,Payment,563,Telephone Expenses,8641.11,,
27-09-2025,Payment,563,Cash,,8641.11,
27-09-2025,Purchase,381,Purchases - Local,17715.92,,
27-09-2025,Purchase,381,Supplier 14,,17715.92,
27-09-2025,Sales,730,Cash,1600.77,,
27-09-2025,Sales,730,Sales - Local,,1600.77,
27-09-2025,Payment,564,Printing & Stationery,5282.46,,
27-09-2025,Payment,564,Cash,,5282.46,
27-09-2025,Payment,565,Telephone Expenses,1891.93,,
27-09-2025,Payment,565,Cash,,1891.93,
27-09-2025,Sales,731,Customer 09,43767.60,,
27-09-2025,Sales,731,Sales - Local,,43767.60,
27-09-2025,Purchase,382,Purchases - Local,113576.54,,
27-09-2025,Purchase,382,Supplier 02,,113576.54,
27-09-2025,Purchase,383,Purchases - Local,42477.93,,
27-09-2025,Purchase,383,Supplier 09,,42477.93,
28-09-2025,Receipt,489,HDFC Bank Current A/c,194970.77,,
28-09-2025,Receipt,489,Customer 12,,194970.77,
28-09-2025,Payment,566,Conveyance,5701.37,,
28-09-2025,Payment,566,Cash,,5701.37,
28-09-2025,Payment,567,Printing & Stationery,690.55,,
28-09-2025,Payment,567,Cash,,690.55,
28-09-2025,Payment,568,Staff Welfare,1198.73,,
28-09-2025,Payment,568,Cash,,1198.73,
28-09-2025,Sales,732,Cash,43532.03,,
28-09-2025,Sales,732,Sales - Local,,43532.03,
28-09-2025,Payment,569,Supplier 14,11193.12,,
28-09-2025,Payment,569,HDFC Bank Current A/c,,11193.12,
28-09-2025,Payment,570,Printing & Stationery,9636.33,,
28-09-2025,Payment,570,Cash,,9636.33,
28-09-2025,Sales,733,Customer 01,157408.48,,
28-09-2025,Sales,733,Sales - Local,,157408.48,
28-09-2025,Receipt,490,HDFC Bank Current A/c,229554.09,,
28-09-2025,Receipt,490,Customer 25,,229554.09,
28-09-2025,Sales,734,Cash,22518.06,,
28-09-2025,Sales,734,Sales - Local,,22518.06,
28-09-2025,Payment,571,Supplier 02,132192.09,,
28-09-2025,Payment,571,HDFC Bank Current A/c,,132192.09,
28-09-2025,Purchase,384,Purchases - Local,5385.48,,
28-09-2025,Purchase,384,Supplier 15,,5385.48,
29-09-2025,Sales,735,Customer 11,37440.38,,
29-09-2025,Sales,735,Sales - Local,,37440.38,
29-09-2025,Purchase,385,Purchases - Local,11264.89,,
29-09-2025,Purchase,385,Supplier 14,,11264.89,
29-09-2025,Sales,736,Cash,46331.69,,
29-09-2025,Sales,736,Sales - Local,,46331.69,
29-09-2025,Purchase,386,Purchases - Local,97378.88,,
29-09-2025,Purchase,386,Supplier 08,,97378.88,
29-09-2025,Receipt,491,HDFC Bank Current A/c,5082.63,,
29-09-2025,Receipt,491,Customer 20,,5082.63,
29-09-2025,Purchase,387,Purchases - Local,15780.49,,
29-09-2025,Purchase,387,Supplier 04,,15780.49,
29-09-2025,Sales,737,Customer 09,150504.50,,
29-09-2025,Sales,737,Sales - Local,,150504.50,
29-09-2025,Purchase,388,Purchases - Local,107429.20,,
29-09-2025,Purchase,388,Supplier 12,,107429.20,
29-09-2025,Sales,738,Customer 03,68522.99,,
29-09-2025,Sales,738,Sales - Local,,68522.99,
29-09-2025,Sales,739,Customer 12,165256.33,,
29-09-2025,Sales,739,Sales - Local,,165256.33,
29-09-2025,Sales,740,Customer 20,38533.57,,
29-09-2025,Sales,740,Sales - Local,,38533.57,
29-09-2025,Sales,741,Customer 06,19932.96,,
29-09-2025,Sales,741,Sales - Local,,19932.96,
30-09-2025,Receipt,492,HDFC Bank Current A/c,8324.03,,
30-09-2025,Receipt,492,Customer 21,,8324.03,
30-09-2025,Sales,742,Customer 16,123124.17,,
30-09-2025,Sales,742,Sales - Local,,123124.17,
30-09-2025,Payment,572,Supplier 02,58610.44,,
30-09-2025,Payment,572,HDFC Bank Current A/c,,58610.44,
30-09-2025,Sales,743,Cash,29830.19,,
30-09-2025,Sales,743,Sales - Local,,29830.19,
30-09-2025,Receipt,493,HDFC Bank Current A/c,2801.79,,
30-09-2025,Receipt,493,Customer 04,,2801.79,
30-09-2025,Sales,744,Customer 01,136006.53,,
30-09-2025,Sales,744,Sales - Local,,136006.53,
30-09-2025,Receipt,494,Cash,5468.85,,
30-09-2025,Receipt,494,Customer 12,,5468.85,
30-09-2025,Sales,745,Customer 23,118919.35,,
30-09-2025,Sales,745,Sales - Local,,118919.35,
30-09-2025,Sales,746,Customer 12,5198.88,,
30-09-2025,Sales,746,Sales - Local,,5198.88,
30-09-2025,Purchase,389,Purchases - Local,116628.97,,
30-09-2025,Purchase,389,Supplier 05,,116628.97,
30-09-2025,Sales,747,Cash,7633.40,,
30-09-2025,Sales,747,Sales - Local,,7633.40,
01-10-2025,Payment,573,Printing & Stationery,868.13,,
01-10-2025,Payment,573,Cash,,868.13,
01-10-2025,Sales,748,Cash,8078.29,,
01-10-2025,Sales,748,Sales - Local,,8078.29,
01-10-2025,Purchase,390,Purchases - Local,80263.28,,
01-10-2025,Purchase,390,Supplier 05,,80263.28,
01-10-2025,Sales,749,Customer 18,34212.43,,
01-10-2025,Sales,749,Sales - Local,,34212.43,
01-10-2025,Sales,750,Customer 14,41351.01,,
01-10-2025,Sales,750,Sales - Local,,41351.01,
01-10-2025,Sales,751,Customer 02,86406.17,,
01-10-2025,Sales,751,Sales - Local,,86406.17,
01-10-2025,Receipt,495,HDFC Bank Current A/c,104972.26,,
01-10-2025,Receipt,495,Customer 13,,104972.26,
01-10-2025,Receipt,496,HDFC Bank Current A/c,1614.48,,
01-10-2025,Receipt,496,Interest Received,,1614.48,
01-10-2025,Purchase,391,Purchases - Local,103947.30,,
01-10-2025,Purchase,391,Supplier 10,,103947.30,
01-10-2025,Sales,752,Cash,7466.72,,
01-10-2025,Sales,752,Sales - Local,,7466.72,
01-10-2025,Purchase,392,Purchases - Local,57489.54,,
01-10-2025,Purchase,392,Supplier 11,,57489.54,
01-10-2025,Payment,574,Supplier 09,6161.10,,
01-10-2025,Payment,574,HDFC Bank Current A/c,,6161.10,
02-10-2025,Purchase,393,Purchases - Local,6385.62,,
02-10-2025,Purchase,393,Supplier 01,,6385.62,
02-10-2025,Receipt,497,HDFC Bank Current A/c,190660.11,,
02-10-2025,Receipt,497,Customer 01,,190660.11,
02-10-2025,Payment,575,Supplier 05,211836.52,,
02-10-2025,Payment,575,HDFC Bank Current A/c,,211836.52,
02-10-2025,Sales,753,Customer 10,165105.40,,
02-10-2025,Sales,753,Sales - Local,,165105.40,
02-10-2025,Payment,576,Supplier 04,77147.58,,
02-10-2025,Payment,576,HDFC Bank Current A/c,,77147.58,
02-10-2025,Payment,577,Supplier 05,15557.97,,
02-10-2025,Payment,577,HDFC Bank Current A/c,,15557.97,
02-10-2025,Purchase,394,Purchases - Local,26564.65,,
02-10-2025,Purchase,394,Supplier 01,,26564.65,
02-10-2025,Payment,578,Office Expenses,5407.25,,
02-10-2025,Payment,578,Cash,,5407.25,
02-10-2025,Payment,579,Supplier 12,118112.14,,
02-10-2025,Payment,579,HDFC Bank Current A/c,,118112.14,
02-10-2025,Sales,754,Customer 11,156608.68,,
02-10-2025,Sales,754,Sales - Local,,156608.68,
02-10-2025,Sales,755,Customer 16,66430.33,,
02-10-2025,Sales,755,Sales - Local,,66430.33,
03-10-2025,Sales,756,Customer 08,44364.38,,
03-10-2025,Sales,756,Sales - Local,,44364.38,
03-10-2025,Receipt,498,HDFC Bank Current A/c,5401.32,,
03-10-2025,Receipt,498,Customer 21,,5401.32,
03-10-2025,Receipt,499,HDFC Bank Current A/c,316447.64,,
03-10-2025,Receipt,499,Customer 16,,316447.64,
03-10-2025,Sales,757,Customer 11,98657.60,,
03-10-2025,Sales,757,Sales - Local,,98657.60,
03-10-2025,Purchase,395,Purchases - Local,103405.65,,
03-10-2025,Purchase,395,Supplier 03,,103405.65,
03-10-2025,Payment,580,Printing & Stationery,6299.24,,
03-10-2025,Payment,580,Cash,,6299.24,
03-10-2025,Sales,758,Cash,12199.45,,
03-10-2025,Sales,758,Sales - Local,,12199.45,
03-10-2025,Sales,759,Customer 05,105402.98,,
03-10-2025,Sales,759,Sales - Local,,105402.98,
03-10-2025,Sales,760,Cash,8138.78,,
03-10-2025,Sales,760,Sales - Local,,8138.78,
03-10-2025,Purchase,396,Purchases - Local,41413.12,,
03-10-2025,Purchase,396,Supplier 07,,41413.12,
03-10-2025,Payment,581,Telephone Expenses,4703.63,,
03-10-2025,Payment,581,Cash,,4703.63,
03-10-2025,Purchase,397,Purchases - Local,73332.00,,
03-10-2025,Purchase,397,Supplier 09,,73332.00,
04-10-2025,Purchase,398,Purchases - Local,56026.10,,
04-10-2025,Purchase,398,Supplier 06,,56026.10,
04-10-2025,Payment,582,Supplier 08,16198.75,,
04-10-2025,Payment,582,HDFC Bank Current A/c,,16198.75,
04-10-2025,Receipt,500,HDFC Bank Current A/c,605124.58,,
04-10-2025,Receipt,500,Customer 14,,605124.58,
04-10-2025,Sales,761,Customer 03,68512.72,,
04-10-2025,Sales,761,Sales - Local,,68512.72,
04-10-2025,Payment,583,Conveyance,7157.92,,
04-10-2025,Payment,583,Cash,,7157.92,
04-10-2025,Payment,584,Printing & Stationery,4612.40,,
04-10-2025,Payment,584,Cash,,4612.40,
04-10-2025,Purchase,399,Purchases - Local,33752.33,,
04-10-2025,Purchase,399,Supplier 15,,33752.33,
04-10-2025,Purchase,400,Purchases - Local,24216.27,,
04-10-2025,Purchase,400,Supplier 12,,24216.27,
04-10-2025,Payment,585,Supplier 02,43971.78,,
04-10-2025,Payment,585,HDFC Bank Current A/c,,43971.78,
04-10-2025,Receipt,501,HDFC Bank Current A/c,31973.71,,
04-10-2025,Receipt,501,Customer 17,,31973.71,
04-10-2025,Payment,586,Printing & Stationery,6932.13,,
04-10-2025,Payment,586,Cash,,6932.13,
04-10-2025,Sales,762,Customer 07,116711.83,,
04-10-2025,Sales,762,Sales - Local,,116711.83,
05-10-2025,Receipt,502,HDFC Bank Current A/c,95024.43,,
05-10-2025,Receipt,502,Customer 18,,95024.43,
05-10-2025,Receipt,503,HDFC Bank Current A/c,214007.57,,
05-10-2025,Receipt,503,Customer 15,,214007.57,
05-10-2025,Purchase,401,Purchases - Local,118271.75,,
05-10-2025,Purchase,401,Supplier 03,,118271.75,
05-10-2025,Payment,587,Conveyance,4982.84,,
05-10-2025,Payment,587,Cash,,4982.84,
05-10-2025,Sales,763,Customer 16,88524.71,,
05-10-2025,Sales,763,Sales - Local,,88524.71,
05-10-2025,Receipt,504,Cash,9427.64,,
05-10-2025,Receipt,504,Customer 23,,9427.64,
05-10-2025,Sales,764,Cash,44380.64,,
05-10-2025,Sales,764,Sales - Local,,44380.64,
05-10-2025,Payment,588,Printing & Stationery,7969.44,,
05-10-2025,Payment,588,Cash,,7969.44,
05-10-2025,Payment,589,Supplier 09,101532.12,,
05-10-2025,Payment,589,HDFC Bank Current A/c,,101532.12,
05-10-2025,Sales,765,Customer 12,70872.21,,
05-10-2025,Sales,765,Sales - Local,,70872.21,
05-10-2025,Receipt,505,HDFC Bank Current A/c,188997.85,,
05-10-2025,Receipt,505,Customer 16,,188997.85,
05-10-2025,Receipt,506,HDFC Bank Current A/c,70756.22,,
05-10-2025,Receipt,506,Customer 08,,70756.22,
06-10-2025,Sales,766,Customer 17,124508.48,,
06-10-2025,Sales,766,Sales - Local,,124508.48,
06-10-2025,Receipt,507,HDFC Bank Current A/c,63986.62,,
06-10-2025,Receipt,507,Customer 01,,63986.62,
06-10-2025,Receipt,508,HDFC Bank Current A/c,201695.25,,
06-10-2025,Receipt,508,Customer 16,,201695.25,
06-10-2025,Payment,590,Bank Charges,441.49,,
06-10-2025,Payment,590,HDFC Bank Current A/c,,441.49,
06-10-2025,Receipt,509,HDFC Bank Current A/c,349702.78,,
06-10-2025,Receipt,509,Customer 10,,349702.78,
06-10-2025,Receipt,510,Cash,14824.20,,
06-10-2025,Receipt,510,Customer 07,,14824.20,
06-10-2025,Sales,767,Customer 13,8912.71,,
06-10-2025,Sales,767,Sales - Local,,8912.71,
06-10-2025,Payment,591,Supplier 12,50761.42,,
06-10-2025,Payment,591,HDFC Bank Current A/c,,50761.42,
06-10-2025,Receipt,511,HDFC Bank Current A/c,5597.86,,
06-10-2025,Receipt,511,Interest Received,,5597.86,
06-10-2025,Sales,768,Customer 11,45941.52,,
06-10-2025,Sales,768,Sales - Local,,45941.52,
06-10-2025,Receipt,512,HDFC Bank Current A/c,129385.12,,
06-10-2025,Receipt,512,Customer 02,,129385.12,
06-10-2025,Payment,592,Staff Welfare,7262.66,,
06-10-2025,Payment,592,Cash,,7262.66,
07-10-2025,Sales,769,Customer 15,170800.04,,
07-10-2025,Sales,769,Sales - Local,,170800.04,
07-10-2025,Payment,593,Office Expenses,8510.82,,
07-10-2025,Payment,593,Cash,,8510.82,
07-10-2025,Sales,770,Customer 02,38240.17,,
07-10-2025,Sales,770,Sales - Local,,38240.17,
07-10-2025,Purchase,402,Purchases - Local,111587.42,,
07-10-2025,Purchase,402,Supplier 04,,111587.42,
07-10-2025,Sales,771,Cash,45247.29,,
07-10-2025,Sales,771,Sales - Local,,45247.29,
07-10-2025,Payment,594,Printing & Stationery,3731.82,,
07-10-2025,Payment,594,Cash,,3731.82,
07-10-2025,Purchase,403,Purchases - Local,10433.67,,
07-10-2025,Purchase,403,Supplier 14,,10433.67,
07-10-2025,Sales,772,Cash,15249.75,,
07-10-2025,Sales,772,Sales - Local,,15249.75,
07-10-2025,Sales,773,Customer 24,78427.92,,
07-10-2025,Sales,773,Sales - Local,,78427.92,
07-10-2025,Sales,774,Customer 07,165197.44,,
07-10-2025,Sales,774,Sales - Local,,165197.44,
07-10-2025,Sales,775,Cash,14695.99,,
07-10-2025,Sales,775,Sales - Local,,14695.99,
08-10-2025,Receipt,513,HDFC Bank Current A/c,144093.92,,
08-10-2025,Receipt,513,Customer 02,,144093.92,
08-10-2025,Payment,595,Supplier 13,2408.51,,
08-10-2025,Payment,595,HDFC Bank Current A/c,,2408.51,
08-10-2025,Purchase,404,Purchases - Local,38566.41,,
08-10-2025,Purchase,404,Supplier 01,,38566.41,
08-10-2025,Sales,776,Cash,14093.71,,
08-10-2025,Sales,776,Sales - Local,,14093.71,
08-10-2025,Sales,777,Cash,3709.39,,
08-10-2025,Sales,777,Sales - Local,,3709.39,
08-10-2025,Sales,778,Cash,43137.48,,
08-10-2025,Sales,778,Sales - Local,,43137.48,
08-10-2025,Payment,596,Conveyance,7739.54,,
08-10-2025,Payment,596,Cash,,7739.54,
08-10-2025,Payment,597,Telephone Expenses,1989.00,,
08-10-2025,Payment,597,Cash,,1989.00,
08-10-2025,Purchase,405,Purchases - Local,113962.79,,
08-10-2025,Purchase,405,Supplier 13,,113962.79,
08-10-2025,Payment,598,Supplier 03,158288.22,,
08-10-2025,Payment,598,HDFC Bank Current A/c,,158288.22,
08-10-2025,Sales,779,Customer 01,144098.17,,
08-10-2025,Sales,779,Sales - Local,,144098.17,
09-10-2025,Purchase,406,Purchases - Local,77406.12,,
09-10-2025,Purchase,406,Supplier 11,,77406.12,
09-10-2025,Sales,780,Customer 11,40926.08,,
09-10-2025,Sales,780,Sales - Local,,40926.08,
09-10-2025,Sales,781,Customer 22,11204.08,,
09-10-2025,Sales,781,Sales - Local,,11204.08,
09-10-2025,Purchase,407,Purchases - Local,98175.73,,
09-10-2025,Purchase,407,Supplier 11,,98175.73,
09-10-2025,Payment,599,Staff Welfare,1146.00,,
09-10-2025,Payment,599,Cash,,1146.00,
09-10-2025,Receipt,514,HDFC Bank Current A/c,192459.39,,
09-10-2025,Receipt,514,Customer 23,,192459.39,
09-10-2025,Sales,782,Customer 08,68261.02,,
09-10-2025,Sales,782,Sales - Local,,68261.02,
09-10-2025,Receipt,515,HDFC Bank Current A/c,1421.26,,
09-10-2025,Receipt,515,Interest Received,,1421.26,
09-10-2025,Sales,783,Customer 12,134364.93,,
09-10-2025,Sales,783,Sales - Local,,134364.93,
09-10-2025,Sales,784,Customer 23,100486.37,,
09-10-2025,Sales,784,Sales - Local,,100486.37,
09-10-2025,Purchase,408,Purchases - Local,77082.19,,
09-10-2025,Purchase,408,Supplier 10,,77082.19,
09-10-2025,Purchase,409,Purchases - Local,87536.41,,
09-10-2025,Purchase,409,Supplier 04,,87536.41,
10-10-2025,Receipt,516,Cash,11024.31,,
10-10-2025,Receipt,516,Customer 03,,11024.31,
10-10-2025,Purchase,410,Purchases - Local,82804.61,,
10-10-2025,Purchase,410,Supplier 02,,82804.61,
10-10-2025,Receipt,517,HDFC Bank Current A/c,375094.56,,
10-10-2025,Receipt,517,Customer 11,,375094.56,
10-10-2025,Payment,600,Supplier 11,41113.86,,
10-10-2025,Payment,600,HDFC Bank Current A/c,,41113.86,
10-10-2025,Sales,785,Customer 18,59156.09,,
10-10-2025,Sales,785,Sales - Local,,59156.09,
10-10-2025,Payment,601,Supplier 07,277168.90,,
10-10-2025,Payment,601,HDFC Bank Current A/c,,277168.90,
10-10-2025,Sales,786,Cash,9447.99,,
10-10-2025,Sales,786,Sales - Local,,9447.99,
10-10-2025,Purchase,411,Purchases - Local,80015.19,,
10-10-2025,Purchase,411,Supplier 10,,80015.19,
10-10-2025,Purchase,412,Purchases - Local,75475.94,,
10-10-2025,Purchase,412,Supplier 06,,75475.94,
10-10-2025,Sales,787,Customer 25,147399.21,,
10-10-2025,Sales,787,Sales - Local,,147399.21,
10-10-2025,Purchase,413,Purchases - Local,78485.80,,
10-10-2025,Purchase,413,Supplier 12,,78485.80,
10-10-2025,Purchase,414,Purchases - Local,70343.29,,
10-10-2025,Purchase,414,Supplier 04,,70343.29,
11-10-2025,Payment,602,Supplier 01,38197.21,,
11-10-2025,Payment,602,HDFC Bank Current A/c,,38197.21,
11-10-2025,Payment,603,Printing & Stationery,1907.86,,
11-10-2025,Payment,603,Cash,,1907.86,
11-10-2025,Payment,604,Office Expenses,2994.17,,
11-10-2025,Payment,604,Cash,,2994.17,
11-10-2025,Payment,605,Bank Charges,437.66,,
11-10-2025,Payment,605,HDFC Bank Current A/c,,437.66,
11-10-2025,Receipt,518,HDFC Bank Current A/c,565616.19,,
11-10-2025,Receipt,518,Customer 22,,565616.19,
11-10-2025,Purchase,415,Purchases - Local,21891.62,,
11-10-2025,Purchase,415,Supplier 11,,21891.62,
11-10-2025,Sales,788,Customer 19,5861.23,,
11-10-2025,Sales,788,Sales - Local,,5861.23,
11-10-2025,Sales,789,Customer 24,22079.09,,
11-10-2025,Sales,789,Sales - Local,,22079.09,
11-10-2025,Sales,790,Customer 04,128459.20,,
11-10-2025,Sales,790,Sales - Local,,128459.20,
11-10-2025,Payment,606,Supplier 11,26300.87,,
11-10-2025,Payment,606,HDFC Bank Current A/c,,26300.87,
11-10-2025,Payment,607,Office Expenses,559.94,,
11-10-2025,Payment,607,Cash,,559.94,
11-10-2025,Payment,608,Conveyance,2762.28,,
11-10-2025,Payment,608,Cash,,2762.28,
12-10-2025,Receipt,519,HDFC Bank Current A/c,67347.35,,
12-10-2025,Receipt,519,Customer 08,,67347.35,
12-10-2025,Payment,609,Supplier 14,93231.71,,
12-10-2025,Payment,609,HDFC Bank Current A/c,,93231.71,
12-10-2025,Purchase,416,Purchases - Local,78107.12,,
12-10-2025,Purchase,416,Supplier 07,,78107.12,
12-10-2025,Receipt,520,HDFC Bank Current A/c,4405.85,,
12-10-2025,Receipt,520,Customer 13,,4405.85,
12-10-2025,Payment,610,Supplier 05,3472.72,,
12-10-2025,Payment,610,HDFC Bank Current A/c,,3472.72,
12-10-2025,Sales,791,Cash,2345.29,,
12-10-2025,Sales,791,Sales - Local,,2345.29,
12-10-2025,Sales,792,Customer 01,89737.53,,
12-10-2025,Sales,792,Sales - Local,,89737.53,
12-10-2025,Receipt,521,HDFC Bank Current A/c,91231.45,,
12-10-2025,Receipt,521,Customer 23,,91231.45,
12-10-2025,Purchase,417,Purchases - Local,59301.73,,
12-10-2025,Purchase,417,Supplier 03,,59301.73,
12-10-2025,Receipt,522,HDFC Bank Current A/c,8833.25,,
12-10-2025,Receipt,522,Interest Received,,8833.25,
12-10-2025,Receipt,523,HDFC Bank Current A/c,5102.47,,
12-10-2025,Receipt,523,Interest Received,,5102.47,
12-10-2025,Payment,611,Telephone Expenses,8261.25,,
12-10-2025,Payment,611,Cash,,8261.25,
13-10-2025,Payment,612,Rent,25000.00,,
13-10-2025,Payment,612,HDFC Bank Current A/c,,25000.00,
13-10-2025,Payment,613,Salary,43107.61,,
13-10-2025,Payment,613,HDFC Bank Current A/c,,43107.61,
13-10-2025,Payment,614,Electricity Charges,5020.16,,
13-10-2025,Payment,614,HDFC Bank Current A/c,,5020.16,
13-10-2025,Journal,13,Interest on Unsecured Loans,3000.00,,
13-10-2025,Journal,13,Unsecured Loan - Rajesh Kumar,,2700.00,
13-10-2025,Journal,13,TDS Payable,,300.00,
13-10-2025,Payment,615,TDS Payable,300.00,,
13-10-2025,Payment,615,HDFC Bank Current A/c,,300.00,
13-10-2025,Payment,616,HDFC Bank Term Loan,40000.00,,
13-10-2025,Payment,616,HDFC Bank Current A/c,,40000.00,
13-10-2025,Payment,617,Interest on Term Loan,6703.43,,
13-10-2025,Payment,617,HDFC Bank Current A/c,,6703.43,
13-10-2025,Journal,14,Travelling Expenses,1852.02,,
13-10-2025,Journal,14,HDFC Bank Current A/c,,1852.02,
13-10-2025,Payment,618,Supplier 07,35010.04,,
13-10-2025,Payment,618,HDFC Bank Current A/c,,35010.04,
13-10-2025,Purchase,418,Purchases - Local,84181.96,,
13-10-2025,Purchase,418,Supplier 07,,84181.96,
13-10-2025,Purchase,419,Purchases - Local,23045.02,,
13-10-2025,Purchase,419,Supplier 09,,23045.02,
13-10-2025,Payment,619,Office Expenses,3651.39,,
13-10-2025,Payment,619,Cash,,3651.39,
13-10-2025,Purchase,420,Purchases - Local,31014.99,,
13-10-2025,Purchase,420,Supplier 01,,31014.99,
13-10-2025,Purchase,421,Purchases - Local,117127.18,,
13-10-2025,Purchase,421,Supplier 05,,117127.18,
13-10-2025,Payment,620,Bank Charges,386.98,,
13-10-2025,Payment,620,HDFC Bank Current A/c,,386.98,
13-10-2025,Receipt,524,HDFC Bank Current A/c,149717.53,,
13-10-2025,Receipt,524,Customer 11,,149717.53,
13-10-2025,Purchase,422,Purchases - Local,116216.58,,
13-10-2025,Purchase,422,Supplier 14,,116216.58,
13-10-2025,Payment,621,Office Expenses,6446.28,,
13-10-2025,Payment,621,Cash,,6446.28,
13-10-2025,Sales,793,Cash,21557.28,,
13-10-2025,Sales,793,Sales - Local,,21557.28,
13-10-2025,Payment,622,Bank Charges,193.20,,
13-10-2025,Payment,622,HDFC Bank Current A/c,,193.20,
14-10-2025,Purchase,423,Purchases - Local,57258.74,,
14-10-2025,Purchase,423,Supplier 14,,57258.74,
14-10-2025,Receipt,525,HDFC Bank Current A/c,184947.62,,
14-10-2025,Receipt,525,Customer 05,,184947.62,
14-10-2025,Receipt,526,HDFC Bank Current A/c,13713.83,,
14-10-2025,Receipt,526,Customer 08,,13713.83,
14-10-2025,Sales,794,Cash,25467.68,,
14-10-2025,Sales,794,Sales - Local,,25467.68,
14-10-2025,Sales,795,Customer 10,150122.18,,
14-10-2025,Sales,795,Sales - Local,,150122.18,
14-10-2025,Purchase,424,Purchases - Local,107422.08,,
14-10-2025,Purchase,424,Supplier 13,,107422.08,
14-10-2025,Payment,623,Supplier 08,3406.48,,
14-10-2025,Payment,623,HDFC Bank Current A/c,,3406.48,
14-10-2025,Purchase,425,Purchases - Local,52144.31,,
14-10-2025,Purchase,425,Supplier 07,,52144.31,
14-10-2025,Sales,796,Cash,48227.49,,
14-10-2025,Sales,796,Sales - Local,,48227.49,
14-10-2025,Purchase,426,Purchases - Local,49324.54,,
14-10-2025,Purchase,426,Supplier 01,,49324.54,
14-10-2025,Payment,624,Bank Charges,12.85,,
14-10-2025,Payment,624,HDFC Bank Current A/c,,12.85,
14-10-2025,Receipt,527,Cash,10226.86,,
14-10-2025,Receipt,527,Customer 25,,10226.86,
15-10-2025,Payment,625,Supplier 07,116309.33,,
15-10-2025,Payment,625,HDFC Bank Current A/c,,116309.33,
15-10-2025,Payment,626,Telephone Expenses,621.79,,
15-10-2025,Payment,626,Cash,,621.79,
15-10-2025,Payment,627,Supplier 14,81140.98,,
15-10-2025,Payment,627,HDFC Bank Current A/c,,81140.98,
15-10-2025,Receipt,528,Cash,9173.16,,
15-10-2025,Receipt,528,Customer 17,,9173.16,
15-10-2025,Sales,797,Customer 23,168205.09,,
15-10-2025,Sales,797,Sales - Local,,168205.09,
15-10-2025,Sales,798,Customer 06,116520.30,,
15-10-2025,Sales,798,Sales - Local,,116520.30,
15-10-2025,Receipt,529,HDFC Bank Current A/c,28725.84,,
15-10-2025,Receipt,529,Customer 05,,28725.84,
15-10-2025,Purchase,427,Purchases - Local,24488.03,,
15-10-2025,Purchase,427,Supplier 09,,24488.03,
15-10-2025,Payment,628,Supplier 10,208583.33,,
15-10-2025,Payment,628,HDFC Bank Current A/c,,208583.33,
15-10-2025,Sales,799,Cash,41345.83,,
15-10-2025,Sales,799,Sales - Local,,41345.83,
15-10-2025,Sales,800,Customer 13,17461.93,,
15-10-2025,Sales,800,Sales - Local,,17461.93,
15-10-2025,Receipt,530,HDFC Bank Current A/c,12519.07,,
15-10-2025,Receipt,530,Customer 13,,12519.07,
16-10-2025,Payment,629,Conveyance,974.28,,
16-10-2025,Payment,629,Cash,,974.28,
16-10-2025,Payment,630,Supplier 03,182918.32,,
16-10-2025,Payment,630,HDFC Bank Current A/c,,182918.32,
16-10-2025,Payment,631,Office Expenses,1119.46,,
16-10-2025,Payment,631,Cash,,1119.46,
16-10-2025,Receipt,531,HDFC Bank Current A/c,208789.19,,
16-10-2025,Receipt,531,Customer 03,,208789.19,
16-10-2025,Payment,632,Bank Charges,190.82,,
16-10-2025,Payment,632,HDFC Bank Current A/c,,190.82,
16-10-2025,Sales,801,Cash,13657.07,,
16-10-2025,Sales,801,Sales - Local,,13657.07,
16-10-2025,Sales,802,Customer 12,77719.77,,
16-10-2025,Sales,802,Sales - Local,,77719.77,
16-10-2025,Payment,633,Supplier 11,55235.04,,
16-10-2025,Payment,633,HDFC Bank Current A/c,,55235.04,
16-10-2025,Payment,634,Printing & Stationery,5650.81,,
16-10-2025,Payment,634,Cash,,5650.81,
16-10-2025,Sales,803,Customer 25,100330.57,,
16-10-2025,Sales,803,Sales - Local,,100330.57,
16-10-2025,Receipt,532,Cash,9984.23,,
16-10-2025,Receipt,532,Customer 23,,9984.23,
16-10-2025,Payment,635,Printing & Stationery,3120.93,,
16-10-2025,Payment,635,Cash,,3120.93,
17-10-2025,Payment,636,Supplier 03,3981.66,,
17-10-2025,Payment,636,HDFC Bank Current A/c,,3981.66,
17-10-2025,Sales,804,Customer 12,5152.50,,
17-10-2025,Sales,804,Sales - Local,,5152.50,
17-10-2025,Purchase,428,Purchases - Local,6438.79,,
17-10-2025,Purchase,428,Supplier 02,,6438.79,
17-10-2025,Receipt,533,HDFC Bank Current A/c,7618.52,,
17-10-2025,Receipt,533,Customer 10,,7618.52,
17-10-2025,Sales,805,Customer 15,76071.12,,
17-10-2025,Sales,805,Sales - Local,,76071.12,
17-10-2025,Payment,637,Staff Welfare,8736.50,,
17-10-2025,Payment,637,Cash,,8736.50,
17-10-2025,Sales,806,Customer 20,27141.59,,
17-10-2025,Sales,806,Sales - Local,,27141.59,
17-10-2025,Receipt,534,HDFC Bank Current A/c,307142.02,,
17-10-2025,Receipt,534,Customer 01,,307142.02,
17-10-2025,Purchase,429,Purchases - Local,105747.41,,
17-10-2025,Purchase,429,Supplier 04,,105747.41,
17-10-2025,Receipt,535,HDFC Bank Current A/c,77289.96,,
17-10-2025,Receipt,535,Customer 01,,77289.96,
17-10-2025,Receipt,536,Cash,4925.38,,
17-10-2025,Receipt,536,Customer 05,,4925.38,
17-10-2025,Receipt,537,HDFC Bank Current A/c,228028.05,,
17-10-2025,Receipt,537,Customer 09,,228028.05,
18-10-2025,Payment,638,Conveyance,3251.38,,
18-10-2025,Payment,638,Cash,,3251.38,
18-10-2025,Sales,807,Customer 16,37266.62,,
18-10-2025,Sales,807,Sales - Local,,37266.62,
18-10-2025,Sales,808,Cash,960.16,,
18-10-2025,Sales,808,Sales - Local,,960.16,
18-10-2025,Payment,639,Supplier 07,85447.05,,
18-10-2025,Payment,639,HDFC Bank Current A/c,,85447.05,
18-10-2025,Sales,809,Customer 18,67158.79,,
18-10-2025,Sales,809,Sales - Local,,67158.79,
18-10-2025,Sales,810,Customer 25,100433.75,,
18-10-2025,Sales,810,Sales - Local,,100433.75,
18-10-2025,Sales,811,Cash,23524.46,,
18-10-2025,Sales,811,Sales - Local,,23524.46,
18-10-2025,Sales,812,Customer 20,100696.69,,
18-10-2025,Sales,812,Sales - Local,,100696.69,
18-10-2025,Sales,813,Customer 22,148758.21,,
18-10-2025,Sales,813,Sales - Local,,148758.21,
18-10-2025,Payment,640,Staff Welfare,3367.95,,
18-10-2025,Payment,640,Cash,,3367.95,
18-10-2025,Sales,814,Cash,23982.15,,
18-10-2025,Sales,814,Sales - Local,,23982.15,
18-10-2025,Purchase,430,Purchases - Local,98395.82,,
18-10-2025,Purchase,430,Supplier 04,,98395.82,
19-10-2025,Sales,815,Customer 03,14175.83,,
19-10-2025,Sales,815,Sales - Local,,14175.83,
19-10-2025,Receipt,538,HDFC Bank Current A/c,3367.21,,
19-10-2025,Receipt,538,Interest Received,,3367.21,
19-10-2025,Receipt,539,HDFC Bank Current A/c,64874.42,,
19-10-2025,Receipt,539,Customer 03,,64874.42,
19-10-2025,Receipt,540,HDFC Bank Current A/c,1005.34,,
19-10-2025,Receipt,540,Customer 01,,1005.34,
19-10-2025,Sales,816,Cash,32548.42,,
19-10-2025,Sales,816,Sales - Local,,32548.42,
19-10-2025,Sales,817,Cash,17721.33,,
19-10-2025,Sales,817,Sales - Local,,17721.33,
19-10-2025,Payment,641,Supplier 05,78544.25,,
19-10-2025,Payment,641,HDFC Bank Current A/c,,78544.25,
19-10-2025,Sales,818,Cash,41640.33,,
19-10-2025,Sales,818,Sales - Local,,41640.33,
19-10-2025,Receipt,541,HDFC Bank Current A/c,86012.60,,
19-10-2025,Receipt,541,Customer 17,,86012.60,
19-10-2025,Sales,819,Cash,5583.59,,
19-10-2025,Sales,819,Sales - Local,,5583.59,
19-10-2025,Sales,820,Cash,8635.57,,
19-10-2025,Sales,820,Sales - Local,,8635.57,
19-10-2025,Payment,642,Supplier 06,58419.04,,
19-10-2025,Payment,642,HDFC Bank Current A/c,,58419.04,
20-10-2025,Sales,821,Customer 09,56293.91,,
20-10-2025,Sales,821,Sales - Local,,56293.91,
20-10-2025,Payment,643,Bank Charges,103.67,,
20-10-2025,Payment,643,HDFC Bank Current A/c,,103.67,
20-10-2025,Payment,644,Supplier 11,219209.58,,
20-10-2025,Payment,644,HDFC Bank Current A/c,,219209.58,
20-10-2025,Purchase,431,Purchases - Local,79409.08,,
20-10-2025,Purchase,431,Supplier 05,,79409.08,
20-10-2025,Receipt,542,HDFC Bank Current A/c,44339.18,,
20-10-2025,Receipt,542,Customer 10,,44339.18,
20-10-2025,Sales,822,Cash,33926.67,,
20-10-2025,Sales,822,Sales - Local,,33926.67,
20-10-2025,Sales,823,Customer 10,95144.16,,
20-10-2025,Sales,823,Sales - Local,,95144.16,
20-10-2025,Payment,645,Staff Welfare,8756.96,,
20-10-2025,Payment,645,Cash,,8756.96,
20-10-2025,Purchase,432,Purchases - Local,73157.44,,
20-10-2025,Purchase,432,Supplier 11,,73157.44,
20-10-2025,Payment,646,Staff Welfare,853.97,,
20-10-2025,Payment,646,Cash,,853.97,
20-10-2025,Sales,824,Customer 14,199069.30,,
20-10-2025,Sales,824,Sales - Local,,199069.30,
20-10-2025,Sales,825,Customer 11,13145.82,,
20-10-2025,Sales,825,Sales - Local,,13145.82,
21-10-2025,Receipt,543,HDFC Bank Current A/c,1056.39,,
21-10-2025,Receipt,543,Customer 05,,1056.39,
21-10-2025,Receipt,544,HDFC Bank Current A/c,17467.32,,
21-10-2025,Receipt,544,Customer 10,,17467.32,
21-10-2025,Receipt,545,Cash,6582.29,,
21-10-2025,Receipt,545,Customer 23,,6582.29,
21-10-2025,Purchase,433,Purchases - Local,113337.74,,
21-10-2025,Purchase,433,Supplier 14,,113337.74,
21-10-2025,Payment,647,Supplier 04,807845.92,,
21-10-2025,Payment,647,HDFC Bank Current A/c,,807845.92,
21-10-2025,Receipt,546,HDFC Bank Current A/c,54953.43,,
21-10-2025,Receipt,546,Customer 11,,54953.43,
21-10-2025,Receipt,547,HDFC Bank Current A/c,12617.78,,
21-10-2025,Receipt,547,Customer 13,,12617.78,
21-10-2025,Receipt,548,HDFC Bank Current A/c,184405.11,,
21-10-2025,Receipt,548,Customer 10,,184405.11,
21-10-2025,Purchase,434,Purchases - Local,55520.57,,
21-10-2025,Purchase,434,Supplier 03,,55520.57,
21-10-2025,Purchase,435,Purchases - Local,13443.52,,
21-10-2025,Purchase,435,Supplier 05,,13443.52,
21-10-2025,Payment,648,Supplier 08,53262.34,,
21-10-2025,Payment,648,HDFC Bank Current A/c,,53262.34,
21-10-2025,Purchase,436,Purchases - Local,29598.65,,
21-10-2025,Purchase,436,Supplier 06,,29598.65,
22-10-2025,Sales,826,Customer 19,166084.98,,
22-10-2025,Sales,826,Sales - Local,,166084.98,
22-10-2025,Receipt,549,HDFC Bank Current A/c,92316.98,,
22-10-2025,Receipt,549,Customer 02,,92316.98,
22-10-2025,Sales,827,Customer 24,70628.32,,
22-10-2025,Sales,827,Sales - Local,,70628.32,
22-10-2025,Receipt,550,Cash,18890.71,,
22-10-2025,Receipt,550,Customer 12,,18890.71,
22-10-2025,Receipt,551,Cash,4369.53,,
22-10-2025,Receipt,551,Customer 23,,4369.53,
22-10-2025,Sales,828,Customer 07,120551.31,,
22-10-2025,Sales,828,Sales - Local,,120551.31,
22-10-2025,Receipt,552,Cash,13486.33,,
22-10-2025,Receipt,552,Customer 18,,13486.33,
22-10-2025,Receipt,553,HDFC Bank Current A/c,99785.62,,
22-10-2025,Receipt,553,Customer 19,,99785.62,
22-10-2025,Purchase,437,Purchases - Local,5668.60,,
22-10-2025,Purchase,437,Supplier 13,,5668.60,
22-10-2025,Receipt,554,HDFC Bank Current A/c,320328.09,,
22-10-2025,Receipt,554,Customer 07,,320328.09,
22-10-2025,Sales,829,Cash,3028.82,,
22-10-2025,Sales,829,Sales - Local,,3028.82,
22-10-2025,Sales,830,Customer 04,6100.05,,
22-10-2025,Sales,830,Sales - Local,,6100.05,
23-10-2025,Receipt,555,HDFC Bank Current A/c,262183.24,,
23-10-2025,Receipt,555,Customer 25,,262183.24,
23-10-2025,Payment,649,Supplier 08,28963.81,,
23-10-2025,Payment,649,HDFC Bank Current A/c,,28963.81,
23-10-2025,Sales,831,Customer 14,96074.55,,
23-10-2025,Sales,831,Sales - Local,,96074.55,
23-10-2025,Sales,832,Customer 06,114922.14,,
23-10-2025,Sales,832,Sales - Local,,114922.14,
23-10-2025,Purchase,438,Purchases - Local,63433.22,,
23-10-2025,Purchase,438,Supplier 07,,63433.22,
23-10-2025,Receipt,556,HDFC Bank Current A/c,34874.94,,
23-10-2025,Receipt,556,Customer 16,,34874.94,
23-10-2025,Payment,650,Supplier 15,31573.93,,
23-10-2025,Payment,650,HDFC Bank Current A/c,,31573.93,
23-10-2025,Sales,833,Customer 21,191253.36,,
23-10-2025,Sales,833,Sales - Local,,191253.36,
23-10-2025,Purchase,439,Purchases - Local,96096.73,,
23-10-2025,Purchase,439,Supplier 03,,96096.73,
23-10-2025,Sales,834,Customer 23,74524.22,,
23-10-2025,Sales,834,Sales - Local,,74524.22,
23-10-2025,Purchase,440,Purchases - Local,70255.79,,
23-10-2025,Purchase,440,Supplier 15,,70255.79,
23-10-2025,Receipt,557,Cash,16095.99,,
23-10-2025,Receipt,557,Customer 24,,16095.99,
24-10-2025,Sales,835,Cash,40262.64,,
24-10-2025,Sales,835,Sales - Local,,40262.64,
24-10-2025,Receipt,558,HDFC Bank Current A/c,10166.95,,
24-10-2025,Receipt,558,Customer 23,,10166.95,
24-10-2025,Receipt,559,HDFC Bank Current A/c,5782.65,,
24-10-2025,Receipt,559,Customer 03,,5782.65,
24-10-2025,Payment,651,Supplier 01,22191.99,,
24-10-2025,Payment,651,HDFC Bank Current A/c,,22191.99,
24-10-2025,Payment,652,Supplier 12,42156.75,,
24-10-2025,Payment,652,HDFC Bank Current A/c,,42156.75,
24-10-2025,Sales,836,Customer 23,73036.93,,
24-10-2025,Sales,836,Sales - Local,,73036.93,
24-10-2025,Payment,653,Supplier 01,130817.89,,
24-10-2025,Payment,653,HDFC Bank Current A/c,,130817.89,
24-10-2025,Purchase,441,Purchases - Local,6211.08,,
24-10-2025,Purchase,441,Supplier 08,,6211.08,
24-10-2025,Receipt,560,HDFC Bank Current A/c,22660.55,,
24-10-2025,Receipt,560,Customer 22,,22660.55,
24-10-2025,Purchase,442,Purchases - Local,39305.67,,
24-10-2025,Purchase,442,Supplier 04,,39305.67,
24-10-2025,Purchase,443,Purchases - Local,51110.88,,
24-10-2025,Purchase,443,Supplier 15,,51110.88,
24-10-2025,Purchase,444,Purchases - Local,109956.07,,
24-10-2025,Purchase,444,Supplier 14,,109956.07,
25-10-2025,Receipt,561,HDFC Bank Current A/c,9174.40,,
25-10-2025,Receipt,561,Customer 16,,9174.40,
25-10-2025,Payment,654,Conveyance,6104.86,,
25-10-2025,Payment,654,Cash,,6104.86,
25-10-2025,Receipt,562,HDFC Bank Current A/c,22348.77,,
25-10-2025,Receipt,562,Customer 02,,22348.77,
25-10-2025,Purchase,445,Purchases - Local,6473.16,,
25-10-2025,Purchase,445,Supplier 12,,6473.16,
25-10-2025,Receipt,563,HDFC Bank Current A/c,4809.77,,
25-10-2025,Receipt,563,Customer 03,,4809.77,
25-10-2025,Purchase,446,Purchases - Local,60681.17,,
25-10-2025,Purchase,446,Supplier 13,,60681.17,
25-10-2025,Sales,837,Customer 11,12773.24,,
25-10-2025,Sales,837,Sales - Local,,12773.24,
25-10-2025,Receipt,564,Cash,13210.56,,
25-10-2025,Receipt,564,Customer 10,,13210.56,
25-10-2025,Purchase,447,Purchases - Local,40409.25,,
25-10-2025,Purchase,447,Supplier 04,,40409.25,
25-10-2025,Receipt,565,HDFC Bank Current A/c,802023.01,,
25-10-2025,Receipt,565,Customer 14,,802023.01,
25-10-2025,Sales,838,Cash,26811.96,,
25-10-2025,Sales,838,Sales - Local,,26811.96,
25-10-2025,Purchase,448,Purchases - Local,70741.23,,
25-10-2025,Purchase,448,Supplier 15,,70741.23,
26-10-2025,Receipt,566,HDFC Bank Current A/c,322451.45,,
26-10-2025,Receipt,566,Customer 23,,322451.45,
26-10-2025,Sales,839,Customer 14,84288.91,,
26-10-2025,Sales,839,Sales - Local,,84288.91,
26-10-2025,Sales,840,Customer 11,135457.90,,
26-10-2025,Sales,840,Sales - Local,,135457.90,
26-10-2025,Payment,655,Printing & Stationery,1857.24,,
26-10-2025,Payment,655,Cash,,1857.24,
26-10-2025,Purchase,449,Purchases - Local,118893.63,,
26-10-2025,Purchase,449,Supplier 06,,118893.63,
26-10-2025,Receipt,567,HDFC Bank Current A/c,135290.41,,
26-10-2025,Receipt,567,Customer 22,,135290.41,
26-10-2025,Receipt,568,HDFC Bank Current A/c,56814.52,,
26-10-2025,Receipt,568,Customer 21,,56814.52,
26-10-2025,Payment,656,Supplier 14,310514.35,,
26-10-2025,Payment,656,HDFC Bank Current A/c,,310514.35,
26-10-2025,Sales,841,Customer 14,54780.08,,
26-10-2025,Sales,841,Sales - Local,,54780.08,
26-10-2025,Payment,657,Supplier 05,21787.23,,
26-10-2025,Payment,657,HDFC Bank Current A/c,,21787.23,
26-10-2025,Purchase,450,Purchases - Local,20301.32,,
26-10-2025,Purchase,450,Supplier 09,,20301.32,
26-10-2025,Sales,842,Cash,5048.86,,
26-10-2025,Sales,842,Sales - Local,,5048.86,
27-10-2025,Sales,843,Cash,32688.72,,
27-10-2025,Sales,843,Sales - Local,,32688.72,
27-10-2025,Payment,658,Printing & Stationery,9902.39,,
27-10-2025,Payment,658,Cash,,9902.39,
27-10-2025,Sales,844,Customer 08,51511.01,,
27-10-2025,Sales,844,Sales - Local,,51511.01,
27-10-2025,Sales,845,Customer 24,178314.27,,
27-10-2025,Sales,845,Sales - Local,,178314.27,
27-10-2025,Receipt,569,HDFC Bank Current A/c,99209.61,,
27-10-2025,Receipt,569,Customer 21,,99209.61,
27-10-2025,Purchase,451,Purchases - Local,67209.24,,
27-10-2025,Purchase,451,Supplier 13,,67209.24,
27-10-2025,Sales,846,Cash,4165.25,,
27-10-2025,Sales,846,Sales - Local,,4165.25,
27-10-2025,Payment,659,Supplier 14,9676.67,,
27-10-2025,Payment,659,HDFC Bank Current A/c,,9676.67,
27-10-2025,Payment,660,Conveyance,8369.94,,
27-10-2025,Payment,660,Cash,,8369.94,
27-10-2025,Receipt,570,Cash,1482.45,,
27-10-2025,Receipt,570,Customer 03,,1482.45,
27-10-2025,Receipt,571,HDFC Bank Current A/c,4978.64,,
27-10-2025,Receipt,571,Customer 03,,4978.64,
27-10-2025,Payment,661,Printing & Stationery,1015.29,,
27-10-2025,Payment,661,Cash,,1015.29,
28-10-2025,Sales,847,Cash,4011.87,,
28-10-2025,Sales,847,Sales - Local,,4011.87,
28-10-2025,Purchase,452,Purchases - Local,117235.78,,
28-10-2025,Purchase,452,Supplier 13,,117235.78,
28-10-2025,Receipt,572,HDFC Bank Current A/c,124643.95,,
28-10-2025,Receipt,572,Customer 18,,124643.95,
28-10-2025,Receipt,573,HDFC Bank Current A/c,3890.32,,
28-10-2025,Receipt,573,Customer 13,,3890.32,
28-10-2025,Receipt,574,HDFC Bank Current A/c,145398.71,,
28-10-2025,Receipt,574,Customer 06,,145398.71,
28-10-2025,Sales,848,Customer 09,128547.07,,
28-10-2025,Sales,848,Sales - Local,,128547.07,
28-10-2025,Payment,662,Supplier 01,14802.20,,
28-10-2025,Payment,662,HDFC Bank Current A/c,,14802.20,
28-10-2025,Purchase,453,Purchases - Local,76015.81,,
28-10-2025,Purchase,453,Supplier 10,,76015.81,
28-10-2025,Sales,849,Cash,19365.35,,
28-10-2025,Sales,849,Sales - Local,,19365.35,
28-10-2025,Sales,850,Customer 02,149528.00,,
28-10-2025,Sales,850,Sales - Local,,149528.00,
29-10-2025,Sales,851,Customer 17,150768.09,,
29-10-2025,Sales,851,Sales - Local,,150768.09,
29-10-2025,Receipt,575,HDFC Bank Current A/c,15219.87,,
29-10-2025,Receipt,575,Customer 10,,15219.87,
29-10-2025,Payment,663,Printing & Stationery,5020.64,,
29-10-2025,Payment,663,Cash,,5020.64,
29-10-2025,Payment,664,Office Expenses,8607.44,,
29-10-2025,Payment,664,Cash,,8607.44,
29-10-2025,Sales,852,Cash,37325.06,,
29-10-2025,Sales,852,Sales - Local,,37325.06,
29-10-2025,Sales,853,Cash,9963.99,,
29-10-2025,Sales,853,Sales - Local,,9963.99,
29-10-2025,Payment,665,Printing & Stationery,2048.69,,
29-10-2025,Payment,665,Cash,,2048.69,
29-10-2025,Receipt,576,HDFC Bank Current A/c,1292694.29,,
29-10-2025,Receipt,576,Customer 06,,1292694.29,
29-10-2025,Sales,854,Customer 01,87665.80,,
29-10-2025,Sales,854,Sales - Local,,87665.80,
29-10-2025,Payment,666,Office Expenses,4524.71,,
29-10-2025,Payment,666,Cash,,4524.71,
29-10-2025,Payment,667,Staff Welfare,8141.29,,
29-10-2025,Payment,667,Cash,,8141.29,
29-10-2025,Receipt,577,HDFC Bank Current A/c,61954.50,,
29-10-2025,Receipt,577,Customer 23,,61954.50,
30-10-2025,Sales,855,Customer 10,54940.30,,
30-10-2025,Sales,855,Sales - Local,,54940.30,
30-10-2025,Payment,668,Bank Charges,243.18,,
30-10-2025,Payment,668,HDFC Bank Current A/c,,243.18,
30-10-2025,Receipt,578,HDFC Bank Current A/c,21481.99,,
30-10-2025,Receipt,578,Customer 04,,21481.99,
30-10-2025,Receipt,579,Cash,12237.52,,
30-10-2025,Receipt,579,Customer 22,,12237.52,
30-10-2025,Sales,856,Cash,35051.70,,
30-10-2025,Sales,856,Sales - Local,,35051.70,
30-10-2025,Payment,669,Office Expenses,2136.43,,
30-10-2025,Payment,669,Cash,,2136.43,
30-10-2025,Sales,857,Cash,38229.75,,
30-10-2025,Sales,857,Sales - Local,,38229.75,
30-10-2025,Payment,670,Supplier 08,3194.02,,
30-10-2025,Payment,670,HDFC Bank Current A/c,,3194.02,
30-10-2025,Receipt,580,Cash,2985.42,,
30-10-2025,Receipt,580,Customer 17,,2985.42,
30-10-2025,Receipt,581,HDFC Bank Current A/c,1019.19,,
30-10-2025,Receipt,581,Customer 13,,1019.19,
30-10-2025,Sales,858,Cash,37532.63,,
30-10-2025,Sales,858,Sales - Local,,37532.63,
31-10-2025,Payment,671,Supplier 01,8047.17,,
31-10-2025,Payment,671,HDFC Bank Current A/c,,8047.17,
31-10-2025,Sales,859,Customer 11,192425.28,,
31-10-2025,Sales,859,Sales - Local,,192425.28,
31-10-2025,Receipt,582,Cash,5665.74,,
31-10-2025,Receipt,582,Customer 01,,5665.74,
31-10-2025,Receipt,583,HDFC Bank Current A/c,56201.38,,
31-10-2025,Receipt,583,Customer 22,,56201.38,
31-10-2025,Receipt,584,HDFC Bank Current A/c,56949.19,,
31-10-2025,Receipt,584,Customer 10,,56949.19,
31-10-2025,Payment,672,Staff Welfare,7674.58,,
31-10-2025,Payment,672,Cash,,7674.58,
31-10-2025,Receipt,585,HDFC Bank Current A/c,69595.85,,
31-10-2025,Receipt,585,Customer 20,,69595.85,
31-10-2025,Purchase,454,Purchases - Local,19885.98,,
31-10-2025,Purchase,454,Supplier 13,,19885.98,
31-10-2025,Receipt,586,HDFC Bank Current A/c,1405.10,,
31-10-2025,Receipt,586,Customer 10,,1405.10,
31-10-2025,Payment,673,Printing & Stationery,5226.40,,
31-10-2025,Payment,673,Cash,,5226.40,
31-10-2025,Receipt,587,HDFC Bank Current A/c,9550.44,,
31-10-2025,Receipt,587,Customer 23,,9550.44,
01-11-2025,Sales,860,Customer 19,86532.91,,
01-11-2025,Sales,860,Sales - Local,,86532.91,
01-11-2025,Payment,674,Staff Welfare,9479.61,,
01-11-2025,Payment,674,Cash,,9479.61,
01-11-2025,Receipt,588,HDFC Bank Current A/c,363792.24,,
01-11-2025,Receipt,588,Customer 11,,363792.24,
01-11-2025,Sales,861,Customer 15,196456.92,,
01-11-2025,Sales,861,Sales - Local,,196456.92,
01-11-2025,Sales,862,Customer 23,68003.49,,
01-11-2025,Sales,862,Sales - Local,,68003.49,
01-11-2025,Payment,675,Supplier 08,27221.17,,
01-11-2025,Payment,675,HDFC Bank Current A/c,,27221.17,
01-11-2025,Receipt,589,HDFC Bank Current A/c,55068.12,,
01-11-2025,Receipt,589,Customer 25,,55068.12,
01-11-2025,Receipt,590,HDFC Bank Current A/c,342985.48,,
01-11-2025,Receipt,590,Customer 07,,342985.48,
01-11-2025,Purchase,455,Purchases - Local,56601.21,,
01-11-2025,Purchase,455,Supplier 09,,56601.21,
01-11-2025,Payment,676,Supplier 12,34098.92,,
01-11-2025,Payment,676,HDFC Bank Current A/c,,34098.92,
01-11-2025,Purchase,456,Purchases - Local,62425.31,,
01-11-2025,Purchase,456,Supplier 07,,62425.31,
01-11-2025,Payment,677,Telephone Expenses,2024.26,,
01-11-2025,Payment,677,Cash,,2024.26,
02-11-2025,Purchase,457,Purchases - Local,17557.11,,
02-11-2025,Purchase,457,Supplier 06,,17557.11,
02-11-2025,Sales,863,Customer 04,60314.40,,
02-11-2025,Sales,863,Sales - Local,,60314.40,
02-11-2025,Sales,864,Customer 16,67531.99,,
02-11-2025,Sales,864,Sales - Local,,67531.99,
02-11-2025,Sales,865,Customer 24,124622.49,,
02-11-2025,Sales,865,Sales - Local,,124622.49,
02-11-2025,Receipt,591,HDFC Bank Current A/c,122571.86,,
02-11-2025,Receipt,591,Customer 15,,122571.86,
02-11-2025,Sales,866,Customer 16,134301.94,,
02-11-2025,Sales,866,Sales - Local,,134301.94,
02-11-2025,Sales,867,Customer 19,16959.23,,
02-11-2025,Sales,867,Sales - Local,,16959.23,
02-11-2025,Payment,678,Staff Welfare,9434.54,,
02-11-2025,Payment,678,Cash,,9434.54,
02-11-2025,Sales,868,Customer 15,114864.02,,
02-11-2025,Sales,868,Sales - Local,,114864.02,
02-11-2025,Receipt,592,HDFC Bank Current A/c,27023.26,,
02-11-2025,Receipt,592,Customer 19,,27023.26,
02-11-2025,Receipt,593,HDFC Bank Current A/c,180571.57,,
02-11-2025,Receipt,593,Customer 19,,180571.57,
03-11-2025,Receipt,594,HDFC Bank Current A/c,47054.06,,
03-11-2025,Receipt,594,Customer 09,,47054.06,
03-11-2025,Sales,869,Customer 16,128380.44,,
03-11-2025,Sales,869,Sales - Local,,128380.44,
03-11-2025,Purchase,458,Purchases - Local,32776.06,,
03-11-2025,Purchase,458,Supplier 08,,32776.06,
03-11-2025,Receipt,595,Cash,5072.19,,
03-11-2025,Receipt,595,Customer 04,,5072.19,
03-11-2025,Sales,870,Customer 14,13910.21,,
03-11-2025,Sales,870,Sales - Local,,13910.21,
03-11-2025,Receipt,596,HDFC Bank Current A/c,1074.91,,
03-11-2025,Receipt,596,Customer 03,,1074.91,
03-11-2025,Sales,871,Customer 12,103300.72,,
03-11-2025,Sales,871,Sales - Local,,103300.72,
03-11-2025,Receipt,597,HDFC Bank Current A/c,73816.73,,
03-11-2025,Receipt,597,Customer 04,,73816.73,
03-11-2025,Payment,679,Supplier 13,63707.33,,
03-11-2025,Payment,679,HDFC Bank Current A/c,,63707.33,
03-11-2025,Receipt,598,HDFC Bank Current A/c,12774.82,,
03-11-2025,Receipt,598,Customer 22,,12774.82,
03-11-2025,Purchase,459,Purchases - Local,36621.39,,
03-11-2025,Purchase,459,Supplier 04,,36621.39,
03-11-2025,Payment,680,Telephone Expenses,3504.98,,
03-11-2025,Payment,680,Cash,,3504.98,
04-11-2025,Purchase,460,Purchases - Local,115846.68,,
04-11-2025,Purchase,460,Supplier 05,,115846.68,
04-11-2025,Payment,681,Supplier 02,85762.77,,
04-11-2025,Payment,681,HDFC Bank Current A/c,,85762.77,
04-11-2025,Receipt,599,HDFC Bank Current A/c,259343.43,,
04-11-2025,Receipt,599,Customer 17,,259343.43,
04-11-2025,Payment,682,Supplier 10,151229.58,,
04-11-2025,Payment,682,HDFC Bank Current A/c,,151229.58,
04-11-2025,Sales,872,Cash,4880.54,,
04-11-2025,Sales,872,Sales - Local,,4880.54,
04-11-2025,Sales,873,Cash,10593.48,,
04-11-2025,Sales,873,Sales - Local,,10593.48,
04-11-2025,Payment,683,Bank Charges,208.93,,
04-11-2025,Payment,683,HDFC Bank Current A/c,,208.93,
04-11-2025,Payment,684,Supplier 13,298390.18,,
04-11-2025,Payment,684,HDFC Bank Current A/c,,298390.18,
04-11-2025,Purchase,461,Purchases - Local,5647.32,,
04-11-2025,Purchase,461,Supplier 05,,5647.32,
04-11-2025,Receipt,600,HDFC Bank Current A/c,92658.22,,
04-11-2025,Receipt,600,Customer 16,,92658.22,
04-11-2025,Sales,874,Cash,16043.93,,
04-11-2025,Sales,874,Sales - Local,,16043.93,
04-11-2025,Payment,685,Conveyance,9977.11,,
04-11-2025,Payment,685,Cash,,9977.11,
05-11-2025,Receipt,601,HDFC Bank Current A/c,6352.10,,
05-11-2025,Receipt,601,Interest Received,,6352.10,
05-11-2025,Payment,686,Telephone Expenses,6123.13,,
05-11-2025,Payment,686,Cash,,6123.13,
05-11-2025,Sales,875,Cash,35440.73,,
05-11-2025,Sales,875,Sales - Local,,35440.73,
05-11-2025,Purchase,462,Purchases - Local,41181.38,,
05-11-2025,Purchase,462,Supplier 07,,41181.38,
05-11-2025,Payment,687,Bank Charges,387.92,,
05-11-2025,Payment,687,HDFC Bank Current A/c,,387.92,
05-11-2025,Sales,876,Cash,20484.51,,
05-11-2025,Sales,876,Sales - Local,,20484.51,
05-11-2025,Sales,877,Cash,7200.19,,
05-11-2025,Sales,877,Sales - Local,,7200.19,
05-11-2025,Sales,878,Customer 05,26246.81,,
05-11-2025,Sales,878,Sales - Local,,26246.81,
05-11-2025,Receipt,602,Cash,7625.72,,
05-11-2025,Receipt,602,Customer 14,,7625.72,
05-11-2025,Payment,688,Supplier 10,6847.64,,
05-11-2025,Payment,688,HDFC Bank Current A/c,,6847.64,
05-11-2025,Payment,689,Supplier 11,41663.00,,
05-11-2025,Payment,689,HDFC Bank Current A/c,,41663.00,
05-11-2025,Purchase,463,Purchases - Local,81910.69,,
05-11-2025,Purchase,463,Supplier 08,,81910.69,
06-11-2025,Sales,879,Customer 24,85560.93,,
06-11-2025,Sales,879,Sales - Local,,85560.93,
06-11-2025,Receipt,603,HDFC Bank Current A/c,30037.14,,
06-11-2025,Receipt,603,Customer 21,,30037.14,
06-11-2025,Sales,880,Customer 05,161425.51,,
06-11-2025,Sales,880,Sales - Local,,161425.51,
06-11-2025,Payment,690,Office Expenses,3500.99,,
06-11-2025,Payment,690,Cash,,3500.99,
06-11-2025,Sales,881,Cash,32269.68,,
06-11-2025,Sales,881,Sales - Local,,32269.68,
06-11-2025,Sales,882,Cash,23790.94,,
06-11-2025,Sales,882,Sales - Local,,23790.94,
06-11-2025,Sales,883,Cash,49535.47,,
06-11-2025,Sales,883,Sales - Local,,49535.47,
06-11-2025,Purchase,464,Purchases - Local,5337.16,,
06-11-2025,Purchase,464,Supplier 02,,5337.16,
06-11-2025,Receipt,604,HDFC Bank Current A/c,33946.16,,
06-11-2025,Receipt,604,Customer 17,,33946.16,
06-11-2025,Receipt,605,HDFC Bank Current A/c,7152.27,,
06-11-2025,Receipt,605,Interest Received,,7152.27,
06-11-2025,Sales,884,Cash,40117.93,,
06-11-2025,Sales,884,Sales - Local,,40117.93,
07-11-2025,Payment,691,Staff Welfare,7055.68,,
07-11-2025,Payment,691,Cash,,7055.68,
07-11-2025,Payment,692,Office Expenses,5378.99,,
07-11-2025,Payment,692,Cash,,5378.99,
07-11-2025,Sales,885,Cash,47108.42,,
07-11-2025,Sales,885,Sales - Local,,47108.42,
07-11-2025,Payment,693,Supplier 05,170079.21,,
07-11-2025,Payment,693,HDFC Bank Current A/c,,170079.21,
07-11-2025,Purchase,465,Purchases - Local,97168.83,,
07-11-2025,Purchase,465,Supplier 01,,97168.83,
07-11-2025,Sales,886,Customer 17,23123.15,,
07-11-2025,Sales,886,Sales - Local,,23123.15,
07-11-2025,Purchase,466,Purchases - Local,58868.69,,
07-11-2025,Purchase,466,Supplier 04,,58868.69,
07-11-2025,Payment,694,Office Expenses,3184.47,,
07-11-2025,Payment,694,Cash,,3184.47,
07-11-2025,Payment,695,Bank Charges,404.04,,
07-11-2025,Payment,695,HDFC Bank Current A/c,,404.04,
07-11-2025,Receipt,606,HDFC Bank Current A/c,3571.77,,
07-11-2025,Receipt,606,Customer 21,,3571.77,
07-11-2025,Payment,696,Staff Welfare,4034.03,,
07-11-2025,Payment,696,Cash,,4034.03,
08-11-2025,Sales,887,Cash,2290.94,,
08-11-2025,Sales,887,Sales - Local,,2290.94,
08-11-2025,Receipt,607,HDFC Bank Current A/c,59225.15,,
08-11-2025,Receipt,607,Customer 09,,59225.15,
08-11-2025,Sales,888,Cash,45393.26,,
08-11-2025,Sales,888,Sales - Local,,45393.26,
08-11-2025,Payment,697,Supplier 01,66036.41,,
08-11-2025,Payment,697,HDFC Bank Current A/c,,66036.41,
08-11-2025,Sales,889,Customer 18,143105.71,,
08-11-2025,Sales,889,Sales - Local,,143105.71,
08-11-2025,Payment,698,Supplier 01,11552.96,,
08-11-2025,Payment,698,HDFC Bank Current A/c,,11552.96,
08-11-2025,Purchase,467,Purchases - Local,76663.86,,
08-11-2025,Purchase,467,Supplier 03,,76663.86,
08-11-2025,Payment,699,Supplier 12,111968.37,,
08-11-2025,Payment,699,HDFC Bank Current A/c,,111968.37,
08-11-2025,Sales,890,Customer 18,148754.82,,
08-11-2025,Sales,890,Sales - Local,,148754.82,
08-11-2025,Receipt,608,HDFC Bank Current A/c,488547.37,,
08-11-2025,Receipt,608,Customer 15,,488547.37,
08-11-2025,Sales,891,Cash,30378.62,,
08-11-2025,Sales,891,Sales - Local,,30378.62,
08-11-2025,Sales,892,Customer 19,33229.36,,
08-11-2025,Sales,892,Sales - Local,,33229.36,
09-11-2025,Receipt,609,HDFC Bank Current A/c,1306.20,,
09-11-2025,Receipt,609,Customer 10,,1306.20,
09-11-2025,Sales,893,Customer 18,119022.85,,
09-11-2025,Sales,893,Sales - Local,,119022.85,
09-11-2025,Receipt,610,HDFC Bank Current A/c,3770.12,,
09-11-2025,Receipt,610,Interest Received,,3770.12,
09-11-2025,Sales,894,Customer 08,159297.85,,
09-11-2025,Sales,894,Sales - Local,,159297.85,
09-11-2025,Payment,700,Bank Charges,87.13,,
09-11-2025,Payment,700,HDFC Bank Current A/c,,87.13,
09-11-2025,Sales,895,Customer 15,104826.92,,
09-11-2025,Sales,895,Sales - Local,,104826.92,
09-11-2025,Receipt,611,HDFC Bank Current A/c,6333.00,,
09-11-2025,Receipt,611,Interest Received,,6333.00,
09-11-2025,Purchase,468,Purchases - Local,33237.79,,
09-11-2025,Purchase,468,Supplier 14,,33237.79,
09-11-2025,Receipt,612,HDFC Bank Current A/c,46207.26,,
09-11-2025,Receipt,612,Customer 19,,46207.26,
09-11-2025,Payment,701,Supplier 12,2661.64,,
09-11-2025,Payment,701,HDFC Bank Current A/c,,2661.64,
09-11-2025,Receipt,613,HDFC Bank Current A/c,36766.58,,
09-11-2025,Receipt,613,Customer 23,,36766.58,
09-11-2025,Payment,702,Supplier 07,49053.12,,
09-11-2025,Payment,702,HDFC Bank Current A/c,,49053.12,
10-11-2025,Sales,896,Cash,49805.23,,
10-11-2025,Sales,896,Sales - Local,,49805.23,
10-11-2025,Sales,897,Customer 12,113684.52,,
10-11-2025,Sales,897,Sales - Local,,113684.52,
10-11-2025,Sales,898,Customer 22,54292.07,,
10-11-2025,Sales,898,Sales - Local,,54292.07,
10-11-2025,Payment,703,Supplier 14,40221.48,,
10-11-2025,Payment,703,HDFC Bank Current A/c,,40221.48,
10-11-2025,Sales,899,Customer 18,38733.61,,
10-11-2025,Sales,899,Sales - Local,,38733.61,
10-11-2025,Sales,900,Cash,45963.72,,
10-11-2025,Sales,900,Sales - Local,,45963.72,
10-11-2025,Payment,704,Supplier 15,6329.63,,
10-11-2025,Payment,704,HDFC Bank Current A/c,,6329.63,
10-11-2025,Receipt,614,HDFC Bank Current A/c,14358.88,,
10-11-2025,Receipt,614,Customer 25,,14358.88,
10-11-2025,Payment,705,Bank Charges,143.71,,
10-11-2025,Payment,705,HDFC Bank Current A/c,,143.71,
10-11-2025,Sales,901,Customer 16,38017.36,,
10-11-2025,Sales,901,Sales - Local,,38017.36,
11-11-2025,Sales,902,Cash,24923.85,,
11-11-2025,Sales,902,Sales - Local,,24923.85,
11-11-2025,Sales,903,Customer 15,92947.07,,
11-11-2025,Sales,903,Sales - Local,,92947.07,
11-11-2025,Purchase,469,Purchases - Local,111638.29,,
11-11-2025,Purchase,469,Supplier 14,,111638.29,
11-11-2025,Receipt,615,HDFC Bank Current A/c,49541.45,,
11-11-2025,Receipt,615,Customer 01,,49541.45,
11-11-2025,Sales,904,Customer 22,43424.53,,
11-11-2025,Sales,904,Sales - Local,,43424.53,
11-11-2025,Sales,905,Cash,33854.75,,
11-11-2025,Sales,905,Sales - Local,,33854.75,
11-11-2025,Sales,906,Cash,23966.18,,
11-11-2025,Sales,906,Sales - Local,,23966.18,
11-11-2025,Receipt,616,HDFC Bank Current A/c,22603.40,,
11-11-2025,Receipt,616,Customer 25,,22603.40,
11-11-2025,Sales,907,Customer 12,155454.55,,
11-11-2025,Sales,907,Sales - Local,,155454.55,
11-11-2025,Purchase,470,Purchases - Local,92588.94,,
11-11-2025,Purchase,470,Supplier 03,,92588.94,
11-11-2025,Payment,706,Staff Welfare,7824.26,,
11-11-2025,Payment,706,Cash,,7824.26,
12-11-2025,Payment,707,Rent,25000.00,,
12-11-2025,Payment,707,HDFC Bank Current A/c,,25000.00,
12-11-2025,Payment,708,Salary,51892.10,,
12-11-2025,Payment,708,HDFC Bank Current A/c,,51892.10,
12-11-2025,Payment,709,Electricity Charges,5494.55,,
12-11-2025,Payment,709,HDFC Bank Current A/c,,5494.55,
12-11-2025,Journal,15,Interest on Unsecured Loans,3000.00,,
12-11-2025,Journal,15,Unsecured Loan - Rajesh Kumar,,2700.00,
12-11-2025,Journal,15,TDS Payable,,300.00,
12-11-2025,Payment,710,TDS Payable,300.00,,
12-11-2025,Payment,710,HDFC Bank Current A/c,,300.00,
12-11-2025,Payment,711,HDFC Bank Term Loan,40000.00,,
12-11-2025,Payment,711,HDFC Bank Current A/c,,40000.00,
12-11-2025,Payment,712,Interest on Term Loan,6359.56,,
12-11-2025,Payment,712,HDFC Bank Current A/c,,6359.56,
12-11-2025,Journal,16,Travelling Expenses,1969.70,,
12-11-2025,Journal,16,HDFC Bank Current A/c,,1969.70,
12-11-2025,Sales,908,Cash,16140.12,,
12-11-2025,Sales,908,Sales - Local,,16140.12,
12-11-2025,Sales,909,Cash,8352.56,,
12-11-2025,Sales,909,Sales - Local,,8352.56,
12-11-2025,Payment,713,Supplier 10,1014.66,,
12-11-2025,Payment,713,HDFC Bank Current A/c,,1014.66,
12-11-2025,Payment,714,Supplier 04,44551.49,,
12-11-2025,Payment,714,HDFC Bank Current A/c,,44551.49,
12-11-2025,Sales,910,Customer 24,169708.93,,
12-11-2025,Sales,910,Sales - Local,,169708.93,
12-11-2025,Sales,911,Customer 13,21561.84,,
12-11-2025,Sales,911,Sales - Local,,21561.84,
12-11-2025,Payment,715,Staff Welfare,1566.02,,
12-11-2025,Payment,715,Cash,,1566.02,
12-11-2025,Purchase,471,Purchases - Local,94132.83,,
12-11-2025,Purchase,471,Supplier 09,,94132.83,
12-11-2025,Purchase,472,Purchases - Local,9373.47,,
12-11-2025,Purchase,472,Supplier 12,,9373.47,
12-11-2025,Sales,912,Customer 22,75288.11,,
12-11-2025,Sales,912,Sales - Local,,75288.11,
12-11-2025,Payment,716,Supplier 09,84743.63,,
12-11-2025,Payment,716,HDFC Bank Current A/c,,84743.63,
13-11-2025,Payment,717,Staff Welfare,8741.94,,
13-11-2025,Payment,717,Cash,,8741.94,
13-11-2025,Receipt,617,Cash,3064.55,,
13-11-2025,Receipt,617,Customer 08,,3064.55,
13-11-2025,Payment,718,Supplier 07,95675.08,,
13-11-2025,Payment,718,HDFC Bank Current A/c,,95675.08,
13-11-2025,Purchase,473,Purchases - Local,9727.30,,
13-11-2025,Purchase,473,Supplier 08,,9727.30,
13-11-2025,Sales,913,Customer 15,45963.30,,
13-11-2025,Sales,913,Sales - Local,,45963.30,
13-11-2025,Sales,914,Cash,8917.22,,
13-11-2025,Sales,914,Sales - Local,,8917.22,
13-11-2025,Payment,719,Supplier 03,312426.42,,
13-11-2025,Payment,719,HDFC Bank Current A/c,,312426.42,
13-11-2025,Sales,915,Cash,34734.23,,
13-11-2025,Sales,915,Sales - Local,,34734.23,
13-11-2025,Sales,916,Cash,3758.10,,
13-11-2025,Sales,916,Sales - Local,,3758.10,
13-11-2025,Receipt,618,HDFC Bank Current A/c,117984.48,,
13-11-2025,Receipt,618,Customer 18,,117984.48,
13-11-2025,Sales,917,Customer 25,160113.71,,
13-11-2025,Sales,917,Sales - Local,,160113.71,
14-11-2025,Payment,720,Printing & Stationery,6862.41,,
14-11-2025,Payment,720,Cash,,6862.41,
14-11-2025,Sales,918,Cash,9909.29,,
14-11-2025,Sales,918,Sales - Local,,9909.29,
14-11-2025,Payment,721,Printing & Stationery,5786.54,,
14-11-2025,Payment,721,Cash,,5786.54,
14-11-2025,Payment,722,Supplier 14,68103.73,,
14-11-2025,Payment,722,HDFC Bank Current A/c,,68103.73,
14-11-2025,Receipt,619,HDFC Bank Current A/c,18407.47,,
14-11-2025,Receipt,619,Customer 23,,18407.47,
14-11-2025,Receipt,620,HDFC Bank Current A/c,10976.90,,
14-11-2025,Receipt,620,Customer 23,,10976.90,
14-11-2025,Purchase,474,Purchases - Local,97471.44,,
14-11-2025,Purchase,474,Supplier 09,,97471.44,
14-11-2025,Purchase,475,Purchases - Local,17134.18,,
14-11-2025,Purchase,475,Supplier 14,,17134.18,
14-11-2025,Receipt,621,Cash,12090.69,,
14-11-2025,Receipt,621,Customer 22,,12090.69,
14-11-2025,Receipt,622,HDFC Bank Current A/c,124678.29,,
14-11-2025,Receipt,622,Customer 09,,124678.29,
14-11-2025,Purchase,476,Purchases - Local,37056.07,,
14-11-2025,Purchase,476,Supplier 01,,37056.07,
14-11-2025,Sales,919,Customer 17,149312.37,,
14-11-2025,Sales,919,Sales - Local,,149312.37,
15-11-2025,Payment,723,Supplier 09,68389.40,,
15-11-2025,Payment,723,HDFC Bank Current A/c,,68389.40,
15-11-2025,Payment,724,Bank Charges,241.74,,
15-11-2025,Payment,724,HDFC Bank Current A/c,,241.74,
15-11-2025,Sales,920,Cash,21600.89,,
15-11-2025,Sales,920,Sales - Local,,21600.89,
15-11-2025,Purchase,477,Purchases - Local,24868.92,,
15-11-2025,Purchase,477,Supplier 08,,24868.92,
15-11-2025,Sales,921,Customer 15,144454.02,,
15-11-2025,Sales,921,Sales - Local,,144454.02,
15-11-2025,Sales,922,Customer 19,41636.43,,
15-11-2025,Sales,922,Sales - Local,,41636.43,
15-11-2025,Sales,923,Customer 01,100809.30,,
15-11-2025,Sales,923,Sales - Local,,100809.30,
15-11-2025,Receipt,623,HDFC Bank Current A/c,68779.62,,
15-11-2025,Receipt,623,Customer 05,,68779.62,
15-11-2025,Sales,924,Cash,43784.92,,
15-11-2025,Sales,924,Sales - Local,,43784.92,
15-11-2025,Sales,925,Customer 02,84789.47,,
15-11-2025,Sales,925,Sales - Local,,84789.47,
15-11-2025,Sales,926,Customer 19,130115.47,,
15-11-2025,Sales,926,Sales - Local,,130115.47,
16-11-2025,Payment,725,Supplier 02,8561.22,,
16-11-2025,Payment,725,HDFC Bank Current A/c,,8561.22,
16-11-2025,Purchase,478,Purchases - Local,44573.25,,
16-11-2025,Purchase,478,Supplier 10,,44573.25,
16-11-2025,Sales,927,Customer 13,62529.30,,
16-11-2025,Sales,927,Sales - Local,,62529.30,
16-11-2025,Purchase,479,Purchases - Local,32336.79,,
16-11-2025,Purchase,479,Supplier 13,,32336.79,
16-11-2025,Receipt,624,HDFC Bank Current A/c,46719.25,,
16-11-2025,Receipt,624,Customer 08,,46719.25,
16-11-2025,Sales,928,Customer 08,7486.06,,
16-11-2025,Sales,928,Sales - Local,,7486.06,
16-11-2025,Receipt,625,Cash,1293.93,,
16-11-2025,Receipt,625,Customer 25,,1293.93,
16-11-2025,Purchase,480,Purchases - Local,48459.85,,
16-11-2025,Purchase,480,Supplier 07,,48459.85,
16-11-2025,Purchase,481,Purchases - Local,49004.41,,
16-11-2025,Purchase,481,Supplier 12,,49004.41,
16-11-2025,Sales,929,Customer 12,92739.39,,
16-11-2025,Sales,929,Sales - Local,,92739.39,
16-11-2025,Sales,930,Customer 25,148878.26,,
16-11-2025,Sales,930,Sales - Local,,148878.26,
17-11-2025,Receipt,626,HDFC Bank Current A/c,6190.70,,
17-11-2025,Receipt,626,Interest Received,,6190.70,
17-11-2025,Purchase,482,Purchases - Local,29465.48,,
17-11-2025,Purchase,482,Supplier 10,,29465.48,
17-11-2025,Sales,931,Customer 06,184712.80,,
17-11-2025,Sales,931,Sales - Local,,184712.80,
17-11-2025,Payment,726,Supplier 13,26393.12,,
17-11-2025,Payment,726,HDFC Bank Current A/c,,26393.12,
17-11-2025,Receipt,627,HDFC Bank Current A/c,107871.86,,
17-11-2025,Receipt,627,Customer 01,,107871.86,
17-11-2025,Sales,932,Customer 23,192993.64,,
17-11-2025,Sales,932,Sales - Local,,192993.64,
17-11-2025,Sales,933,Cash,16747.01,,
17-11-2025,Sales,933,Sales - Local,,16747.01,
17-11-2025,Sales,934,Cash,41717.35,,
17-11-2025,Sales,934,Sales - Local,,41717.35,
17-11-2025,Receipt,628,Cash,13788.20,,
17-11-2025,Receipt,628,Customer 01,,13788.20,
17-11-2025,Purchase,483,Purchases - Local,44984.36,,
17-11-2025,Purchase,483,Supplier 12,,44984.36,
17-11-2025,Purchase,484,Purchases - Local,29903.74,,
17-11-2025,Purchase,484,Supplier 12,,29903.74,
18-11-2025,Payment,727,Supplier 12,125827.88,,
18-11-2025,Payment,727,HDFC Bank Current A/c,,125827.88,
18-11-2025,Sales,935,Customer 10,178347.45,,
18-11-2025,Sales,935,Sales - Local,,178347.45,
18-11-2025,Receipt,629,HDFC Bank Current A/c,31423.64,,
18-11-2025,Receipt,629,Customer 01,,31423.64,
18-11-2025,Payment,728,Bank Charges,367.05,,
18-11-2025,Payment,728,HDFC Bank Current A/c,,367.05,
18-11-2025,Payment,729,Bank Charges,265.11,,
18-11-2025,Payment,729,HDFC Bank Current A/c,,265.11,
18-11-2025,Receipt,630,HDFC Bank Current A/c,1577.58,,
18-11-2025,Receipt,630,Customer 21,,1577.58,
18-11-2025,Receipt,631,HDFC Bank Current A/c,29532.28,,
18-11-2025,Receipt,631,Customer 09,,29532.28,
18-11-2025,Payment,730,Office Expenses,9224.38,,
18-11-2025,Payment,730,Cash,,9224.38,
18-11-2025,Purchase,485,Purchases - Local,84319.22,,
18-11-2025,Purchase,485,Supplier 03,,84319.22,
18-11-2025,Purchase,486,Purchases - Local,94157.33,,
18-11-2025,Purchase,486,Supplier 02,,94157.33,
18-11-2025,Purchase,487,Purchases - Local,59245.30,,
18-11-2025,Purchase,487,Supplier 03,,59245.30,
18-11-2025,Payment,731,Staff Welfare,6446.67,,
18-11-2025,Payment,731,Cash,,6446.67,
19-11-2025,Sales,936,Customer 07,89260.14,,
19-11-2025,Sales,936,Sales - Local,,89260.14,
19-11-2025,Sales,937,Cash,4313.86,,
19-11-2025,Sales,937,Sales - Local,,4313.86,
19-11-2025,Purchase,488,Purchases - Local,69237.66,,
19-11-2025,Purchase,488,Supplier 03,,69237.66,
19-11-2025,Payment,732,Supplier 08,9251.65,,
19-11-2025,Payment,732,HDFC Bank Current A/c,,9251.65,
19-11-2025,Receipt,632,HDFC Bank Current A/c,113532.43,,
19-11-2025,Receipt,632,Customer 02,,113532.43,
19-11-2025,Purchase,489,Purchases - Local,23219.02,,
19-11-2025,Purchase,489,Supplier 13,,23219.02,
19-11-2025,Payment,733,Printing & Stationery,4765.03,,
19-11-2025,Payment,733,Cash,,4765.03,
19-11-2025,Receipt,633,HDFC Bank Current A/c,2907.90,,
19-11-2025,Receipt,633,Customer 01,,2907.90,
19-11-2025,Purchase,490,Purchases - Local,26521.88,,
19-11-2025,Purchase,490,Supplier 01,,26521.88,
19-11-2025,Sales,938,Cash,9690.14,,
19-11-2025,Sales,938,Sales - Local,,9690.14,
19-11-2025,Payment,734,Supplier 03,150199.54,,
19-11-2025,Payment,734,HDFC Bank Current A/c,,150199.54,
19-11-2025,Payment,735,Bank Charges,63.45,,
19-11-2025,Payment,735,HDFC Bank Current A/c,,63.45,
20-11-2025,Receipt,634,HDFC Bank Current A/c,348505.05,,
20-11-2025,Receipt,634,Customer 18,,348505.05,
20-11-2025,Purchase,491,Purchases - Local,66422.11,,
20-11-2025,Purchase,491,Supplier 08,,66422.11,
20-11-2025,Receipt,635,HDFC Bank Current A/c,4728.00,,
20-11-2025,Receipt,635,Interest Received,,4728.00,
20-11-2025,Sales,939,Cash,27945.16,,
20-11-2025,Sales,939,Sales - Local,,27945.16,
20-11-2025,Purchase,492,Purchases - Local,76923.49,,
20-11-2025,Purchase,492,Supplier 12,,76923.49,
20-11-2025,Purchase,493,Purchases - Local,67782.69,,
20-11-2025,Purchase,493,Supplier 05,,67782.69,
20-11-2025,Receipt,636,HDFC Bank Current A/c,18448.12,,
20-11-2025,Receipt,636,Customer 05,,18448.12,
20-11-2025,Receipt,637,HDFC Bank Current A/c,193036.38,,
20-11-2025,Receipt,637,Customer 06,,193036.38,
20-11-2025,Sales,940,Cash,45825.41,,
20-11-2025,Sales,940,Sales - Local,,45825.41,
20-11-2025,Sales,941,Cash,30695.52,,
20-11-2025,Sales,941,Sales - Local,,30695.52,
20-11-2025,Payment,736,Supplier 14,41881.57,,
20-11-2025,Payment,736,HDFC Bank Current A/c,,41881.57,
20-11-2025,Payment,737,Supplier 11,37113.64,,
20-11-2025,Payment,737,HDFC Bank Current A/c,,37113.64,
21-11-2025,Sales,942,Customer 05,62527.78,,
21-11-2025,Sales,942,Sales - Local,,62527.78,
21-11-2025,Sales,943,Cash,31396.03,,
21-11-2025,Sales,943,Sales - Local,,31396.03,
21-11-2025,Receipt,638,Cash,744.83,,
21-11-2025,Receipt,638,Customer 16,,744.83,
21-11-2025,Purchase,494,Purchases - Local,14208.71,,
21-11-2025,Purchase,494,Supplier 02,,14208.71,
21-11-2025,Receipt,639,HDFC Bank Current A/c,129256.99,,
21-11-2025,Receipt,639,Customer 17,,129256.99,
21-11-2025,Receipt,640,HDFC Bank Current A/c,34784.33,,
21-11-2025,Receipt,640,Customer 18,,34784.33,
21-11-2025,Purchase,495,Purchases - Local,34298.54,,
21-11-2025,Purchase,495,Supplier 06,,34298.54,
21-11-2025,Payment,738,Conveyance,9238.31,,
21-11-2025,Payment,738,Cash,,9238.31,
21-11-2025,Payment,739,Bank Charges,337.03,,
21-11-2025,Payment,739,HDFC Bank Current A/c,,337.03,
21-11-2025,Sales,944,Customer 18,5685.53,,
21-11-2025,Sales,944,Sales - Local,,5685.53,
21-11-2025,Payment,740,Supplier 04,115206.46,,
21-11-2025,Payment,740,HDFC Bank Current A/c,,115206.46,
21-11-2025,Sales,945,Customer 06,170662.66,,
21-11-2025,Sales,945,Sales - Local,,170662.66,
22-11-2025,Payment,741,Printing & Stationery,2321.40,,
22-11-2025,Payment,741,Cash,,2321.40,
22-11-2025,Payment,742,Supplier 10,30532.86,,
22-11-2025,Payment,742,HDFC Bank Current A/c,,30532.86,
22-11-2025,Sales,946,Customer 10,135266.13,,
22-11-2025,Sales,946,Sales - Local,,135266.13,
22-11-2025,Receipt,641,HDFC Bank Current A/c,425547.34,,
22-11-2025,Receipt,641,Customer 24,,425547.34,
22-11-2025,Sales,947,Customer 20,54009.97,,
22-11-2025,Sales,947,Sales - Local,,54009.97,
22-11-2025,Purchase,496,Purchases - Local,90354.09,,
22-11-2025,Purchase,496,Supplier 14,,90354.09,
22-11-2025,Purchase,497,Purchases - Local,39340.85,,
22-11-2025,Purchase,497,Supplier 05,,39340.85,
22-11-2025,Payment,743,Supplier 08,175403.00,,
22-11-2025,Payment,743,HDFC Bank Current A/c,,175403.00,
22-11-2025,Sales,948,Customer 22,153674.50,,
22-11-2025,Sales,948,Sales - Local,,153674.50,
22-11-2025,Sales,949,Cash,36761.90,,
22-11-2025,Sales,949,Sales - Local,,36761.90,
22-11-2025,Sales,950,Customer 07,30373.78,,
22-11-2025,Sales,950,Sales - Local,,30373.78,
22-11-2025,Sales,951,Customer 11,25130.67,,
22-11-2025,Sales,951,Sales - Local,,25130.67,
23-11-2025,Receipt,642,HDFC Bank Current A/c,55486.16,,
23-11-2025,Receipt,642,Customer 02,,55486.16,
23-11-2025,Sales,952,Cash,22418.77,,
23-11-2025,Sales,952,Sales - Local,,22418.77,
23-11-2025,Payment,744,Telephone Expenses,1013.22,,
23-11-2025,Payment,744,Cash,,1013.22,
23-11-2025,Sales,953,Customer 25,43779.38,,
23-11-2025,Sales,953,Sales - Local,,43779.38,
23-11-2025,Sales,954,Customer 01,53092.95,,
23-11-2025,Sales,954,Sales - Local,,53092.95,
23-11-2025,Payment,745,Supplier 11,2450.25,,
23-11-2025,Payment,745,HDFC Bank Current A/c,,2450.25,
23-11-2025,Sales,955,Customer 17,71368.90,,
23-11-2025,Sales,955,Sales - Local,,71368.90,
23-11-2025,Purchase,498,Purchases - Local,25059.72,,
23-11-2025,Purchase,498,Supplier 06,,25059.72,
23-11-2025,Payment,746,Telephone Expenses,7171.30,,
23-11-2025,Payment,746,Cash,,7171.30,
23-11-2025,Payment,747,Staff Welfare,1511.94,,
23-11-2025,Payment,747,Cash,,1511.94,
23-11-2025,Receipt,643,HDFC Bank Current A/c,385489.03,,
23-11-2025,Receipt,643,Customer 24,,385489.03,
24-11-2025,Receipt,644,HDFC Bank Current A/c,112276.89,,
24-11-2025,Receipt,644,Customer 25,,112276.89,
24-11-2025,Receipt,645,Cash,13341.22,,
24-11-2025,Receipt,645,Customer 07,,13341.22,
24-11-2025,Receipt,646,Cash,8353.91,,
24-11-2025,Receipt,646,Customer 17,,8353.91,
24-11-2025,Payment,748,Telephone Expenses,3562.87,,
24-11-2025,Payment,748,Cash,,3562.87,
24-11-2025,Payment,749,Staff Welfare,7540.90,,
24-11-2025,Payment,749,Cash,,7540.90,
24-11-2025,Sales,956,Customer 25,31199.09,,
24-11-2025,Sales,956,Sales - Local,,31199.09,
24-11-2025,Purchase,499,Purchases - Local,116138.62,,
24-11-2025,Purchase,499,Supplier 09,,116138.62,
24-11-2025,Purchase,500,Purchases - Local,82696.95,,
24-11-2025,Purchase,500,Supplier 13,,82696.95,
24-11-2025,Sales,957,Customer 17,26786.40,,
24-11-2025,Sales,957,Sales - Local,,26786.40,
24-11-2025,Purchase,501,Purchases - Local,76138.05,,
24-11-2025,Purchase,501,Supplier 10,,76138.05,
24-11-2025,Sales,958,Cash,25299.19,,
24-11-2025,Sales,958,Sales - Local,,25299.19,
24-11-2025,Sales,959,Customer 09,88252.83,,
24-11-2025,Sales,959,Sales - Local,,88252.83,
25-11-2025,Payment,750,Supplier 10,15633.26,,
25-11-2025,Payment,750,HDFC Bank Current A/c,,15633.26,
25-11-2025,Receipt,647,Cash,10944.79,,
25-11-2025,Receipt,647,Customer 01,,10944.79,
25-11-2025,Sales,960,Customer 09,31501.63,,
25-11-2025,Sales,960,Sales - Local,,31501.63,
25-11-2025,Payment,751,Bank Charges,162.58,,
25-11-2025,Payment,751,HDFC Bank Current A/c,,162.58,
25-11-2025,Receipt,648,HDFC Bank Current A/c,223780.71,,
25-11-2025,Receipt,648,Customer 22,,223780.71,
25-11-2025,Purchase,502,Purchases - Local,118473.72,,
25-11-2025,Purchase,502,Supplier 06,,118473.72,
25-11-2025,Sales,961,Customer 05,138697.38,,
25-11-2025,Sales,961,Sales - Local,,138697.38,
25-11-2025,Sales,962,Customer 01,73547.38,,
25-11-2025,Sales,962,Sales - Local,,73547.38,
25-11-2025,Receipt,649,Cash,2608.59,,
25-11-2025,Receipt,649,Customer 11,,2608.59,
25-11-2025,Payment,752,Supplier 15,70840.09,,
25-11-2025,Payment,752,HDFC Bank Current A/c,,70840.09,
25-11-2025,Receipt,650,Cash,13363.74,,
25-11-2025,Receipt,650,Customer 04,,13363.74,
25-11-2025,Payment,753,Telephone Expenses,3674.59,,
25-11-2025,Payment,753,Cash,,3674.59,
26-11-2025,Sales,963,Cash,11484.08,,
26-11-2025,Sales,963,Sales - Local,,11484.08,
26-11-2025,Payment,754,Conveyance,6953.44,,
26-11-2025,Payment,754,Cash,,6953.44,
26-11-2025,Receipt,651,HDFC Bank Current A/c,31646.52,,
26-11-2025,Receipt,651,Customer 08,,31646.52,
26-11-2025,Receipt,652,HDFC Bank Current A/c,17593.08,,
26-11-2025,Receipt,652,Customer 07,,17593.08,
26-11-2025,Purchase,503,Purchases - Local,93953.48,,
26-11-2025,Purchase,503,Supplier 06,,93953.48,
26-11-2025,Receipt,653,Cash,3422.46,,
26-11-2025,Receipt,653,Customer 12,,3422.46,
26-11-2025,Purchase,504,Purchases - Local,11725.51,,
26-11-2025,Purchase,504,Supplier 04,,11725.51,
26-11-2025,Payment,755,Supplier 15,9657.96,,
26-11-2025,Payment,755,HDFC Bank Current A/c,,9657.96,
26-11-2025,Purchase,505,Purchases - Local,86940.50,,
26-11-2025,Purchase,505,Supplier 05,,86940.50,
26-11-2025,Sales,964,Cash,5289.47,,
26-11-2025,Sales,964,Sales - Local,,5289.47,
26-11-2025,Receipt,654,HDFC Bank Current A/c,215184.53,,
26-11-2025,Receipt,654,Customer 15,,215184.53,
27-11-2025,Sales,965,Cash,23335.26,,
27-11-2025,Sales,965,Sales - Local,,23335.26,
27-11-2025,Purchase,506,Purchases - Local,119393.81,,
27-11-2025,Purchase,506,Supplier 09,,119393.81,
27-11-2025,Payment,756,Supplier 13,202316.40,,
27-11-2025,Payment,756,HDFC Bank Current A/c,,202316.40,
27-11-2025,Sales,966,Customer 08,83860.80,,
27-11-2025,Sales,966,Sales - Local,,83860.80,
27-11-2025,Payment,757,Supplier 12,41073.40,,
27-11-2025,Payment,757,HDFC Bank Current A/c,,41073.40,
27-11-2025,Sales,967,Cash,8009.39,,
27-11-2025,Sales,967,Sales - Local,,8009.39,
27-11-2025,Sales,968,Customer 23,99808.37,,
27-11-2025,Sales,968,Sales - Local,,99808.37,
27-11-2025,Purchase,507,Purchases - Local,102360.74,,
27-11-2025,Purchase,507,Supplier 09,,102360.74,
27-11-2025,Payment,758,Telephone Expenses,2714.31,,
27-11-2025,Payment,758,Cash,,2714.31,
27-11-2025,Payment,759,Supplier 04,19919.52,,
27-11-2025,Payment,759,HDFC Bank Current A/c,,19919.52,
27-11-2025,Purchase,508,Purchases - Local,33008.67,,
27-11-2025,Purchase,508,Supplier 11,,33008.67,
27-11-2025,Receipt,655,HDFC Bank Current A/c,28967.59,,
27-11-2025,Receipt,655,Customer 24,,28967.59,
28-11-2025,Receipt,656,HDFC Bank Current A/c,345122.05,,
28-11-2025,Receipt,656,Customer 19,,345122.05,
28-11-2025,Sales,969,Cash,35317.62,,
28-11-2025,Sales,969,Sales - Local,,35317.62,
28-11-2025,Payment,760,Supplier 01,23981.95,,
28-11-2025,Payment,760,HDFC Bank Current A/c,,23981.95,
28-11-2025,Payment,761,Supplier 11,12284.64,,
28-11-2025,Payment,761,HDFC Bank Current A/c,,12284.64,
28-11-2025,Payment,762,Supplier 07,16922.66,,
28-11-2025,Payment,762,HDFC Bank Current A/c,,16922.66,
28-11-2025,Sales,970,Customer 22,192261.43,,
28-11-2025,Sales,970,Sales - Local,,192261.43,
28-11-2025,Sales,971,Cash,45331.26,,
28-11-2025,Sales,971,Sales - Local,,45331.26,
28-11-2025,Sales,972,Cash,34242.05,,
28-11-2025,Sales,972,Sales - Local,,34242.05,
28-11-2025,Sales,973,Customer 16,106150.58,,
28-11-2025,Sales,973,Sales - Local,,106150.58,
28-11-2025,Sales,974,Customer 17,175884.19,,
28-11-2025,Sales,974,Sales - Local,,175884.19,
28-11-2025,Sales,975,Customer 19,100179.43,,
28-11-2025,Sales,975,Sales - Local,,100179.43,
28-11-2025,Sales,976,Customer 18,33638.48,,
28-11-2025,Sales,976,Sales - Local,,33638.48,
29-11-2025,Receipt,657,Cash,10315.15,,
29-11-2025,Receipt,657,Customer 18,,10315.15,
29-11-2025,Receipt,658,HDFC Bank Current A/c,62760.26,,
29-11-2025,Receipt,658,Customer 07,,62760.26,
29-11-2025,Sales,977,Customer 20,110857.28,,
29-11-2025,Sales,977,Sales - Local,,110857.28,
29-11-2025,Receipt,659,HDFC Bank Current A/c,4660.13,,
29-11-2025,Receipt,659,Interest Received,,4660.13,
29-11-2025,Purchase,509,Purchases - Local,19629.63,,
29-11-2025,Purchase,509,Supplier 01,,19629.63,
29-11-2025,Payment,763,Supplier 02,69472.22,,
29-11-2025,Payment,763,HDFC Bank Current A/c,,69472.22,
29-11-2025,Purchase,510,Purchases - Local,26701.69,,
29-11-2025,Purchase,510,Supplier 09,,26701.69,
29-11-2025,Sales,978,Cash,33974.66,,
29-11-2025,Sales,978,Sales - Local,,33974.66,
29-11-2025,Receipt,660,HDFC Bank Current A/c,167456.99,,
29-11-2025,Receipt,660,Customer 10,,167456.99,
29-11-2025,Payment,764,Supplier 13,26207.74,,
29-11-2025,Payment,764,HDFC Bank Current A/c,,26207.74,
29-11-2025,Sales,979,Customer 03,5158.85,,
29-11-2025,Sales,979,Sales - Local,,5158.85,
29-11-2025,Receipt,661,HDFC Bank Current A/c,98209.68,,
29-11-2025,Receipt,661,Customer 18,,98209.68,
30-11-2025,Purchase,511,Purchases - Local,15145.31,,
30-11-2025,Purchase,511,Supplier 04,,15145.31,
30-11-2025,Receipt,662,HDFC Bank Current A/c,157092.18,,
30-11-2025,Receipt,662,Customer 22,,157092.18,
30-11-2025,Purchase,512,Purchases - Local,13073.74,,
30-11-2025,Purchase,512,Supplier 09,,13073.74,
30-11-2025,Receipt,663,Cash,13904.59,,
30-11-2025,Receipt,663,Customer 15,,13904.59,
30-11-2025,Payment,765,Printing & Stationery,7832.14,,
30-11-2025,Payment,765,Cash,,7832.14,
30-11-2025,Receipt,664,HDFC Bank Current A/c,97689.70,,
30-11-2025,Receipt,664,Customer 10,,97689.70,
30-11-2025,Purchase,513,Purchases - Local,14148.04,,
30-11-2025,Purchase,513,Supplier 01,,14148.04,
30-11-2025,Receipt,665,HDFC Bank Current A/c,8870.29,,
30-11-2025,Receipt,665,Customer 23,,8870.29,
30-11-2025,Sales,980,Customer 08,36036.35,,
30-11-2025,Sales,980,Sales - Local,,36036.35,
30-11-2025,Receipt,666,Cash,14695.40,,
30-11-2025,Receipt,666,Customer 19,,14695.40,
30-11-2025,Sales,981,Customer 15,18503.04,,
30-11-2025,Sales,981,Sales - Local,,18503.04,
30-11-2025,Receipt,667,HDFC Bank Current A/c,88019.37,,
30-11-2025,Receipt,667,Customer 22,,88019.37,
01-12-2025,Payment,766,Supplier 07,6941.74,,
01-12-2025,Payment,766,HDFC Bank Current A/c,,6941.74,
01-12-2025,Sales,982,Customer 22,37465.78,,
01-12-2025,Sales,982,Sales - Local,,37465.78,
01-12-2025,Payment,767,Bank Charges,120.45,,
01-12-2025,Payment,767,HDFC Bank Current A/c,,120.45,
01-12-2025,Sales,983,Customer 20,24962.93,,
01-12-2025,Sales,983,Sales - Local,,24962.93,
01-12-2025,Sales,984,Customer 19,131938.92,,
01-12-2025,Sales,984,Sales - Local,,131938.92,
01-12-2025,Sales,985,Customer 21,25501.77,,
01-12-2025,Sales,985,Sales - Local,,25501.77,
01-12-2025,Purchase,514,Purchases - Local,52475.33,,
01-12-2025,Purchase,514,Supplier 15,,52475.33,
01-12-2025,Payment,768,Supplier 07,17063.59,,
01-12-2025,Payment,768,HDFC Bank Current A/c,,17063.59,
01-12-2025,Sales,986,Customer 19,180557.91,,
01-12-2025,Sales,986,Sales - Local,,180557.91,
01-12-2025,Purchase,515,Purchases - Local,76931.03,,
01-12-2025,Purchase,515,Supplier 05,,76931.03,
01-12-2025,Payment,769,Supplier 09,350439.59,,
01-12-2025,Payment,769,HDFC Bank Current A/c,,350439.59,
01-12-2025,Sales,987,Customer 14,115092.37,,
01-12-2025,Sales,987,Sales - Local,,115092.37,
02-12-2025,Purchase,516,Purchases - Local,6465.14,,
02-12-2025,Purchase,516,Supplier 03,,6465.14,
02-12-2025,Payment,770,Supplier 14,89835.34,,
02-12-2025,Payment,770,HDFC Bank Current A/c,,89835.34,
02-12-2025,Purchase,517,Purchases - Local,61372.87,,
02-12-2025,Purchase,517,Supplier 13,,61372.87,
02-12-2025,Purchase,518,Purchases - Local,11797.76,,
02-12-2025,Purchase,518,Supplier 10,,11797.76,
02-12-2025,Sales,988,Customer 15,189430.09,,
02-12-2025,Sales,988,Sales - Local,,189430.09,
02-12-2025,Payment,771,Conveyance,6702.48,,
02-12-2025,Payment,771,Cash,,6702.48,
02-12-2025,Sales,989,Customer 14,181683.73,,
02-12-2025,Sales,989,Sales - Local,,181683.73,
02-12-2025,Payment,772,Telephone Expenses,5327.66,,
02-12-2025,Payment,772,Cash,,5327.66,
02-12-2025,Purchase,519,Purchases - Local,70026.44,,
02-12-2025,Purchase,519,Supplier 09,,70026.44,
02-12-2025,Sales,990,Cash,22709.80,,
02-12-2025,Sales,990,Sales - Local,,22709.80,
02-12-2025,Sales,991,Cash,6229.09,,
02-12-2025,Sales,991,Sales - Local,,6229.09,
02-12-2025,Receipt,668,HDFC Bank Current A/c,24930.91,,
02-12-2025,Receipt,668,Customer 21,,24930.91,
03-12-2025,Sales,992,Cash,16619.99,,
03-12-2025,Sales,992,Sales - Local,,16619.99,
03-12-2025,Payment,773,Supplier 12,25314.08,,
03-12-2025,Payment,773,HDFC Bank Current A/c,,25314.08,
03-12-2025,Sales,993,Cash,40096.72,,
03-12-2025,Sales,993,Sales - Local,,40096.72,
03-12-2025,Sales,994,Customer 06,92147.51,,
03-12-2025,Sales,994,Sales - Local,,92147.51,
03-12-2025,Sales,995,Cash,30576.77,,
03-12-2025,Sales,995,Sales - Local,,30576.77,
03-12-2025,Sales,996,Cash,14510.67,,
03-12-2025,Sales,996,Sales - Local,,14510.67,
03-12-2025,Payment,774,Supplier 12,5945.89,,
03-12-2025,Payment,774,HDFC Bank Current A/c,,5945.89,
03-12-2025,Sales,997,Customer 04,58162.42,,
03-12-2025,Sales,997,Sales - Local,,58162.42,
03-12-2025,Payment,775,Printing & Stationery,4592.58,,
03-12-2025,Payment,775,Cash,,4592.58,
03-12-2025,Receipt,669,Cash,7674.92,,
03-12-2025,Receipt,669,Customer 06,,7674.92,
03-12-2025,Sales,998,Customer 22,24920.99,,
03-12-2025,Sales,998,Sales - Local,,24920.99,
03-12-2025,Purchase,520,Purchases - Local,23352.04,,
03-12-2025,Purchase,520,Supplier 09,,23352.04,
04-12-2025,Payment,776,Office Expenses,6951.81,,
04-12-2025,Payment,776,Cash,,6951.81,
04-12-2025,Sales,999,Cash,22252.60,,
04-12-2025,Sales,999,Sales - Local,,22252.60,
04-12-2025,Sales,1000,Customer 07,151796.23,,
04-12-2025,Sales,1000,Sales - Local,,151796.23,
04-12-2025,Sales,1001,Customer 11,145710.96,,
04-12-2025,Sales,1001,Sales - Local,,145710.96,
04-12-2025,Sales,1002,Customer 22,193503.83,,
04-12-2025,Sales,1002,Sales - Local,,193503.83,
04-12-2025,Sales,1003,Customer 03,6304.22,,
04-12-2025,Sales,1003,Sales - Local,,6304.22,
04-12-2025,Sales,1004,Customer 19,19639.81,,
04-12-2025,Sales,1004,Sales - Local,,19639.81,
04-12-2025,Receipt,670,Cash,7005.99,,
04-12-2025,Receipt,670,Customer 14,,7005.99,
04-12-2025,Receipt,671,HDFC Bank Current A/c,1010394.88,,
04-12-2025,Receipt,671,Customer 12,,1010394.88,
04-12-2025,Purchase,521,Purchases - Local,98777.74,,
04-12-2025,Purchase,521,Supplier 05,,98777.74,
04-12-2025,Sales,1005,Customer 23,49730.77,,
04-12-2025,Sales,1005,Sales - Local,,49730.77,
05-12-2025,Sales,1006,Customer 02,100763.37,,
05-12-2025,Sales,1006,Sales - Local,,100763.37,
05-12-2025,Receipt,672,HDFC Bank Current A/c,4097.11,,
05-12-2025,Receipt,672,Customer 03,,4097.11,
05-12-2025,Payment,777,Supplier 09,210558.29,,
05-12-2025,Payment,777,HDFC Bank Current A/c,,210558.29,
05-12-2025,Receipt,673,HDFC Bank Current A/c,216336.64,,
05-12-2025,Receipt,673,Customer 16,,216336.64,
05-12-2025,Purchase,522,Purchases - Local,58518.28,,
05-12-2025,Purchase,522,Supplier 12,,58518.28,
05-12-2025,Receipt,674,HDFC Bank Current A/c,51471.50,,
05-12-2025,Receipt,674,Customer 01,,51471.50,
05-12-2025,Sales,1007,Customer 24,83796.47,,
05-12-2025,Sales,1007,Sales - Local,,83796.47,
05-12-2025,Payment,778,Supplier 11,11052.08,,
05-12-2025,Payment,778,HDFC Bank Current A/c,,11052.08,
05-12-2025,Payment,779,Supplier 15,66915.44,,
05-12-2025,Payment,779,HDFC Bank Current A/c,,66915.44,
05-12-2025,Payment,780,Supplier 04,29368.92,,
05-12-2025,Payment,780,HDFC Bank Current A/c,,29368.92,
05-12-2025,Sales,1008,Cash,24635.37,,
05-12-2025,Sales,1008,Sales - Local,,24635.37,
05-12-2025,Sales,1009,Customer 04,36827.75,,
05-12-2025,Sales,1009,Sales - Local,,36827.75,
06-12-2025,Sales,1010,Customer 08,124709.66,,
06-12-2025,Sales,1010,Sales - Local,,124709.66,
06-12-2025,Receipt,675,HDFC Bank Current A/c,178901.66,,
06-12-2025,Receipt,675,Customer 11,,178901.66,
06-12-2025,Sales,1011,Cash,2568.16,,
06-12-2025,Sales,1011,Sales - Local,,2568.16,
06-12-2025,Receipt,676,HDFC Bank Current A/c,354655.19,,
06-12-2025,Receipt,676,Customer 08,,354655.19,
06-12-2025,Purchase,523,Purchases - Local,28058.29,,
06-12-2025,Purchase,523,Supplier 05,,28058.29,
06-12-2025,Payment,781,Staff Welfare,1260.86,,
06-12-2025,Payment,781,Cash,,1260.86,
06-12-2025,Receipt,677,Cash,17902.79,,
06-12-2025,Receipt,677,Customer 09,,17902.79,
06-12-2025,Sales,1012,Cash,9377.12,,
06-12-2025,Sales,1012,Sales - Local,,9377.12,
06-12-2025,Sales,1013,Customer 16,35477.97,,
06-12-2025,Sales,1013,Sales - Local,,35477.97,
06-12-2025,Purchase,524,Purchases - Local,95327.29,,
06-12-2025,Purchase,524,Supplier 15,,95327.29,
06-12-2025,Receipt,678,Cash,15401.19,,
06-12-2025,Receipt,678,Customer 11,,15401.19,
06-12-2025,Sales,1014,Cash,14360.03,,
06-12-2025,Sales,1014,Sales - Local,,14360.03,
07-12-2025,Sales,1015,Customer 02,126314.64,,
07-12-2025,Sales,1015,Sales - Local,,126314.64,
07-12-2025,Payment,782,Supplier 10,67422.49,,
07-12-2025,Payment,782,HDFC Bank Current A/c,,67422.49,
07-12-2025,Receipt,679,Cash,8759.31,,
07-12-2025,Receipt,679,Customer 15,,8759.31,
07-12-2025,Receipt,680,HDFC Bank Current A/c,333106.28,,
07-12-2025,Receipt,680,Customer 23,,333106.28,
07-12-2025,Receipt,681,Cash,10374.80,,
07-12-2025,Receipt,681,Customer 04,,10374.80,
07-12-2025,Payment,783,Supplier 07,33468.31,,
07-12-2025,Payment,783,HDFC Bank Current A/c,,33468.31,
07-12-2025,Receipt,682,Cash,15413.92,,
07-12-2025,Receipt,682,Customer 20,,15413.92,
07-12-2025,Sales,1016,Customer 25,97155.37,,
07-12-2025,Sales,1016,Sales - Local,,97155.37,
07-12-2025,Purchase,525,Purchases - Local,96758.20,,
07-12-2025,Purchase,525,Supplier 07,,96758.20,
07-12-2025,Purchase,526,Purchases - Local,76648.98,,
07-12-2025,Purchase,526,Supplier 14,,76648.98,
07-12-2025,Payment,784,Conveyance,1016.82,,
07-12-2025,Payment,784,Cash,,1016.82,
07-12-2025,Receipt,683,HDFC Bank Current A/c,44219.34,,
07-12-2025,Receipt,683,Customer 13,,44219.34,
08-12-2025,Payment,785,Supplier 08,10508.98,,
08-12-2025,Payment,785,HDFC Bank Current A/c,,10508.98,
08-12-2025,Payment,786,Supplier 02,45345.62,,
08-12-2025,Payment,786,HDFC Bank Current A/c,,45345.62,
08-12-2025,Sales,1017,Cash,46764.19,,
08-12-2025,Sales,1017,Sales - Local,,46764.19,
08-12-2025,Payment,787,Office Expenses,6753.58,,
08-12-2025,Payment,787,Cash,,6753.58,
08-12-2025,Purchase,527,Purchases - Local,47492.68,,
08-12-2025,Purchase,527,Supplier 14,,47492.68,
08-12-2025,Payment,788,Supplier 09,166850.41,,
08-12-2025,Payment,788,HDFC Bank Current A/c,,166850.41,
08-12-2025,Sales,1018,Cash,3973.16,,
08-12-2025,Sales,1018,Sales - Local,,3973.16,
08-12-2025,Sales,1019,Cash,47731.53,,
08-12-2025,Sales,1019,Sales - Local,,47731.53,
08-12-2025,Receipt,684,Cash,14134.88,,
08-12-2025,Receipt,684,Customer 16,,14134.88,
08-12-2025,Receipt,685,Cash,8478.01,,
08-12-2025,Receipt,685,Customer 24,,8478.01,
08-12-2025,Purchase,528,Purchases - Local,25645.32,,
08-12-2025,Purchase,528,Supplier 10,,25645.32,
08-12-2025,Payment,789,Staff Welfare,3300.64,,
08-12-2025,Payment,789,Cash,,3300.64,
09-12-2025,Purchase,529,Purchases - Local,24246.09,,
09-12-2025,Purchase,529,Supplier 01,,24246.09,
09-12-2025,Purchase,530,Purchases - Local,23795.66,,
09-12-2025,Purchase,530,Supplier 02,,23795.66,
09-12-2025,Receipt,686,HDFC Bank Current A/c,133273.30,,
09-12-2025,Receipt,686,Customer 02,,133273.30,
09-12-2025,Payment,790,Supplier 05,260871.97,,
09-12-2025,Payment,790,HDFC Bank Current A/c,,260871.97,
09-12-2025,Payment,791,Conveyance,6512.06,,
09-12-2025,Payment,791,Cash,,6512.06,
09-12-2025,Payment,792,Telephone Expenses,4259.27,,
09-12-2025,Payment,792,Cash,,4259.27,
09-12-2025,Payment,793,Telephone Expenses,3920.15,,
09-12-2025,Payment,793,Cash,,3920.15,
09-12-2025,Sales,1020,Customer 24,101403.55,,
09-12-2025,Sales,1020,Sales - Local,,101403.55,
09-12-2025,Sales,1021,Customer 10,149539.11,,
09-12-2025,Sales,1021,Sales - Local,,149539.11,
09-12-2025,Purchase,531,Purchases - Local,8657.56,,
09-12-2025,Purchase,531,Supplier 08,,8657.56,
09-12-2025,Sales,1022,Cash,9274.64,,
09-12-2025,Sales,1022,Sales - Local,,9274.64,
09-12-2025,Receipt,687,HDFC Bank Current A/c,4149.54,,
09-12-2025,Receipt,687,Interest Received,,4149.54,
10-12-2025,Payment,794,Supplier 08,19256.22,,
10-12-2025,Payment,794,HDFC Bank Current A/c,,19256.22,
10-12-2025,Sales,1023,Cash,8784.51,,
10-12-2025,Sales,1023,Sales - Local,,8784.51,
10-12-2025,Receipt,688,HDFC Bank Current A/c,149463.58,,
10-12-2025,Receipt,688,Customer 24,,149463.58,
10-12-2025,Purchase,532,Purchases - Local,26965.11,,
10-12-2025,Purchase,532,Supplier 05,,26965.11,
10-12-2025,Receipt,689,HDFC Bank Current A/c,13696.86,,
10-12-2025,Receipt,689,Customer 11,,13696.86,
10-12-2025,Receipt,690,HDFC Bank Current A/c,278371.79,,
10-12-2025,Receipt,690,Customer 19,,278371.79,
10-12-2025,Sales,1024,Customer 25,143448.10,,
10-12-2025,Sales,1024,Sales - Local,,143448.10,
10-12-2025,Purchase,533,Purchases - Local,8517.06,,
10-12-2025,Purchase,533,Supplier 13,,8517.06,
10-12-2025,Sales,1025,Cash,37334.44,,
10-12-2025,Sales,1025,Sales - Local,,37334.44,
10-12-2025,Purchase,534,Purchases - Local,67317.33,,
10-12-2025,Purchase,534,Supplier 15,,67317.33,
10-12-2025,Sales,1026,Cash,24039.42,,
10-12-2025,Sales,1026,Sales - Local,,24039.42,
10-12-2025,Payment,795,Supplier 01,106735.15,,
10-12-2025,Payment,795,HDFC Bank Current A/c,,106735.15,
11-12-2025,Receipt,691,Cash,5246.95,,
11-12-2025,Receipt,691,Customer 11,,5246.95,
11-12-2025,Payment,796,Telephone Expenses,3754.40,,
11-12-2025,Payment,796,Cash,,3754.40,
11-12-2025,Receipt,692,HDFC Bank Current A/c,2035.43,,
11-12-2025,Receipt,692,Customer 23,,2035.43,
11-12-2025,Payment,797,Supplier 15,85462.77,,
11-12-2025,Payment,797,HDFC Bank Current A/c,,85462.77,
11-12-2025,Sales,1027,Customer 08,196070.72,,
11-12-2025,Sales,1027,Sales - Local,,196070.72,
11-12-2025,Receipt,693,HDFC Bank Current A/c,6364.84,,
11-12-2025,Receipt,693,Interest Received,,6364.84,
11-12-2025,Purchase,535,Purchases - Local,79207.55,,
11-12-2025,Purchase,535,Supplier 14,,79207.55,
11-12-2025,Payment,798,Supplier 04,13138.14,,
11-12-2025,Payment,798,HDFC Bank Current A/c,,13138.14,
11-12-2025,Sales,1028,Customer 24,139441.01,,
11-12-2025,Sales,1028,Sales - Local,,139441.01,
11-12-2025,Payment,799,Supplier 01,5582.76,,
11-12-2025,Payment,799,HDFC Bank Current A/c,,5582.76,
11-12-2025,Sales,1029,Customer 13,74879.56,,
11-12-2025,Sales,1029,Sales - Local,,74879.56,
11-12-2025,Sales,1030,Cash,23672.00,,
11-12-2025,Sales,1030,Sales - Local,,23672.00,
12-12-2025,Payment,800,Rent,25000.00,,
12-12-2025,Payment,800,HDFC Bank Current A/c,,25000.00,
12-12-2025,Payment,801,Salary,41222.61,,
12-12-2025,Payment,801,HDFC Bank Current A/c,,41222.61,
12-12-2025,Payment,802,Electricity Charges,7578.03,,
12-12-2025,Payment,802,HDFC Bank Current A/c,,7578.03,
12-12-2025,Journal,17,Interest on Unsecured Loans,3000.00,,
12-12-2025,Journal,17,Unsecured Loan - Rajesh Kumar,,2700.00,
12-12-2025,Journal,17,TDS Payable,,300.00,
12-12-2025,Payment,803,TDS Payable,300.00,,
12-12-2025,Payment,803,HDFC Bank Current A/c,,300.00,
12-12-2025,Payment,804,HDFC Bank Term Loan,40000.00,,
12-12-2025,Payment,804,HDFC Bank Current A/c,,40000.00,
12-12-2025,Payment,805,Interest on Term Loan,6225.45,,
12-12-2025,Payment,805,HDFC Bank Current A/c,,6225.45,
12-12-2025,Journal,18,Travelling Expenses,2242.06,,
12-12-2025,Journal,18,HDFC Bank Current A/c,,2242.06,
12-12-2025,Receipt,694,HDFC Bank Current A/c,2262.86,,
12-12-2025,Receipt,694,Customer 23,,2262.86,
12-12-2025,Receipt,695,HDFC Bank Current A/c,48606.54,,
12-12-2025,Receipt,695,Customer 01,,48606.54,
12-12-2025,Payment,806,Office Expenses,3944.48,,
12-12-2025,Payment,806,Cash,,3944.48,
12-12-2025,Payment,807,Supplier 11,2332.40,,
12-12-2025,Payment,807,HDFC Bank Current A/c,,2332.40,
12-12-2025,Payment,808,Supplier 01,1400.21,,
12-12-2025,Payment,808,HDFC Bank Current A/c,,1400.21,
12-12-2025,Payment,809,Office Expenses,6012.68,,
12-12-2025,Payment,809,Cash,,6012.68,
12-12-2025,Receipt,696,HDFC Bank Current A/c,351476.66,,
12-12-2025,Receipt,696,Customer 22,,351476.66,
12-12-2025,Receipt,697,HDFC Bank Current A/c,161200.07,,
12-12-2025,Receipt,697,Customer 10,,161200.07,
12-12-2025,Sales,1031,Customer 24,86370.56,,
12-12-2025,Sales,1031,Sales - Local,,86370.56,
12-12-2025,Sales,1032,Cash,38238.43,,
12-12-2025,Sales,1032,Sales - Local,,38238.43,
12-12-2025,Receipt,698,HDFC Bank Current A/c,62179.28,,
12-12-2025,Receipt,698,Customer 16,,62179.28,
12-12-2025,Sales,1033,Cash,32019.58,,
12-12-2025,Sales,1033,Sales - Local,,32019.58,
13-12-2025,Sales,1034,Customer 15,73165.02,,
13-12-2025,Sales,1034,Sales - Local,,73165.02,
13-12-2025,Sales,1035,Customer 13,85383.29,,
13-12-2025,Sales,1035,Sales - Local,,85383.29,
13-12-2025,Purchase,536,Purchases - Local,79690.75,,
13-12-2025,Purchase,536,Supplier 07,,79690.75,
13-12-2025,Purchase,537,Purchases - Local,55219.61,,
13-12-2025,Purchase,537,Supplier 13,,55219.61,
13-12-2025,Sales,1036,Customer 21,80602.26,,
13-12-2025,Sales,1036,Sales - Local,,80602.26,
13-12-2025,Sales,1037,Cash,14056.69,,
13-12-2025,Sales,1037,Sales - Local,,14056.69,
13-12-2025,Receipt,699,HDFC Bank Current A/c,125387.79,,
13-12-2025,Receipt,699,Customer 17,,125387.79,
13-12-2025,Receipt,700,HDFC Bank Current A/c,33961.04,,
13-12-2025,Receipt,700,Customer 18,,33961.04,
13-12-2025,Payment,810,Bank Charges,158.60,,
13-12-2025,Payment,810,HDFC Bank Current A/c,,158.60,
13-12-2025,Receipt,701,HDFC Bank Current A/c,57866.86,,
13-12-2025,Receipt,701,Customer 24,,57866.86,
13-12-2025,Purchase,538,Purchases - Local,88674.04,,
13-12-2025,Purchase,538,Supplier 01,,88674.04,
14-12-2025,Sales,1038,Customer 17,38007.87,,
14-12-2025,Sales,1038,Sales - Local,,38007.87,
14-12-2025,Sales,1039,Customer 10,197025.19,,
14-12-2025,Sales,1039,Sales - Local,,197025.19,
14-12-2025,Sales,1040,Cash,41473.33,,
14-12-2025,Sales,1040,Sales - Local,,41473.33,
14-12-2025,Purchase,539,Purchases - Local,45316.37,,
14-12-2025,Purchase,539,Supplier 06,,45316.37,
14-12-2025,Purchase,540,Purchases - Local,73312.25,,
14-12-2025,Purchase,540,Supplier 02,,73312.25,
14-12-2025,Sales,1041,Customer 15,66379.99,,
14-12-2025,Sales,1041,Sales - Local,,66379.99,
14-12-2025,Receipt,702,HDFC Bank Current A/c,5597.69,,
14-12-2025,Receipt,702,Customer 03,,5597.69,
14-12-2025,Sales,1042,Customer 19,85894.77,,
14-12-2025,Sales,1042,Sales - Local,,85894.77,
14-12-2025,Purchase,541,Purchases - Local,62566.05,,
14-12-2025,Purchase,541,Supplier 13,,62566.05,
14-12-2025,Payment,811,Supplier 06,244785.62,,
14-12-2025,Payment,811,HDFC Bank Current A/c,,244785.62,
14-12-2025,Sales,1043,Customer 04,186043.38,,
14-12-2025,Sales,1043,Sales - Local,,186043.38,
14-12-2025,Payment,812,Office Expenses,6330.19,,
14-12-2025,Payment,812,Cash,,6330.19,
15-12-2025,Sales,1044,Cash,17955.98,,
15-12-2025,Sales,1044,Sales - Local,,17955.98,
15-12-2025,Payment,813,Staff Welfare,1605.42,,
15-12-2025,Payment,813,Cash,,1605.42,
15-12-2025,Sales,1045,Customer 04,68609.21,,
15-12-2025,Sales,1045,Sales - Local,,68609.21,
15-12-2025,Sales,1046,Cash,25165.74,,
15-12-2025,Sales,1046,Sales - Local,,25165.74,
15-12-2025,Sales,1047,Cash,41284.33,,
15-12-2025,Sales,1047,Sales - Local,,41284.33,
15-12-2025,Payment,814,Supplier 02,40582.72,,
15-12-2025,Payment,814,HDFC Bank Current A/c,,40582.72,
15-12-2025,Purchase,542,Purchases - Local,11193.83,,
15-12-2025,Purchase,542,Supplier 12,,11193.83,
15-12-2025,Purchase,543,Purchases - Local,119402.48,,
15-12-2025,Purchase,543,Supplier 11,,119402.48,
15-12-2025,Receipt,703,HDFC Bank Current A/c,55381.04,,
15-12-2025,Receipt,703,Customer 21,,55381.04,
15-12-2025,Sales,1048,Customer 08,13235.80,,
15-12-2025,Sales,1048,Sales - Local,,13235.80,
15-12-2025,Receipt,704,HDFC Bank Current A/c,57588.64,,
15-12-2025,Receipt,704,Customer 09,,57588.64,
15-12-2025,Purchase,544,Purchases - Local,118060.19,,
15-12-2025,Purchase,544,Supplier 03,,118060.19,
16-12-2025,Sales,1049,Cash,22318.18,,
16-12-2025,Sales,1049,Sales - Local,,22318.18,
16-12-2025,Sales,1050,Customer 14,198262.94,,
16-12-2025,Sales,1050,Sales - Local,,198262.94,
16-12-2025,Purchase,545,Purchases - Local,76525.11,,
16-12-2025,Purchase,545,Supplier 13,,76525.11,
16-12-2025,Purchase,546,Purchases - Local,50509.65,,
16-12-2025,Purchase,546,Supplier 05,,50509.65,
16-12-2025,Payment,815,Supplier 01,44537.43,,
16-12-2025,Payment,815,HDFC Bank Current A/c,,44537.43,
16-12-2025,Receipt,705,HDFC Bank Current A/c,465372.86,,
16-12-2025,Receipt,705,Customer 25,,465372.86,
16-12-2025,Receipt,706,Cash,1103.30,,
16-12-2025,Receipt,706,Customer 11,,1103.30,
16-12-2025,Purchase,547,Purchases - Local,17133.61,,
16-12-2025,Purchase,547,Supplier 15,,17133.61,
16-12-2025,Receipt,707,HDFC Bank Current A/c,9826.69,,
16-12-2025,Receipt,707,Customer 01,,9826.69,
16-12-2025,Sales,1051,Customer 22,187947.57,,
16-12-2025,Sales,1051,Sales - Local,,187947.57,
16-12-2025,Receipt,708,HDFC Bank Current A/c,137982.50,,
16-12-2025,Receipt,708,Customer 07,,137982.50,
16-12-2025,Sales,1052,Customer 07,119898.38,,
16-12-2025,Sales,1052,Sales - Local,,119898.38,
17-12-2025,Purchase,548,Purchases - Local,19631.54,,
17-12-2025,Purchase,548,Supplier 15,,19631.54,
17-12-2025,Payment,816,Telephone Expenses,5654.21,,
17-12-2025,Payment,816,Cash,,5654.21,
17-12-2025,Payment,817,Supplier 04,2898.00,,
17-12-2025,Payment,817,HDFC Bank Current A/c,,2898.00,
17-12-2025,Sales,1053,Customer 22,188935.98,,
17-12-2025,Sales,1053,Sales - Local,,188935.98,
17-12-2025,Payment,818,Office Expenses,7751.46,,
17-12-2025,Payment,818,Cash,,7751.46,
17-12-2025,Purchase,549,Purchases - Local,25756.48,,
17-12-2025,Purchase,549,Supplier 13,,25756.48,
17-12-2025,Receipt,709,Cash,5471.19,,
17-12-2025,Receipt,709,Customer 07,,5471.19,
17-12-2025,Purchase,550,Purchases - Local,32757.73,,
17-12-2025,Purchase,550,Supplier 14,,32757.73,
17-12-2025,Sales,1054,Customer 19,80301.90,,
17-12-2025,Sales,1054,Sales - Local,,80301.90,
17-12-2025,Purchase,551,Purchases - Local,75856.54,,
17-12-2025,Purchase,551,Supplier 15,,75856.54,
17-12-2025,Sales,1055,Customer 19,40675.35,,
17-12-2025,Sales,1055,Sales - Local,,40675.35,
17-12-2025,Sales,1056,Customer 15,160907.97,,
17-12-2025,Sales,1056,Sales - Local,,160907.97,
18-12-2025,Sales,1057,Customer 19,5961.59,,
18-12-2025,Sales,1057,Sales - Local,,5961.59,
18-12-2025,Receipt,710,Cash,16139.51,,
18-12-2025,Receipt,710,Customer 04,,16139.51,
18-12-2025,Sales,1058,Customer 22,175589.69,,
18-12-2025,Sales,1058,Sales - Local,,175589.69,
18-12-2025,Purchase,552,Purchases - Local,85319.40,,
18-12-2025,Purchase,552,Supplier 15,,85319.40,
18-12-2025,Sales,1059,Cash,24410.66,,
18-12-2025,Sales,1059,Sales - Local,,24410.66,
18-12-2025,Purchase,553,Purchases - Local,40145.39,,
18-12-2025,Purchase,553,Supplier 13,,40145.39,
18-12-2025,Payment,819,Staff Welfare,2637.03,,
18-12-2025,Payment,819,Cash,,2637.03,
18-12-2025,Sales,1060,Customer 01,29540.66,,
18-12-2025,Sales,1060,Sales - Local,,29540.66,
18-12-2025,Sales,1061,Customer 24,165537.16,,
18-12-2025,Sales,1061,Sales - Local,,165537.16,
18-12-2025,Payment,820,Supplier 11,63852.33,,
18-12-2025,Payment,820,HDFC Bank Current A/c,,63852.33,
18-12-2025,Sales,1062,Customer 01,73549.41,,
18-12-2025,Sales,1062,Sales - Local,,73549.41,
18-12-2025,Receipt,711,Cash,2740.38,,
18-12-2025,Receipt,711,Customer 14,,2740.38,
19-12-2025,Purchase,554,Purchases - Local,115853.34,,
19-12-2025,Purchase,554,Supplier 02,,115853.34,
19-12-2025,Sales,1063,Customer 16,123142.43,,
19-12-2025,Sales,1063,Sales - Local,,123142.43,
19-12-2025,Receipt,712,HDFC Bank Current A/c,4210.86,,
19-12-2025,Receipt,712,Interest Received,,4210.86,
19-12-2025,Receipt,713,HDFC Bank Current A/c,471785.26,,
19-12-2025,Receipt,713,Customer 14,,471785.26,
19-12-2025,Purchase,555,Purchases - Local,78223.18,,
19-12-2025,Purchase,555,Supplier 05,,78223.18,
19-12-2025,Sales,1064,Cash,2808.26,,
19-12-2025,Sales,1064,Sales - Local,,2808.26,
19-12-2025,Sales,1065,Customer 21,40656.84,,
19-12-2025,Sales,1065,Sales - Local,,40656.84,
19-12-2025,Purchase,556,Purchases - Local,110941.37,,
19-12-2025,Purchase,556,Supplier 15,,110941.37,
19-12-2025,Purchase,557,Purchases - Local,55366.87,,
19-12-2025,Purchase,557,Supplier 09,,55366.87,
19-12-2025,Receipt,714,HDFC Bank Current A/c,1479.52,,
19-12-2025,Receipt,714,Customer 12,,1479.52,
19-12-2025,Payment,821,Supplier 14,24303.52,,
19-12-2025,Payment,821,HDFC Bank Current A/c,,24303.52,
19-12-2025,Purchase,558,Purchases - Local,10218.35,,
19-12-2025,Purchase,558,Supplier 01,,10218.35,
20-12-2025,Sales,1066,Cash,10647.28,,
20-12-2025,Sales,1066,Sales - Local,,10647.28,
20-12-2025,Payment,822,Supplier 09,58131.22,,
20-12-2025,Payment,822,HDFC Bank Current A/c,,58131.22,
20-12-2025,Purchase,559,Purchases - Local,25159.91,,
20-12-2025,Purchase,559,Supplier 11,,25159.91,
20-12-2025,Receipt,715,HDFC Bank Current A/c,88085.92,,
20-12-2025,Receipt,715,Customer 01,,88085.92,
20-12-2025,Sales,1067,Customer 17,154353.85,,
20-12-2025,Sales,1067,Sales - Local,,154353.85,
20-12-2025,Receipt,716,HDFC Bank Current A/c,1181.83,,
20-12-2025,Receipt,716,Customer 15,,1181.83,
20-12-2025,Payment,823,Telephone Expenses,7854.01,,
20-12-2025,Payment,823,Cash,,7854.01,
20-12-2025,Sales,1068,Cash,17538.91,,
20-12-2025,Sales,1068,Sales - Local,,17538.91,
20-12-2025,Purchase,560,Purchases - Local,53274.55,,
20-12-2025,Purchase,560,Supplier 13,,53274.55,
20-12-2025,Receipt,717,HDFC Bank Current A/c,67790.42,,
20-12-2025,Receipt,717,Customer 06,,67790.42,
20-12-2025,Sales,1069,Customer 24,144496.88,,
20-12-2025,Sales,1069,Sales - Local,,144496.88,
20-12-2025,Sales,1070,Cash,16978.77,,
20-12-2025,Sales,1070,Sales - Local,,16978.77,
21-12-2025,Purchase,561,Purchases - Local,43175.71,,
21-12-2025,Purchase,561,Supplier 07,,43175.71,
21-12-2025,Sales,1071,Customer 01,124515.46,,
21-12-2025,Sales,1071,Sales - Local,,124515.46,
21-12-2025,Receipt,718,Cash,14487.10,,
21-12-2025,Receipt,718,Customer 22,,14487.10,
21-12-2025,Purchase,562,Purchases - Local,118257.49,,
21-12-2025,Purchase,562,Supplier 08,,118257.49,
21-12-2025,Sales,1072,Customer 11,181840.62,,
21-12-2025,Sales,1072,Sales - Local,,181840.62,
21-12-2025,Receipt,719,Cash,6483.79,,
21-12-2025,Receipt,719,Customer 19,,6483.79,
21-12-2025,Payment,824,Supplier 08,62635.21,,
21-12-2025,Payment,824,HDFC Bank Current A/c,,62635.21,
21-12-2025,Purchase,563,Purchases - Local,110458.50,,
21-12-2025,Purchase,563,Supplier 06,,110458.50,
21-12-2025,Payment,825,Staff Welfare,6295.37,,
21-12-2025,Payment,825,Cash,,6295.37,
21-12-2025,Receipt,720,Cash,5050.29,,
21-12-2025,Receipt,720,Customer 20,,5050.29,
21-12-2025,Payment,826,Supplier 01,36570.59,,
21-12-2025,Payment,826,HDFC Bank Current A/c,,36570.59,
21-12-2025,Payment,827,Supplier 11,22169.61,,
21-12-2025,Payment,827,HDFC Bank Current A/c,,22169.61,
22-12-2025,Receipt,721,HDFC Bank Current A/c,2073.45,,
22-12-2025,Receipt,721,Interest Received,,2073.45,
22-12-2025,Payment,828,Supplier 03,32857.81,,
22-12-2025,Payment,828,HDFC Bank Current A/c,,32857.81,
22-12-2025,Sales,1073,Customer 02,85138.89,,
22-12-2025,Sales,1073,Sales - Local,,85138.89,
22-12-2025,Purchase,564,Purchases - Local,112587.08,,
22-12-2025,Purchase,564,Supplier 06,,112587.08,
22-12-2025,Receipt,722,HDFC Bank Current A/c,43280.33,,
22-12-2025,Receipt,722,Customer 21,,43280.33,
22-12-2025,Receipt,723,Cash,4776.50,,
22-12-2025,Receipt,723,Customer 25,,4776.50,
22-12-2025,Payment,829,Supplier 01,14057.75,,
22-12-2025,Payment,829,HDFC Bank Current A/c,,14057.75,
22-12-2025,Purchase,565,Purchases - Local,81482.54,,
22-12-2025,Purchase,565,Supplier 04,,81482.54,
22-12-2025,Purchase,566,Purchases - Local,14824.46,,
22-12-2025,Purchase,566,Supplier 13,,14824.46,
22-12-2025,Payment,830,Staff Welfare,2216.32,,
22-12-2025,Payment,830,Cash,,2216.32,
22-12-2025,Payment,831,Telephone Expenses,4889.98,,
22-12-2025,Payment,831,Cash,,4889.98,
23-12-2025,Purchase,567,Purchases - Local,108358.45,,
23-12-2025,Purchase,567,Supplier 06,,108358.45,
23-12-2025,Payment,832,Supplier 04,7342.89,,
23-12-2025,Payment,832,HDFC Bank Current A/c,,7342.89,
23-12-2025,Receipt,724,Cash,1242.81,,
23-12-2025,Receipt,724,Customer 10,,1242.81,
23-12-2025,Sales,1074,Customer 03,10538.18,,
23-12-2025,Sales,1074,Sales - Local,,10538.18,
23-12-2025,Receipt,725,HDFC Bank Current A/c,104194.49,,
23-12-2025,Receipt,725,Customer 13,,104194.49,
23-12-2025,Purchase,568,Purchases - Local,15486.69,,
23-12-2025,Purchase,568,Supplier 14,,15486.69,
23-12-2025,Sales,1075,Cash,12819.55,,
23-12-2025,Sales,1075,Sales - Local,,12819.55,
23-12-2025,Payment,833,Supplier 07,68420.46,,
23-12-2025,Payment,833,HDFC Bank Current A/c,,68420.46,
23-12-2025,Sales,1076,Cash,32717.01,,
23-12-2025,Sales,1076,Sales - Local,,32717.01,
23-12-2025,Payment,834,Bank Charges,46.86,,
23-12-2025,Payment,834,HDFC Bank Current A/c,,46.86,
24-12-2025,Sales,1077,Customer 18,79413.97,,
24-12-2025,Sales,1077,Sales - Local,,79413.97,
24-12-2025,Sales,1078,Customer 03,104171.83,,
24-12-2025,Sales,1078,Sales - Local,,104171.83,
24-12-2025,Sales,1079,Customer 12,44986.04,,
24-12-2025,Sales,1079,Sales - Local,,44986.04,
24-12-2025,Receipt,726,HDFC Bank Current A/c,26276.12,,
24-12-2025,Receipt,726,Customer 02,,26276.12,
24-12-2025,Payment,835,Staff Welfare,4660.12,,
24-12-2025,Payment,835,Cash,,4660.12,
24-12-2025,Purchase,569,Purchases - Local,107374.54,,
24-12-2025,Purchase,569,Supplier 03,,107374.54,
24-12-2025,Sales,1080,Customer 14,199225.52,,
24-12-2025,Sales,1080,Sales - Local,,199225.52,
24-12-2025,Payment,836,Conveyance,7459.33,,
24-12-2025,Payment,836,Cash,,7459.33,
24-12-2025,Receipt,727,HDFC Bank Current A/c,66715.01,,
24-12-2025,Receipt,727,Customer 13,,66715.01,
24-12-2025,Payment,837,Printing & Stationery,3668.26,,
24-12-2025,Payment,837,Cash,,3668.26,
24-12-2025,Sales,1081,Customer 01,141788.79,,
24-12-2025,Sales,1081,Sales - Local,,141788.79,
24-12-2025,Receipt,728,Cash,5504.08,,
24-12-2025,Receipt,728,Customer 22,,5504.08,
25-12-2025,Sales,1082,Cash,37841.73,,
25-12-2025,Sales,1082,Sales - Local,,37841.73,
25-12-2025,Payment,838,Telephone Expenses,8816.30,,
25-12-2025,Payment,838,Cash,,8816.30,
25-12-2025,Receipt,729,Cash,18061.18,,
25-12-2025,Receipt,729,Customer 03,,18061.18,
25-12-2025,Purchase,570,Purchases - Local,111462.91,,
25-12-2025,Purchase,570,Supplier 07,,111462.91,
25-12-2025,Receipt,730,HDFC Bank Current A/c,28332.36,,
25-12-2025,Receipt,730,Customer 14,,28332.36,
25-12-2025,Receipt,731,HDFC Bank Current A/c,35670.34,,
25-12-2025,Receipt,731,Customer 16,,35670.34,
25-12-2025,Sales,1083,Cash,42757.21,,
25-12-2025,Sales,1083,Sales - Local,,42757.21,
25-12-2025,Sales,1084,Customer 04,171804.04,,
25-12-2025,Sales,1084,Sales - Local,,171804.04,
25-12-2025,Sales,1085,Customer 02,115490.71,,
25-12-2025,Sales,1085,Sales - Local,,115490.71,
25-12-2025,Receipt,732,HDFC Bank Current A/c,5829.59,,
25-12-2025,Receipt,732,Customer 17,,5829.59,
25-12-2025,Sales,1086,Customer 08,172236.51,,
25-12-2025,Sales,1086,Sales - Local,,172236.51,
25-12-2025,Payment,839,Supplier 13,102333.13,,
25-12-2025,Payment,839,HDFC Bank Current A/c,,102333.13,
26-12-2025,Sales,1087,Customer 17,198070.77,,
26-12-2025,Sales,1087,Sales - Local,,198070.77,
26-12-2025,Sales,1088,Customer 07,99317.09,,
26-12-2025,Sales,1088,Sales - Local,,99317.09,
26-12-2025,Sales,1089,Customer 23,15174.64,,
26-12-2025,Sales,1089,Sales - Local,,15174.64,
26-12-2025,Purchase,571,Purchases - Local,101666.33,,
26-12-2025,Purchase,571,Supplier 11,,101666.33,
26-12-2025,Sales,1090,Customer 18,33911.08,,
26-12-2025,Sales,1090,Sales - Local,,33911.08,
26-12-2025,Sales,1091,Customer 07,130878.14,,
26-12-2025,Sales,1091,Sales - Local,,130878.14,
26-12-2025,Sales,1092,Customer 08,100709.67,,
26-12-2025,Sales,1092,Sales - Local,,100709.67,
26-12-2025,Purchase,572,Purchases - Local,10075.99,,
26-12-2025,Purchase,572,Supplier 14,,10075.99,
26-12-2025,Sales,1093,Customer 14,151211.93,,
26-12-2025,Sales,1093,Sales - Local,,151211.93,
26-12-2025,Purchase,573,Purchases - Local,60371.07,,
26-12-2025,Purchase,573,Supplier 04,,60371.07,
26-12-2025,Receipt,733,HDFC Bank Current A/c,98571.03,,
26-12-2025,Receipt,733,Customer 17,,98571.03,
27-12-2025,Payment,840,Staff Welfare,5390.28,,
27-12-2025,Payment,840,Cash,,5390.28,
27-12-2025,Payment,841,Bank Charges,499.05,,
27-12-2025,Payment,841,HDFC Bank Current A/c,,499.05,
27-12-2025,Receipt,734,HDFC Bank Current A/c,33012.42,,
27-12-2025,Receipt,734,Customer 06,,33012.42,
27-12-2025,Payment,842,Supplier 09,3358.42,,
27-12-2025,Payment,842,HDFC Bank Current A/c,,3358.42,
27-12-2025,Sales,1094,Customer 19,46888.14,,
27-12-2025,Sales,1094,Sales - Local,,46888.14,
27-12-2025,Receipt,735,HDFC Bank Current A/c,2909.12,,
27-12-2025,Receipt,735,Customer 01,,2909.12,
27-12-2025,Purchase,574,Purchases - Local,20371.80,,
27-12-2025,Purchase,574,Supplier 06,,20371.80,
27-12-2025,Sales,1095,Customer 18,24833.48,,
27-12-2025,Sales,1095,Sales - Local,,24833.48,
27-12-2025,Receipt,736,HDFC Bank Current A/c,313154.05,,
27-12-2025,Receipt,736,Customer 22,,313154.05,
27-12-2025,Payment,843,Printing & Stationery,1910.35,,
27-12-2025,Payment,843,Cash,,1910.35,
27-12-2025,Sales,1096,Customer 25,175833.91,,
27-12-2025,Sales,1096,Sales - Local,,175833.91,
27-12-2025,Purchase,575,Purchases - Local,92168.71,,
27-12-2025,Purchase,575,Supplier 06,,92168.71,
28-12-2025,Sales,1097,Customer 25,132468.55,,
28-12-2025,Sales,1097,Sales - Local,,132468.55,
28-12-2025,Receipt,737,Cash,18241.72,,
28-12-2025,Receipt,737,Customer 16,,18241.72,
28-12-2025,Receipt,738,HDFC Bank Current A/c,97682.90,,
28-12-2025,Receipt,738,Customer 18,,97682.90,
28-12-2025,Sales,1098,Cash,712.06,,
28-12-2025,Sales,1098,Sales - Local,,712.06,
28-12-2025,Sales,1099,Cash,9373.18,,
28-12-2025,Sales,1099,Sales - Local,,9373.18,
28-12-2025,Sales,1100,Customer 07,42256.11,,
28-12-2025,Sales,1100,Sales - Local,,42256.11,
28-12-2025,Receipt,739,Cash,997.89,,
28-12-2025,Receipt,739,Customer 09,,997.89,
28-12-2025,Purchase,576,Purchases - Local,18825.98,,
28-12-2025,Purchase,576,Supplier 06,,18825.98,
28-12-2025,Sales,1101,Customer 21,80245.59,,
28-12-2025,Sales,1101,Sales - Local,,80245.59,
28-12-2025,Sales,1102,Customer 25,21891.18,,
28-12-2025,Sales,1102,Sales - Local,,21891.18,
28-12-2025,Sales,1103,Cash,31471.08,,
28-12-2025,Sales,1103,Sales - Local,,31471.08,
28-12-2025,Sales,1104,Cash,49128.61,,
28-12-2025,Sales,1104,Sales - Local,,49128.61,
29-12-2025,Payment,844,Printing & Stationery,2198.28,,
29-12-2025,Payment,844,Cash,,2198.28,
29-12-2025,Payment,845,Supplier 10,17611.16,,
29-12-2025,Payment,845,HDFC Bank Current A/c,,17611.16,
29-12-2025,Purchase,577,Purchases - Local,83769.20,,
29-12-2025,Purchase,577,Supplier 11,,83769.20,
29-12-2025,Receipt,740,Cash,18200.83,,
29-12-2025,Receipt,740,Customer 21,,18200.83,
29-12-2025,Payment,846,Bank Charges,195.38,,
29-12-2025,Payment,846,HDFC Bank Current A/c,,195.38,
29-12-2025,Sales,1105,Customer 04,134947.60,,
29-12-2025,Sales,1105,Sales - Local,,134947.60,
29-12-2025,Sales,1106,Cash,46001.67,,
29-12-2025,Sales,1106,Sales - Local,,46001.67,
29-12-2025,Payment,847,Conveyance,9063.71,,
29-12-2025,Payment,847,Cash,,9063.71,
29-12-2025,Receipt,741,Cash,4919.32,,
29-12-2025,Receipt,741,Customer 06,,4919.32,
29-12-2025,Purchase,578,Purchases - Local,92226.24,,
29-12-2025,Purchase,578,Supplier 13,,92226.24,
29-12-2025,Purchase,579,Purchases - Local,112719.35,,
29-12-2025,Purchase,579,Supplier 02,,112719.35,
29-12-2025,Sales,1107,Customer 18,188754.11,,
29-12-2025,Sales,1107,Sales - Local,,188754.11,
30-12-2025,Purchase,580,Purchases - Local,100806.32,,
30-12-2025,Purchase,580,Supplier 09,,100806.32,
30-12-2025,Payment,848,Conveyance,6837.80,,
30-12-2025,Payment,848,Cash,,6837.80,
30-12-2025,Payment,849,Supplier 10,17860.99,,
30-12-2025,Payment,849,HDFC Bank Current A/c,,17860.99,
30-12-2025,Receipt,742,HDFC Bank Current A/c,470639.61,,
30-12-2025,Receipt,742,Customer 24,,470639.61,
30-12-2025,Purchase,581,Purchases - Local,14219.61,,
30-12-2025,Purchase,581,Supplier 11,,14219.61,
30-12-2025,Sales,1108,Customer 09,165713.56,,
30-12-2025,Sales,1108,Sales - Local,,165713.56,
30-12-2025,Payment,850,Office Expenses,1275.65,,
30-12-2025,Payment,850,Cash,,1275.65,
30-12-2025,Sales,1109,Cash,26673.48,,
30-12-2025,Sales,1109,Sales - Local,,26673.48,
30-12-2025,Receipt,743,HDFC Bank Current A/c,83537.68,,
30-12-2025,Receipt,743,Customer 03,,83537.68,
30-12-2025,Purchase,582,Purchases - Local,98487.78,,
30-12-2025,Purchase,582,Supplier 15,,98487.78,
30-12-2025,Payment,851,Supplier 07,198575.27,,
30-12-2025,Payment,851,HDFC Bank Current A/c,,198575.27,
30-12-2025,Payment,852,Supplier 14,234683.80,,
30-12-2025,Payment,852,HDFC Bank Current A/c,,234683.80,
31-12-2025,Purchase,583,Purchases - Local,93611.23,,
31-12-2025,Purchase,583,Supplier 08,,93611.23,
31-12-2025,Receipt,744,HDFC Bank Current A/c,259443.97,,
31-12-2025,Receipt,744,Customer 11,,259443.97,
31-12-2025,Receipt,745,HDFC Bank Current A/c,162070.99,,
31-12-2025,Receipt,745,Customer 04,,162070.99,
31-12-2025,Purchase,584,Purchases - Local,100338.36,,
31-12-2025,Purchase,584,Supplier 13,,100338.36,
31-12-2025,Purchase,585,Purchases - Local,100722.93,,
31-12-2025,Purchase,585,Supplier 09,,100722.93,
31-12-2025,Sales,1110,Customer 12,122823.48,,
31-12-2025,Sales,1110,Sales - Local,,122823.48,
31-12-2025,Receipt,746,HDFC Bank Current A/c,43670.78,,
31-12-2025,Receipt,746,Customer 20,,43670.78,
31-12-2025,Payment,853,Telephone Expenses,5793.65,,
31-12-2025,Payment,853,Cash,,5793.65,
31-12-2025,Receipt,747,HDFC Bank Current A/c,412145.54,,
31-12-2025,Receipt,747,Customer 08,,412145.54,
31-12-2025,Sales,1111,Cash,18456.42,,
31-12-2025,Sales,1111,Sales - Local,,18456.42,
31-12-2025,Sales,1112,Customer 09,38525.20,,
31-12-2025,Sales,1112,Sales - Local,,38525.20,
31-12-2025,Sales,1113,Cash,21995.23,,
31-12-2025,Sales,1113,Sales - Local,,21995.23,
01-01-2026,Receipt,748,HDFC Bank Current A/c,314495.58,,
01-01-2026,Receipt,748,Customer 07,,314495.58,
01-01-2026,Receipt,749,HDFC Bank Current A/c,9647.40,,
01-01-2026,Receipt,749,Customer 11,,9647.40,
01-01-2026,Payment,854,Printing & Stationery,1444.30,,
01-01-2026,Payment,854,Cash,,1444.30,
01-01-2026,Purchase,586,Purchases - Local,102929.03,,
01-01-2026,Purchase,586,Supplier 01,,102929.03,
01-01-2026,Purchase,587,Purchases - Local,117056.01,,
01-01-2026,Purchase,587,Supplier 14,,117056.01,
01-01-2026,Receipt,750,HDFC Bank Current A/c,119843.73,,
01-01-2026,Receipt,750,Customer 10,,119843.73,
01-01-2026,Receipt,751,Cash,1827.59,,
01-01-2026,Receipt,751,Customer 10,,1827.59,
01-01-2026,Payment,855,Conveyance,6277.61,,
01-01-2026,Payment,855,Cash,,6277.61,
01-01-2026,Sales,1114,Cash,16791.94,,
01-01-2026,Sales,1114,Sales - Local,,16791.94,
01-01-2026,Purchase,588,Purchases - Local,29312.62,,
01-01-2026,Purchase,588,Supplier 02,,29312.62,
01-01-2026,Receipt,752,Cash,5400.49,,
01-01-2026,Receipt,752,Customer 09,,5400.49,
01-01-2026,Payment,856,Supplier 05,120939.94,,
01-01-2026,Payment,856,HDFC Bank Current A/c,,120939.94,
02-01-2026,Sales,1115,Customer 05,182809.59,,
02-01-2026,Sales,1115,Sales - Local,,182809.59,
02-01-2026,Purchase,589,Purchases - Local,66472.94,,
02-01-2026,Purchase,589,Supplier 14,,66472.94,
02-01-2026,Sales,1116,Customer 14,107770.67,,
02-01-2026,Sales,1116,Sales - Local,,107770.67,
02-01-2026,Sales,1117,Cash,32850.16,,
02-01-2026,Sales,1117,Sales - Local,,32850.16,
02-01-2026,Sales,1118,Customer 22,132265.49,,
02-01-2026,Sales,1118,Sales - Local,,132265.49,
02-01-2026,Receipt,753,HDFC Bank Current A/c,10036.83,,
02-01-2026,Receipt,753,Customer 24,,10036.83,
02-01-2026,Payment,857,Supplier 14,112614.79,,
02-01-2026,Payment,857,HDFC Bank Current A/c,,112614.79,
02-01-2026,Sales,1119,Customer 11,92525.02,,
02-01-2026,Sales,1119,Sales - Local,,92525.02,
02-01-2026,Sales,1120,Customer 03,165101.13,,
02-01-2026,Sales,1120,Sales - Local,,165101.13,
02-01-2026,Receipt,754,HDFC Bank Current A/c,214710.98,,
02-01-2026,Receipt,754,Customer 09,,214710.98,
02-01-2026,Purchase,590,Purchases - Local,39702.39,,
02-01-2026,Purchase,590,Supplier 04,,39702.39,
02-01-2026,Sales,1121,Customer 11,59770.25,,
02-01-2026,Sales,1121,Sales - Local,,59770.25,
03-01-2026,Receipt,755,Cash,600.85,,
03-01-2026,Receipt,755,Customer 08,,600.85,
03-01-2026,Payment,858,Supplier 11,95221.28,,
03-01-2026,Payment,858,HDFC Bank Current A/c,,95221.28,
03-01-2026,Payment,859,Conveyance,216.52,,
03-01-2026,Payment,859,Cash,,216.52,
03-01-2026,Payment,860,Bank Charges,312.01,,
03-01-2026,Payment,860,HDFC Bank Current A/c,,312.01,
03-01-2026,Receipt,756,HDFC Bank Current A/c,54675.58,,
03-01-2026,Receipt,756,Customer 25,,54675.58,
03-01-2026,Sales,1122,Customer 21,68916.43,,
03-01-2026,Sales,1122,Sales - Local,,68916.43,
03-01-2026,Sales,1123,Cash,20910.91,,
03-01-2026,Sales,1123,Sales - Local,,20910.91,
03-01-2026,Sales,1124,Cash,44335.96,,
03-01-2026,Sales,1124,Sales - Local,,44335.96,
03-01-2026,Purchase,591,Purchases - Local,23765.94,,
03-01-2026,Purchase,591,Supplier 02,,23765.94,
03-01-2026,Purchase,592,Purchases - Local,71961.15,,
03-01-2026,Purchase,592,Supplier 09,,71961.15,
03-01-2026,Sales,1125,Customer 09,57332.61,,
03-01-2026,Sales,1125,Sales - Local,,57332.61,
03-01-2026,Purchase,593,Purchases - Local,104815.00,,
03-01-2026,Purchase,593,Supplier 13,,104815.00,
04-01-2026,Sales,1126,Cash,36916.57,,
04-01-2026,Sales,1126,Sales - Local,,36916.57,
04-01-2026,Payment,861,Supplier 07,74190.89,,
04-01-2026,Payment,861,HDFC Bank Current A/c,,74190.89,
04-01-2026,Payment,862,Bank Charges,114.94,,
04-01-2026,Payment,862,HDFC Bank Current A/c,,114.94,
04-01-2026,Payment,863,Bank Charges,478.48,,
04-01-2026,Payment,863,HDFC Bank Current A/c,,478.48,
04-01-2026,Payment,864,Bank Charges,321.32,,
04-01-2026,Payment,864,HDFC Bank Current A/c,,321.32,
04-01-2026,Sales,1127,Customer 21,11622.55,,
04-01-2026,Sales,1127,Sales - Local,,11622.55,
04-01-2026,Sales,1128,Customer 10,46077.87,,
04-01-2026,Sales,1128,Sales - Local,,46077.87,
04-01-2026,Receipt,757,HDFC Bank Current A/c,8983.48,,
04-01-2026,Receipt,757,Interest Received,,8983.48,
04-01-2026,Receipt,758,HDFC Bank Current A/c,5973.78,,
04-01-2026,Receipt,758,Customer 23,,5973.78,
04-01-2026,Sales,1129,Cash,14774.55,,
04-01-2026,Sales,1129,Sales - Local,,14774.55,
04-01-2026,Sales,1130,Customer 17,19910.40,,
04-01-2026,Sales,1130,Sales - Local,,19910.40,
05-01-2026,Payment,865,Supplier 14,44385.74,,
05-01-2026,Payment,865,HDFC Bank Current A/c,,44385.74,
05-01-2026,Purchase,594,Purchases - Local,116383.11,,
05-01-2026,Purchase,594,Supplier 05,,116383.11,
05-01-2026,Sales,1131,Customer 17,106553.62,,
05-01-2026,Sales,1131,Sales - Local,,106553.62,
05-01-2026,Receipt,759,HDFC Bank Current A/c,111679.68,,
05-01-2026,Receipt,759,Customer 21,,111679.68,
05-01-2026,Receipt,760,HDFC Bank Current A/c,115917.47,,
05-01-2026,Receipt,760,Customer 01,,115917.47,
05-01-2026,Receipt,761,HDFC Bank Current A/c,204255.54,,
05-01-2026,Receipt,761,Customer 20,,204255.54,
05-01-2026,Payment,866,Supplier 01,81574.73,,
05-01-2026,Payment,866,HDFC Bank Current A/c,,81574.73,
05-01-2026,Sales,1132,Customer 24,152855.03,,
05-01-2026,Sales,1132,Sales - Local,,152855.03,
05-01-2026,Payment,867,Supplier 12,16785.24,,
05-01-2026,Payment,867,HDFC Bank Current A/c,,16785.24,
05-01-2026,Receipt,762,Cash,10956.60,,
05-01-2026,Receipt,762,Customer 16,,10956.60,
05-01-2026,Payment,868,Staff Welfare,9194.64,,
05-01-2026,Payment,868,Cash,,9194.64,
06-01-2026,Payment,869,Supplier 09,19309.47,,
06-01-2026,Payment,869,HDFC Bank Current A/c,,19309.47,
06-01-2026,Receipt,763,HDFC Bank Current A/c,81841.93,,
06-01-2026,Receipt,763,Customer 07,,81841.93,
06-01-2026,Purchase,595,Purchases - Local,110472.57,,
06-01-2026,Purchase,595,Supplier 15,,110472.57,
06-01-2026,Purchase,596,Purchases - Local,117131.13,,
06-01-2026,Purchase,596,Supplier 05,,117131.13,
06-01-2026,Receipt,764,HDFC Bank Current A/c,127355.45,,
06-01-2026,Receipt,764,Customer 01,,127355.45,
06-01-2026,Receipt,765,HDFC Bank Current A/c,425691.66,,
06-01-2026,Receipt,765,Customer 15,,425691.66,
06-01-2026,Sales,1133,Customer 25,170389.24,,
06-01-2026,Sales,1133,Sales - Local,,170389.24,
06-01-2026,Sales,1134,Customer 24,120602.06,,
06-01-2026,Sales,1134,Sales - Local,,120602.06,
06-01-2026,Sales,1135,Customer 12,89032.00,,
06-01-2026,Sales,1135,Sales - Local,,89032.00,
06-01-2026,Payment,870,Telephone Expenses,7810.16,,
06-01-2026,Payment,870,Cash,,7810.16,
06-01-2026,Payment,871,Office Expenses,2662.74,,
06-01-2026,Payment,871,Cash,,2662.74,
06-01-2026,Receipt,766,HDFC Bank Current A/c,48023.78,,
06-01-2026,Receipt,766,Customer 09,,48023.78,
07-01-2026,Payment,872,Supplier 10,10913.61,,
07-01-2026,Payment,872,HDFC Bank Current A/c,,10913.61,
07-01-2026,Payment,873,Telephone Expenses,8296.31,,
07-01-2026,Payment,873,Cash,,8296.31,
07-01-2026,Receipt,767,HDFC Bank Current A/c,50031.89,,
07-01-2026,Receipt,767,Customer 08,,50031.89,
07-01-2026,Sales,1136,Customer 15,116955.37,,
07-01-2026,Sales,1136,Sales - Local,,116955.37,
07-01-2026,Purchase,597,Purchases - Local,46566.57,,
07-01-2026,Purchase,597,Supplier 07,,46566.57,
07-01-2026,Receipt,768,HDFC Bank Current A/c,160480.77,,
07-01-2026,Receipt,768,Customer 15,,160480.77,
07-01-2026,Purchase,598,Purchases - Local,76990.76,,
07-01-2026,Purchase,598,Supplier 07,,76990.76,
07-01-2026,Purchase,599,Purchases - Local,26561.78,,
07-01-2026,Purchase,599,Supplier 02,,26561.78,
07-01-2026,Purchase,600,Purchases - Local,67307.41,,
07-01-2026,Purchase,600,Supplier 03,,67307.41,
07-01-2026,Payment,874,Office Expenses,1087.09,,
07-01-2026,Payment,874,Cash,,1087.09,
07-01-2026,Sales,1137,Customer 22,78093.57,,
07-01-2026,Sales,1137,Sales - Local,,78093.57,
07-01-2026,Receipt,769,HDFC Bank Current A/c,61413.61,,
07-01-2026,Receipt,769,Customer 03,,61413.61,
08-01-2026,Receipt,770,HDFC Bank Current A/c,403738.76,,
08-01-2026,Receipt,770,Customer 19,,403738.76,
08-01-2026,Purchase,601,Purchases - Local,10461.83,,
08-01-2026,Purchase,601,Supplier 09,,10461.83,
08-01-2026,Sales,1138,Customer 25,90227.57,,
08-01-2026,Sales,1138,Sales - Local,,90227.57,
08-01-2026,Purchase,602,Purchases - Local,119810.45,,
08-01-2026,Purchase,602,Supplier 12,,119810.45,
08-01-2026,Payment,875,Printing & Stationery,4190.14,,
08-01-2026,Payment,875,Cash,,4190.14,
08-01-2026,Payment,876,Supplier 04,99288.22,,
08-01-2026,Payment,876,HDFC Bank Current A/c,,99288.22,
08-01-2026,Payment,877,Office Expenses,465.41,,
08-01-2026,Payment,877,Cash,,465.41,
08-01-2026,Sales,1139,Cash,13574.54,,
08-01-2026,Sales,1139,Sales - Local,,13574.54,
08-01-2026,Payment,878,Supplier 15,219502.17,,
08-01-2026,Payment,878,HDFC Bank Current A/c,,219502.17,
08-01-2026,Sales,1140,Cash,42441.55,,
08-01-2026,Sales,1140,Sales - Local,,42441.55,
08-01-2026,Receipt,771,HDFC Bank Current A/c,10622.27,,
08-01-2026,Receipt,771,Customer 09,,10622.27,
08-01-2026,Sales,1141,Cash,14816.94,,
08-01-2026,Sales,1141,Sales - Local,,14816.94,
09-01-2026,Sales,1142,Customer 10,68915.76,,
09-01-2026,Sales,1142,Sales - Local,,68915.76,
09-01-2026,Sales,1143,Cash,36557.03,,
09-01-2026,Sales,1143,Sales - Local,,36557.03,
09-01-2026,Purchase,603,Purchases - Local,41615.87,,
09-01-2026,Purchase,603,Supplier 05,,41615.87,
09-01-2026,Receipt,772,HDFC Bank Current A/c,61463.55,,
09-01-2026,Receipt,772,Customer 16,,61463.55,
09-01-2026,Payment,879,Supplier 12,183851.68,,
09-01-2026,Payment,879,HDFC Bank Current A/c,,183851.68,
09-01-2026,Receipt,773,HDFC Bank Current A/c,82105.57,,
09-01-2026,Receipt,773,Customer 02,,82105.57,
09-01-2026,Receipt,774,HDFC Bank Current A/c,3519.38,,
09-01-2026,Receipt,774,Interest Received,,3519.38,
09-01-2026,Payment,880,Office Expenses,3233.04,,
09-01-2026,Payment,880,Cash,,3233.04,
09-01-2026,Sales,1144,Customer 08,65610.81,,
09-01-2026,Sales,1144,Sales - Local,,65610.81,
09-01-2026,Receipt,775,HDFC Bank Current A/c,86352.20,,
09-01-2026,Receipt,775,Customer 08,,86352.20,
09-01-2026,Sales,1145,Cash,26011.37,,
09-01-2026,Sales,1145,Sales - Local,,26011.37,
09-01-2026,Payment,881,Staff Welfare,8865.82,,
09-01-2026,Payment,881,Cash,,8865.82,
10-01-2026,Sales,1146,Customer 01,38886.41,,
10-01-2026,Sales,1146,Sales - Local,,38886.41,
10-01-2026,Payment,882,Supplier 10,12846.60,,
10-01-2026,Payment,882,HDFC Bank Current A/c,,12846.60,
10-01-2026,Receipt,776,HDFC Bank Current A/c,67787.50,,
10-01-2026,Receipt,776,Customer 01,,67787.50,
10-01-2026,Payment,883,Staff Welfare,5407.22,,
10-01-2026,Payment,883,Cash,,5407.22,
10-01-2026,Purchase,604,Purchases - Local,96126.54,,
10-01-2026,Purchase,604,Supplier 09,,96126.54,
10-01-2026,Sales,1147,Customer 14,170068.56,,
10-01-2026,Sales,1147,Sales - Local,,170068.56,
10-01-2026,Payment,884,Supplier 11,50094.91,,
10-01-2026,Payment,884,HDFC Bank Current A/c,,50094.91,
10-01-2026,Purchase,605,Purchases - Local,84693.25,,
10-01-2026,Purchase,605,Supplier 13,,84693.25,
10-01-2026,Sales,1148,Cash,2449.97,,
10-01-2026,Sales,1148,Sales - Local,,2449.97,
10-01-2026,Payment,885,Office Expenses,4636.98,,
10-01-2026,Payment,885,Cash,,4636.98,
10-01-2026,Receipt,777,HDFC Bank Current A/c,3584.24,,
10-01-2026,Receipt,777,Customer 13,,3584.24,
11-01-2026,Payment,886,Rent,25000.00,,
11-01-2026,Payment,886,HDFC Bank Current A/c,,25000.00,
11-01-2026,Payment,887,Salary,42245.80,,
11-01-2026,Payment,887,HDFC Bank Current A/c,,42245.80,
11-01-2026,Payment,888,Electricity Charges,6315.96,,
11-01-2026,Payment,888,HDFC Bank Current A/c,,6315.96,
11-01-2026,Journal,19,Interest on Unsecured Loans,3000.00,,
11-01-2026,Journal,19,Unsecured Loan - Rajesh Kumar,,2700.00,
11-01-2026,Journal,19,TDS Payable,,300.00,
11-01-2026,Payment,889,TDS Payable,300.00,,
11-01-2026,Payment,889,HDFC Bank Current A/c,,300.00,
11-01-2026,Payment,890,HDFC Bank Term Loan,40000.00,,
11-01-2026,Payment,890,HDFC Bank Current A/c,,40000.00,
11-01-2026,Payment,891,Interest on Term Loan,6754.98,,
11-01-2026,Payment,891,HDFC Bank Current A/c,,6754.98,
11-01-2026,Journal,20,Travelling Expenses,2554.37,,
11-01-2026,Journal,20,HDFC Bank Current A/c,,2554.37,
11-01-2026,Receipt,778,HDFC Bank Current A/c,221572.28,,
11-01-2026,Receipt,778,Customer 25,,221572.28,
11-01-2026,Sales,1149,Customer 01,55269.00,,
11-01-2026,Sales,1149,Sales - Local,,55269.00,
11-01-2026,Sales,1150,Cash,9134.31,,
11-01-2026,Sales,1150,Sales - Local,,9134.31,
11-01-2026,Payment,892,Conveyance,2343.39,,
11-01-2026,Payment,892,Cash,,2343.39,
11-01-2026,Receipt,779,HDFC Bank Current A/c,88639.69,,
11-01-2026,Receipt,779,Customer 14,,88639.69,
11-01-2026,Sales,1151,Customer 03,57420.32,,
11-01-2026,Sales,1151,Sales - Local,,57420.32,
11-01-2026,Payment,893,Supplier 02,25668.01,,
11-01-2026,Payment,893,HDFC Bank Current A/c,,25668.01,
11-01-2026,Receipt,780,Cash,6521.16,,
11-01-2026,Receipt,780,Customer 06,,6521.16,
11-01-2026,Receipt,781,HDFC Bank Current A/c,107380.49,,
11-01-2026,Receipt,781,Customer 19,,107380.49,
11-01-2026,Purchase,606,Purchases - Local,93992.62,,
11-01-2026,Purchase,606,Supplier 06,,93992.62,
11-01-2026,Purchase,607,Purchases - Local,99877.66,,
11-01-2026,Purchase,607,Supplier 02,,99877.66,
11-01-2026,Receipt,782,HDFC Bank Current A/c,142430.55,,
11-01-2026,Receipt,782,Customer 06,,142430.55,
12-01-2026,Payment,894,Supplier 03,314342.19,,
12-01-2026,Payment,894,HDFC Bank Current A/c,,314342.19,
12-01-2026,Payment,895,Supplier 12,1032.91,,
12-01-2026,Payment,895,HDFC Bank Current A/c,,1032.91,
12-01-2026,Sales,1152,Cash,3837.91,,
12-01-2026,Sales,1152,Sales - Local,,3837.91,
12-01-2026,Receipt,783,HDFC Bank Current A/c,508639.59,,
12-01-2026,Receipt,783,Customer 17,,508639.59,
12-01-2026,Purchase,608,Purchases - Local,94613.06,,
12-01-2026,Purchase,608,Supplier 12,,94613.06,
12-01-2026,Purchase,609,Purchases - Local,93719.18,,
12-01-2026,Purchase,609,Supplier 07,,93719.18,
12-01-2026,Sales,1153,Customer 20,182935.64,,
12-01-2026,Sales,1153,Sales - Local,,182935.64,
12-01-2026,Receipt,784,HDFC Bank Current A/c,4912.14,,
12-01-2026,Receipt,784,Customer 21,,4912.14,
12-01-2026,Sales,1154,Cash,44546.93,,
12-01-2026,Sales,1154,Sales - Local,,44546.93,
12-01-2026,Receipt,785,Cash,10752.21,,
12-01-2026,Receipt,785,Customer 03,,10752.21,
12-01-2026,Receipt,786,HDFC Bank Current A/c,27974.03,,
12-01-2026,Receipt,786,Customer 01,,27974.03,
12-01-2026,Payment,896,Supplier 11,39067.36,,
12-01-2026,Payment,896,HDFC Bank Current A/c,,39067.36,
13-01-2026,Purchase,610,Purchases - Local,32315.18,,
13-01-2026,Purchase,610,Supplier 14,,32315.18,
13-01-2026,Purchase,611,Purchases - Local,66531.72,,
13-01-2026,Purchase,611,Supplier 07,,66531.72,
13-01-2026,Receipt,787,HDFC Bank Current A/c,131471.25,,
13-01-2026,Receipt,787,Customer 10,,131471.25,
13-01-2026,Receipt,788,HDFC Bank Current A/c,67717.28,,
13-01-2026,Receipt,788,Customer 17,,67717.28,
13-01-2026,Payment,897,Supplier 06,522725.96,,
13-01-2026,Payment,897,HDFC Bank Current A/c,,522725.96,
13-01-2026,Purchase,612,Purchases - Local,28215.14,,
13-01-2026,Purchase,612,Supplier 09,,28215.14,
13-01-2026,Payment,898,Conveyance,8356.88,,
13-01-2026,Payment,898,Cash,,8356.88,
13-01-2026,Sales,1155,Cash,15060.93,,
13-01-2026,Sales,1155,Sales - Local,,15060.93,
13-01-2026,Payment,899,Supplier 15,19926.54,,
13-01-2026,Payment,899,HDFC Bank Current A/c,,19926.54,
13-01-2026,Payment,900,Printing & Stationery,6457.11,,
13-01-2026,Payment,900,Cash,,6457.11,
13-01-2026,Payment,901,Telephone Expenses,7641.36,,
13-01-2026,Payment,901,Cash,,7641.36,
13-01-2026,Payment,902,Supplier 12,36640.93,,
13-01-2026,Payment,902,HDFC Bank Current A/c,,36640.93,
14-01-2026,Payment,903,Bank Charges,163.21,,
14-01-2026,Payment,903,HDFC Bank Current A/c,,163.21,
14-01-2026,Sales,1156,Cash,42893.95,,
14-01-2026,Sales,1156,Sales - Local,,42893.95,
14-01-2026,Purchase,613,Purchases - Local,72352.42,,
14-01-2026,Purchase,613,Supplier 09,,72352.42,
14-01-2026,Sales,1157,Cash,39552.38,,
14-01-2026,Sales,1157,Sales - Local,,39552.38,
14-01-2026,Receipt,789,HDFC Bank Current A/c,33305.72,,
14-01-2026,Receipt,789,Customer 21,,33305.72,
14-01-2026,Purchase,614,Purchases - Local,28050.59,,
14-01-2026,Purchase,614,Supplier 14,,28050.59,
14-01-2026,Receipt,790,HDFC Bank Current A/c,95929.26,,
14-01-2026,Receipt,790,Customer 03,,95929.26,
14-01-2026,Sales,1158,Customer 13,28461.18,,
14-01-2026,Sales,1158,Sales - Local,,28461.18,
14-01-2026,Receipt,791,HDFC Bank Current A/c,6573.07,,
14-01-2026,Receipt,791,Customer 17,,6573.07,
14-01-2026,Purchase,615,Purchases - Local,13686.67,,
14-01-2026,Purchase,615,Supplier 01,,13686.67,
14-01-2026,Payment,904,Supplier 05,472656.20,,
14-01-2026,Payment,904,HDFC Bank Current A/c,,472656.20,
14-01-2026,Sales,1159,Customer 23,18201.21,,
14-01-2026,Sales,1159,Sales - Local,,18201.21,
15-01-2026,Sales,1160,Cash,20181.11,,
15-01-2026,Sales,1160,Sales - Local,,20181.11,
15-01-2026,Receipt,792,Cash,18199.12,,
15-01-2026,Receipt,792,Customer 09,,18199.12,
15-01-2026,Purchase,616,Purchases - Local,59000.00,,
15-01-2026,Purchase,616,Supplier 13,,59000.00,
15-01-2026,Sales,1161,Cash,37268.55,,
15-01-2026,Sales,1161,Sales - Local,,37268.55,
15-01-2026,Payment,905,Supplier 03,47813.70,,
15-01-2026,Payment,905,HDFC Bank Current A/c,,47813.70,
15-01-2026,Payment,906,Bank Charges,428.74,,
15-01-2026,Payment,906,HDFC Bank Current A/c,,428.74,
15-01-2026,Sales,1162,Cash,24239.23,,
15-01-2026,Sales,1162,Sales - Local,,24239.23,
15-01-2026,Payment,907,Office Expenses,8650.31,,
15-01-2026,Payment,907,Cash,,8650.31,
15-01-2026,Payment,908,Office Expenses,4703.77,,
15-01-2026,Payment,908,Cash,,4703.77,
15-01-2026,Receipt,793,HDFC Bank Current A/c,48368.18,,
15-01-2026,Receipt,793,Customer 13,,48368.18,
15-01-2026,Sales,1163,Customer 25,145795.57,,
15-01-2026,Sales,1163,Sales - Local,,145795.57,
15-01-2026,Sales,1164,Cash,23397.51,,
15-01-2026,Sales,1164,Sales - Local,,23397.51,
16-01-2026,Receipt,794,HDFC Bank Current A/c,79117.76,,
16-01-2026,Receipt,794,Customer 22,,79117.76,
16-01-2026,Receipt,795,Cash,13135.99,,
16-01-2026,Receipt,795,Customer 04,,13135.99,
16-01-2026,Receipt,796,Cash,18841.96,,
16-01-2026,Receipt,796,Customer 03,,18841.96,
16-01-2026,Receipt,797,HDFC Bank Current A/c,249949.44,,
16-01-2026,Receipt,797,Customer 14,,249949.44,
16-01-2026,Receipt,798,HDFC Bank Current A/c,11967.16,,
16-01-2026,Receipt,798,Customer 08,,11967.16,
16-01-2026,Sales,1165,Customer 10,13506.25,,
16-01-2026,Sales,1165,Sales - Local,,13506.25,
16-01-2026,Payment,909,Printing & Stationery,531.78,,
16-01-2026,Payment,909,Cash,,531.78,
16-01-2026,Payment,910,Supplier 11,28490.88,,
16-01-2026,Payment,910,HDFC Bank Current A/c,,28490.88,
16-01-2026,Receipt,799,Cash,8101.55,,
16-01-2026,Receipt,799,Customer 23,,8101.55,
16-01-2026,Receipt,800,HDFC Bank Current A/c,229918.13,,
16-01-2026,Receipt,800,Customer 15,,229918.13,
16-01-2026,Receipt,801,Cash,2011.08,,
16-01-2026,Receipt,801,Customer 16,,2011.08,
16-01-2026,Receipt,802,HDFC Bank Current A/c,318776.33,,
16-01-2026,Receipt,802,Customer 05,,318776.33,
17-01-2026,Receipt,803,HDFC Bank Current A/c,77873.02,,
17-01-2026,Receipt,803,Customer 04,,77873.02,
17-01-2026,Sales,1166,Customer 21,104333.64,,
17-01-2026,Sales,1166,Sales - Local,,104333.64,
17-01-2026,Payment,911,Office Expenses,4398.49,,
17-01-2026,Payment,911,Cash,,4398.49,
17-01-2026,Receipt,804,Cash,2987.26,,
17-01-2026,Receipt,804,Customer 12,,2987.26,
17-01-2026,Payment,912,Supplier 14,94974.61,,
17-01-2026,Payment,912,HDFC Bank Current A/c,,94974.61,
17-01-2026,Receipt,805,HDFC Bank Current A/c,73288.14,,
17-01-2026,Receipt,805,Customer 16,,73288.14,
17-01-2026,Purchase,617,Purchases - Local,114426.67,,
17-01-2026,Purchase,617,Supplier 07,,114426.67,
17-01-2026,Payment,913,Conveyance,8783.10,,
17-01-2026,Payment,913,Cash,,8783.10,
17-01-2026,Sales,1167,Customer 23,45222.67,,
17-01-2026,Sales,1167,Sales - Local,,45222.67,
17-01-2026,Sales,1168,Customer 10,111302.88,,
17-01-2026,Sales,1168,Sales - Local,,111302.88,
17-01-2026,Purchase,618,Purchases - Local,61379.73,,
17-01-2026,Purchase,618,Supplier 03,,61379.73,
17-01-2026,Receipt,806,HDFC Bank Current A/c,5568.64,,
17-01-2026,Receipt,806,Customer 09,,5568.64,
18-01-2026,Sales,1169,Customer 15,37627.46,,
18-01-2026,Sales,1169,Sales - Local,,37627.46,
18-01-2026,Purchase,619,Purchases - Local,5939.86,,
18-01-2026,Purchase,619,Supplier 01,,5939.86,
18-01-2026,Receipt,807,HDFC Bank Current A/c,123684.28,,
18-01-2026,Receipt,807,Customer 11,,123684.28,
18-01-2026,Payment,914,Conveyance,5974.18,,
18-01-2026,Payment,914,Cash,,5974.18,
18-01-2026,Receipt,808,HDFC Bank Current A/c,4454.32,,
18-01-2026,Receipt,808,Customer 13,,4454.32,
18-01-2026,Receipt,809,HDFC Bank Current A/c,216848.20,,
18-01-2026,Receipt,809,Customer 10,,216848.20,
18-01-2026,Receipt,810,Cash,7826.13,,
18-01-2026,Receipt,810,Customer 06,,7826.13,
18-01-2026,Receipt,811,HDFC Bank Current A/c,224727.63,,
18-01-2026,Receipt,811,Customer 25,,224727.63,
18-01-2026,Payment,915,Supplier 09,432595.03,,
18-01-2026,Payment,915,HDFC Bank Current A/c,,432595.03,
18-01-2026,Purchase,620,Purchases - Local,23890.02,,
18-01-2026,Purchase,620,Supplier 10,,23890.02,
18-01-2026,Sales,1170,Customer 14,37616.49,,
18-01-2026,Sales,1170,Sales - Local,,37616.49,
18-01-2026,Payment,916,Supplier 01,46764.29,,
18-01-2026,Payment,916,HDFC Bank Current A/c,,46764.29,
19-01-2026,Sales,1171,Cash,19694.41,,
19-01-2026,Sales,1171,Sales - Local,,19694.41,
19-01-2026,Receipt,812,Cash,16308.07,,
19-01-2026,Receipt,812,Customer 25,,16308.07,
19-01-2026,Receipt,813,Cash,11426.24,,
19-01-2026,Receipt,813,Customer 16,,11426.24,
19-01-2026,Purchase,621,Purchases - Local,62990.83,,
19-01-2026,Purchase,621,Supplier 08,,62990.83,
19-01-2026,Receipt,814,HDFC Bank Current A/c,6159.64,,
19-01-2026,Receipt,814,Interest Received,,6159.64,
19-01-2026,Receipt,815,HDFC Bank Current A/c,228125.51,,
19-01-2026,Receipt,815,Customer 18,,228125.51,
19-01-2026,Sales,1172,Customer 05,95106.75,,
19-01-2026,Sales,1172,Sales - Local,,95106.75,
19-01-2026,Sales,1173,Cash,44777.24,,
19-01-2026,Sales,1173,Sales - Local,,44777.24,
19-01-2026,Receipt,816,HDFC Bank Current A/c,1632.84,,
19-01-2026,Receipt,816,Customer 10,,1632.84,
19-01-2026,Payment,917,Office Expenses,3143.90,,
19-01-2026,Payment,917,Cash,,3143.90,
19-01-2026,Purchase,622,Purchases - Local,12574.93,,
19-01-2026,Purchase,622,Supplier 12,,12574.93,
19-01-2026,Sales,1174,Cash,16678.63,,
19-01-2026,Sales,1174,Sales - Local,,16678.63,
20-01-2026,Receipt,817,HDFC Bank Current A/c,26102.66,,
20-01-2026,Receipt,817,Customer 22,,26102.66,
20-01-2026,Receipt,818,HDFC Bank Current A/c,261736.73,,
20-01-2026,Receipt,818,Customer 02,,261736.73,
20-01-2026,Purchase,623,Purchases - Local,108308.40,,
20-01-2026,Purchase,623,Supplier 15,,108308.40,
20-01-2026,Purchase,624,Purchases - Local,88160.16,,
20-01-2026,Purchase,624,Supplier 01,,88160.16,
20-01-2026,Sales,1175,Customer 10,115616.58,,
20-01-2026,Sales,1175,Sales - Local,,115616.58,
20-01-2026,Sales,1176,Cash,49283.70,,
20-01-2026,Sales,1176,Sales - Local,,49283.70,
20-01-2026,Receipt,819,HDFC Bank Current A/c,6233.46,,
20-01-2026,Receipt,819,Customer 20,,6233.46,
20-01-2026,Receipt,820,HDFC Bank Current A/c,102626.66,,
20-01-2026,Receipt,820,Customer 24,,102626.66,
20-01-2026,Sales,1177,Customer 24,93197.17,,
20-01-2026,Sales,1177,Sales - Local,,93197.17,
20-01-2026,Receipt,821,HDFC Bank Current A/c,93444.45,,
20-01-2026,Receipt,821,Customer 25,,93444.45,
20-01-2026,Receipt,822,HDFC Bank Current A/c,219844.95,,
20-01-2026,Receipt,822,Customer 24,,219844.95,
20-01-2026,Sales,1178,Cash,17047.52,,
20-01-2026,Sales,1178,Sales - Local,,17047.52,
21-01-2026,Sales,1179,Cash,37616.04,,
21-01-2026,Sales,1179,Sales - Local,,37616.04,
21-01-2026,Sales,1180,Customer 08,132518.44,,
21-01-2026,Sales,1180,Sales - Local,,132518.44,
21-01-2026,Purchase,625,Purchases - Local,50913.43,,
21-01-2026,Purchase,625,Supplier 13,,50913.43,
21-01-2026,Receipt,823,HDFC Bank Current A/c,9188.27,,
21-01-2026,Receipt,823,Customer 02,,9188.27,
21-01-2026,Sales,1181,Customer 06,116520.61,,
21-01-2026,Sales,1181,Sales - Local,,116520.61,
21-01-2026,Sales,1182,Cash,19684.58,,
21-01-2026,Sales,1182,Sales - Local,,19684.58,
21-01-2026,Payment,918,Supplier 02,135711.23,,
21-01-2026,Payment,918,HDFC Bank Current A/c,,135711.23,
21-01-2026,Receipt,824,HDFC Bank Current A/c,109027.79,,
21-01-2026,Receipt,824,Customer 21,,109027.79,
21-01-2026,Payment,919,Staff Welfare,2902.49,,
21-01-2026,Payment,919,Cash,,2902.49,
21-01-2026,Purchase,626,Purchases - Local,76748.25,,
21-01-2026,Purchase,626,Supplier 03,,76748.25,
21-01-2026,Payment,920,Supplier 03,35941.56,,
21-01-2026,Payment,920,HDFC Bank Current A/c,,35941.56,
21-01-2026,Purchase,627,Purchases - Local,7995.87,,
21-01-2026,Purchase,627,Supplier 13,,7995.87,
22-01-2026,Sales,1183,Cash,48274.27,,
22-01-2026,Sales,1183,Sales - Local,,48274.27,
22-01-2026,Payment,921,Printing & Stationery,4299.50,,
22-01-2026,Payment,921,Cash,,4299.50,
22-01-2026,Sales,1184,Cash,11257.13,,
22-01-2026,Sales,1184,Sales - Local,,11257.13,
22-01-2026,Sales,1185,Customer 05,198445.95,,
22-01-2026,Sales,1185,Sales - Local,,198445.95,
22-01-2026,Purchase,628,Purchases - Local,77899.40,,
22-01-2026,Purchase,628,Supplier 06,,77899.40,
22-01-2026,Sales,1186,Customer 20,107631.21,,
22-01-2026,Sales,1186,Sales - Local,,107631.21,
22-01-2026,Sales,1187,Customer 20,184052.84,,
22-01-2026,Sales,1187,Sales - Local,,184052.84,
22-01-2026,Sales,1188,Customer 15,158135.90,,
22-01-2026,Sales,1188,Sales - Local,,158135.90,
22-01-2026,Payment,922,Telephone Expenses,4178.65,,
22-01-2026,Payment,922,Cash,,4178.65,
22-01-2026,Sales,1189,Customer 25,38096.53,,
22-01-2026,Sales,1189,Sales - Local,,38096.53,
23-01-2026,Sales,1190,Customer 10,69652.43,,
23-01-2026,Sales,1190,Sales - Local,,69652.43,
23-01-2026,Sales,1191,Cash,15821.60,,
23-01-2026,Sales,1191,Sales - Local,,15821.60,
23-01-2026,Sales,1192,Customer 22,125127.81,,
23-01-2026,Sales,1192,Sales - Local,,125127.81,
23-01-2026,Payment,923,Supplier 15,118896.83,,
23-01-2026,Payment,923,HDFC Bank Current A/c,,118896.83,
23-01-2026,Receipt,825,Cash,6561.60,,
23-01-2026,Receipt,825,Customer 11,,6561.60,
23-01-2026,Purchase,629,Purchases - Local,75048.61,,
23-01-2026,Purchase,629,Supplier 10,,75048.61,
23-01-2026,Payment,924,Supplier 15,269304.37,,
23-01-2026,Payment,924,HDFC Bank Current A/c,,269304.37,
23-01-2026,Purchase,630,Purchases - Local,10589.83,,
23-01-2026,Purchase,630,Supplier 12,,10589.83,
23-01-2026,Payment,925,Supplier 03,52290.47,,
23-01-2026,Payment,925,HDFC Bank Current A/c,,52290.47,
23-01-2026,Sales,1193,Cash,36850.06,,
23-01-2026,Sales,1193,Sales - Local,,36850.06,
23-01-2026,Sales,1194,Cash,45705.41,,
23-01-2026,Sales,1194,Sales - Local,,45705.41,
23-01-2026,Sales,1195,Cash,40331.38,,
23-01-2026,Sales,1195,Sales - Local,,40331.38,
24-01-2026,Payment,926,Supplier 15,1962.85,,
24-01-2026,Payment,926,HDFC Bank Current A/c,,1962.85,
24-01-2026,Receipt,826,Cash,5328.35,,
24-01-2026,Receipt,826,Customer 11,,5328.35,
24-01-2026,Receipt,827,HDFC Bank Current A/c,128021.65,,
24-01-2026,Receipt,827,Customer 12,,128021.65,
24-01-2026,Sales,1196,Customer 11,47474.10,,
24-01-2026,Sales,1196,Sales - Local,,47474.10,
24-01-2026,Purchase,631,Purchases - Local,20768.35,,
24-01-2026,Purchase,631,Supplier 07,,20768.35,
24-01-2026,Sales,1197,Customer 20,164615.69,,
24-01-2026,Sales,1197,Sales - Local,,164615.69,
24-01-2026,Sales,1198,Customer 01,55511.15,,
24-01-2026,Sales,1198,Sales - Local,,55511.15,
24-01-2026,Payment,927,Bank Charges,473.68,,
24-01-2026,Payment,927,HDFC Bank Current A/c,,473.68,
24-01-2026,Receipt,828,HDFC Bank Current A/c,53936.26,,
24-01-2026,Receipt,828,Customer 01,,53936.26,
24-01-2026,Payment,928,Supplier 13,724421.75,,
24-01-2026,Payment,928,HDFC Bank Current A/c,,724421.75,
24-01-2026,Receipt,829,HDFC Bank Current A/c,22443.10,,
24-01-2026,Receipt,829,Customer 17,,22443.10,
24-01-2026,Receipt,830,HDFC Bank Current A/c,110637.78,,
24-01-2026,Receipt,830,Customer 10,,110637.78,
25-01-2026,Payment,929,Supplier 11,24110.24,,
25-01-2026,Payment,929,HDFC Bank Current A/c,,24110.24,
25-01-2026,Purchase,632,Purchases - Local,37911.46,,
25-01-2026,Purchase,632,Supplier 15,,37911.46,
25-01-2026,Payment,930,Supplier 14,3048.47,,
25-01-2026,Payment,930,HDFC Bank Current A/c,,3048.47,
25-01-2026,Sales,1199,Cash,7207.44,,
25-01-2026,Sales,1199,Sales - Local,,7207.44,
25-01-2026,Payment,931,Supplier 03,70524.83,,
25-01-2026,Payment,931,HDFC Bank Current A/c,,70524.83,
25-01-2026,Sales,1200,Customer 20,135543.13,,
25-01-2026,Sales,1200,Sales - Local,,135543.13,
25-01-2026,Payment,932,Supplier 06,141283.12,,
25-01-2026,Payment,932,HDFC Bank Current A/c,,141283.12,
25-01-2026,Payment,933,Supplier 10,87887.19,,
25-01-2026,Payment,933,HDFC Bank Current A/c,,87887.19,
25-01-2026,Payment,934,Bank Charges,267.11,,
25-01-2026,Payment,934,HDFC Bank Current A/c,,267.11,
25-01-2026,Receipt,831,HDFC Bank Current A/c,1010.74,,
25-01-2026,Receipt,831,Customer 17,,1010.74,
25-01-2026,Receipt,832,HDFC Bank Current A/c,58292.63,,
25-01-2026,Receipt,832,Customer 15,,58292.63,
25-01-2026,Sales,1201,Customer 12,81189.73,,
25-01-2026,Sales,1201,Sales - Local,,81189.73,
26-01-2026,Sales,1202,Customer 17,122207.63,,
26-01-2026,Sales,1202,Sales - Local,,122207.63,
26-01-2026,Payment,935,Office Expenses,4542.30,,
26-01-2026,Payment,935,Cash,,4542.30,
26-01-2026,Receipt,833,HDFC Bank Current A/c,4337.39,,
26-01-2026,Receipt,833,Customer 24,,4337.39,
26-01-2026,Receipt,834,HDFC Bank Current A/c,28786.07,,
26-01-2026,Receipt,834,Customer 16,,28786.07,
26-01-2026,Receipt,835,HDFC Bank Current A/c,2058.21,,
26-01-2026,Receipt,835,Customer 18,,2058.21,
26-01-2026,Sales,1203,Customer 15,46460.45,,
26-01-2026,Sales,1203,Sales - Local,,46460.45,
26-01-2026,Receipt,836,Cash,5449.88,,
26-01-2026,Receipt,836,Customer 07,,5449.88,
26-01-2026,Receipt,837,HDFC Bank Current A/c,32625.03,,
26-01-2026,Receipt,837,Customer 11,,32625.03,
26-01-2026,Sales,1204,Cash,21319.60,,
26-01-2026,Sales,1204,Sales - Local,,21319.60,
26-01-2026,Payment,936,Supplier 03,2286.46,,
26-01-2026,Payment,936,HDFC Bank Current A/c,,2286.46,
26-01-2026,Payment,937,Supplier 12,25453.22,,
26-01-2026,Payment,937,HDFC Bank Current A/c,,25453.22,
26-01-2026,Receipt,838,HDFC Bank Current A/c,2117.78,,
26-01-2026,Receipt,838,Customer 21,,2117.78,
27-01-2026,Purchase,633,Purchases - Local,12721.32,,
27-01-2026,Purchase,633,Supplier 13,,12721.32,
27-01-2026,Payment,938,Staff Welfare,2207.50,,
27-01-2026,Payment,938,Cash,,2207.50,
27-01-2026,Sales,1205,Customer 03,143528.01,,
27-01-2026,Sales,1205,Sales - Local,,143528.01,
27-01-2026,Purchase,634,Purchases - Local,47855.12,,
27-01-2026,Purchase,634,Supplier 12,,47855.12,
27-01-2026,Receipt,839,HDFC Bank Current A/c,21191.22,,
27-01-2026,Receipt,839,Customer 11,,21191.22,
27-01-2026,Sales,1206,Cash,8046.15,,
27-01-2026,Sales,1206,Sales - Local,,8046.15,
27-01-2026,Sales,1207,Customer 19,180587.21,,
27-01-2026,Sales,1207,Sales - Local,,180587.21,
27-01-2026,Purchase,635,Purchases - Local,58201.16,,
27-01-2026,Purchase,635,Supplier 04,,58201.16,
27-01-2026,Sales,1208,Customer 12,179680.58,,
27-01-2026,Sales,1208,Sales - Local,,179680.58,
27-01-2026,Sales,1209,Customer 11,64171.27,,
27-01-2026,Sales,1209,Sales - Local,,64171.27,
27-01-2026,Payment,939,Printing & Stationery,911.53,,
27-01-2026,Payment,939,Cash,,911.53,
28-01-2026,Receipt,840,HDFC Bank Current A/c,1356.77,,
28-01-2026,Receipt,840,Customer 13,,1356.77,
28-01-2026,Sales,1210,Cash,43299.91,,
28-01-2026,Sales,1210,Sales - Local,,43299.91,
28-01-2026,Purchase,636,Purchases - Local,12841.22,,
28-01-2026,Purchase,636,Supplier 07,,12841.22,
28-01-2026,Sales,1211,Customer 08,74464.12,,
28-01-2026,Sales,1211,Sales - Local,,74464.12,
28-01-2026,Purchase,637,Purchases - Local,93130.76,,
28-01-2026,Purchase,637,Supplier 08,,93130.76,
28-01-2026,Purchase,638,Purchases - Local,102871.65,,
28-01-2026,Purchase,638,Supplier 08,,102871.65,
28-01-2026,Purchase,639,Purchases - Local,15432.00,,
28-01-2026,Purchase,639,Supplier 01,,15432.00,
28-01-2026,Payment,940,Supplier 06,110584.46,,
28-01-2026,Payment,940,HDFC Bank Current A/c,,110584.46,
28-01-2026,Sales,1212,Cash,13624.03,,
28-01-2026,Sales,1212,Sales - Local,,13624.03,
28-01-2026,Sales,1213,Customer 05,117294.42,,
28-01-2026,Sales,1213,Sales - Local,,117294.42,
28-01-2026,Payment,941,Bank Charges,227.75,,
28-01-2026,Payment,941,HDFC Bank Current A/c,,227.75,
29-01-2026,Receipt,841,HDFC Bank Current A/c,47391.39,,
29-01-2026,Receipt,841,Customer 06,,47391.39,
29-01-2026,Payment,942,Office Expenses,782.02,,
29-01-2026,Payment,942,Cash,,782.02,
29-01-2026,Receipt,842,Cash,7160.45,,
29-01-2026,Receipt,842,Customer 14,,7160.45,
29-01-2026,Sales,1214,Cash,21622.99,,
29-01-2026,Sales,1214,Sales - Local,,21622.99,
29-01-2026,Sales,1215,Customer 15,13849.52,,
29-01-2026,Sales,1215,Sales - Local,,13849.52,
29-01-2026,Purchase,640,Purchases - Local,27075.19,,
29-01-2026,Purchase,640,Supplier 06,,27075.19,
29-01-2026,Payment,943,Supplier 08,32739.28,,
29-01-2026,Payment,943,HDFC Bank Current A/c,,32739.28,
29-01-2026,Sales,1216,Customer 14,123552.46,,
29-01-2026,Sales,1216,Sales - Local,,123552.46,
29-01-2026,Receipt,843,HDFC Bank Current A/c,185119.32,,
29-01-2026,Receipt,843,Customer 14,,185119.32,
29-01-2026,Purchase,641,Purchases - Local,66750.23,,
29-01-2026,Purchase,641,Supplier 07,,66750.23,
29-01-2026,Purchase,642,Purchases - Local,57875.55,,
29-01-2026,Purchase,642,Supplier 12,,57875.55,
29-01-2026,Sales,1217,Customer 17,157934.55,,
29-01-2026,Sales,1217,Sales - Local,,157934.55,
30-01-2026,Sales,1218,Cash,11081.85,,
30-01-2026,Sales,1218,Sales - Local,,11081.85,
30-01-2026,Payment,944,Supplier 01,96820.26,,
30-01-2026,Payment,944,HDFC Bank Current A/c,,96820.26,
30-01-2026,Sales,1219,Cash,19271.85,,
30-01-2026,Sales,1219,Sales - Local,,19271.85,
30-01-2026,Purchase,643,Purchases - Local,71013.98,,
30-01-2026,Purchase,643,Supplier 14,,71013.98,
30-01-2026,Payment,945,Staff Welfare,8041.16,,
30-01-2026,Payment,945,Cash,,8041.16,
30-01-2026,Receipt,844,HDFC Bank Current A/c,130828.79,,
30-01-2026,Receipt,844,Customer 05,,130828.79,
30-01-2026,Purchase,644,Purchases - Local,72761.30,,
30-01-2026,Purchase,644,Supplier 05,,72761.30,
30-01-2026,Sales,1220,Customer 03,10777.46,,
30-01-2026,Sales,1220,Sales - Local,,10777.46,
30-01-2026,Purchase,645,Purchases - Local,106342.52,,
30-01-2026,Purchase,645,Supplier 04,,106342.52,
30-01-2026,Purchase,646,Purchases - Local,59953.06,,
30-01-2026,Purchase,646,Supplier 01,,59953.06,
30-01-2026,Payment,946,Supplier 15,148913.92,,
30-01-2026,Payment,946,HDFC Bank Current A/c,,148913.92,
31-01-2026,Purchase,647,Purchases - Local,102500.94,,
31-01-2026,Purchase,647,Supplier 02,,102500.94,
31-01-2026,Receipt,845,HDFC Bank Current A/c,1672.35,,
31-01-2026,Receipt,845,Interest Received,,1672.35,
31-01-2026,Payment,947,Bank Charges,42.73,,
31-01-2026,Payment,947,HDFC Bank Current A/c,,42.73,
31-01-2026,Receipt,846,HDFC Bank Current A/c,220132.49,,
31-01-2026,Receipt,846,Customer 04,,220132.49,
31-01-2026,Purchase,648,Purchases - Local,79733.26,,
31-01-2026,Purchase,648,Supplier 06,,79733.26,
31-01-2026,Sales,1221,Customer 07,80463.35,,
31-01-2026,Sales,1221,Sales - Local,,80463.35,
31-01-2026,Purchase,649,Purchases - Local,107575.68,,
31-01-2026,Purchase,649,Supplier 04,,107575.68,
31-01-2026,Sales,1222,Cash,38469.72,,
31-01-2026,Sales,1222,Sales - Local,,38469.72,
31-01-2026,Payment,948,Telephone Expenses,5380.50,,
31-01-2026,Payment,948,Cash,,5380.50,
31-01-2026,Sales,1223,Cash,12358.68,,
31-01-2026,Sales,1223,Sales - Local,,12358.68,
31-01-2026,Sales,1224,Cash,30688.89,,
31-01-2026,Sales,1224,Sales - Local,,30688.89,
31-01-2026,Payment,949,Staff Welfare,4476.49,,
31-01-2026,Payment,949,Cash,,4476.49,
01-02-2026,Purchase,650,Purchases - Local,94284.15,,
01-02-2026,Purchase,650,Supplier 08,,94284.15,
01-02-2026,Receipt,847,Cash,14387.61,,
01-02-2026,Receipt,847,Customer 25,,14387.61,
01-02-2026,Payment,950,Supplier 14,8887.68,,
01-02-2026,Payment,950,HDFC Bank Current A/c,,8887.68,
01-02-2026,Sales,1225,Cash,32528.34,,
01-02-2026,Sales,1225,Sales - Local,,32528.34,
01-02-2026,Receipt,848,HDFC Bank Current A/c,79590.58,,
01-02-2026,Receipt,848,Customer 17,,79590.58,
01-02-2026,Sales,1226,Customer 11,121979.19,,
01-02-2026,Sales,1226,Sales - Local,,121979.19,
01-02-2026,Purchase,651,Purchases - Local,20286.33,,
01-02-2026,Purchase,651,Supplier 14,,20286.33,
01-02-2026,Sales,1227,Customer 19,80333.85,,
01-02-2026,Sales,1227,Sales - Local,,80333.85,
01-02-2026,Payment,951,Supplier 09,6050.88,,
01-02-2026,Payment,951,HDFC Bank Current A/c,,6050.88,
01-02-2026,Purchase,652,Purchases - Local,72123.59,,
01-02-2026,Purchase,652,Supplier 14,,72123.59,
01-02-2026,Payment,952,Staff Welfare,4451.49,,
01-02-2026,Payment,952,Cash,,4451.49,
02-02-2026,Payment,953,Supplier 14,10192.87,,
02-02-2026,Payment,953,HDFC Bank Current A/c,,10192.87,
02-02-2026,Receipt,849,HDFC Bank Current A/c,15665.22,,
02-02-2026,Receipt,849,Customer 01,,15665.22,
02-02-2026,Purchase,653,Purchases - Local,37463.64,,
02-02-2026,Purchase,653,Supplier 09,,37463.64,
02-02-2026,Sales,1228,Cash,7210.50,,
02-02-2026,Sales,1228,Sales - Local,,7210.50,
02-02-2026,Purchase,654,Purchases - Local,48447.07,,
02-02-2026,Purchase,654,Supplier 14,,48447.07,
02-02-2026,Purchase,655,Purchases - Local,91269.49,,
02-02-2026,Purchase,655,Supplier 03,,91269.49,
02-02-2026,Purchase,656,Purchases - Local,70399.36,,
02-02-2026,Purchase,656,Supplier 11,,70399.36,
02-02-2026,Sales,1229,Customer 09,79107.04,,
02-02-2026,Sales,1229,Sales - Local,,79107.04,
02-02-2026,Sales,1230,Cash,45722.79,,
02-02-2026,Sales,1230,Sales - Local,,45722.79,
02-02-2026,Payment,954,Supplier 13,15554.16,,
02-02-2026,Payment,954,HDFC Bank Current A/c,,15554.16,
02-02-2026,Receipt,850,Cash,16721.92,,
02-02-2026,Receipt,850,Customer 10,,16721.92,
02-02-2026,Receipt,851,HDFC Bank Current A/c,206590.04,,
02-02-2026,Receipt,851,Customer 04,,206590.04,
03-02-2026,Receipt,852,HDFC Bank Current A/c,166971.82,,
03-02-2026,Receipt,852,Customer 03,,166971.82,
03-02-2026,Payment,955,Telephone Expenses,9101.80,,
03-02-2026,Payment,955,Cash,,9101.80,
03-02-2026,Receipt,853,HDFC Bank Current A/c,21767.73,,
03-02-2026,Receipt,853,Customer 03,,21767.73,
03-02-2026,Payment,956,Supplier 08,133619.38,,
03-02-2026,Payment,956,HDFC Bank Current A/c,,133619.38,
03-02-2026,Payment,957,Supplier 01,24246.05,,
03-02-2026,Payment,957,HDFC Bank Current A/c,,24246.05,
03-02-2026,Purchase,657,Purchases - Local,16033.60,,
03-02-2026,Purchase,657,Supplier 12,,16033.60,
03-02-2026,Payment,958,Office Expenses,2389.32,,
03-02-2026,Payment,958,Cash,,2389.32,
03-02-2026,Sales,1231,Customer 13,89397.77,,
03-02-2026,Sales,1231,Sales - Local,,89397.77,
03-02-2026,Sales,1232,Customer 01,64049.87,,
03-02-2026,Sales,1232,Sales - Local,,64049.87,
03-02-2026,Sales,1233,Customer 15,153624.47,,
03-02-2026,Sales,1233,Sales - Local,,153624.47,
03-02-2026,Receipt,854,HDFC Bank Current A/c,36818.90,,
03-02-2026,Receipt,854,Customer 10,,36818.90,
03-02-2026,Sales,1234,Customer 19,169971.53,,
03-02-2026,Sales,1234,Sales - Local,,169971.53,
04-02-2026,Payment,959,Supplier 15,51967.46,,
04-02-2026,Payment,959,HDFC Bank Current A/c,,51967.46,
04-02-2026,Payment,960,Supplier 13,59492.34,,
04-02-2026,Payment,960,HDFC Bank Current A/c,,59492.34,
04-02-2026,Sales,1235,Customer 12,145075.09,,
04-02-2026,Sales,1235,Sales - Local,,145075.09,
04-02-2026,Purchase,658,Purchases - Local,32851.35,,
04-02-2026,Purchase,658,Supplier 06,,32851.35,
04-02-2026,Sales,1236,Customer 12,110864.46,,
04-02-2026,Sales,1236,Sales - Local,,110864.46,
04-02-2026,Purchase,659,Purchases - Local,30263.29,,
04-02-2026,Purchase,659,Supplier 15,,30263.29,
04-02-2026,Purchase,660,Purchases - Local,72493.45,,
04-02-2026,Purchase,660,Supplier 03,,72493.45,
04-02-2026,Sales,1237,Customer 19,24013.60,,
04-02-2026,Sales,1237,Sales - Local,,24013.60,
04-02-2026,Receipt,855,HDFC Bank Current A/c,59850.43,,
04-02-2026,Receipt,855,Customer 13,,59850.43,
04-02-2026,Payment,961,Telephone Expenses,5331.10,,
04-02-2026,Payment,961,Cash,,5331.10,
04-02-2026,Receipt,856,HDFC Bank Current A/c,118284.94,,
04-02-2026,Receipt,856,Customer 05,,118284.94,
04-02-2026,Receipt,857,HDFC Bank Current A/c,196310.59,,
04-02-2026,Receipt,857,Customer 11,,196310.59,
05-02-2026,Receipt,858,Cash,2463.36,,
05-02-2026,Receipt,858,Customer 13,,2463.36,
05-02-2026,Sales,1238,Cash,31844.09,,
05-02-2026,Sales,1238,Sales - Local,,31844.09,
05-02-2026,Purchase,661,Purchases - Local,5770.97,,
05-02-2026,Purchase,661,Supplier 09,,5770.97,
05-02-2026,Sales,1239,Cash,45456.82,,
05-02-2026,Sales,1239,Sales - Local,,45456.82,
05-02-2026,Sales,1240,Customer 07,148125.08,,
05-02-2026,Sales,1240,Sales - Local,,148125.08,
05-02-2026,Receipt,859,HDFC Bank Current A/c,314441.18,,
05-02-2026,Receipt,859,Customer 05,,314441.18,
05-02-2026,Sales,1241,Customer 03,170242.47,,
05-02-2026,Sales,1241,Sales - Local,,170242.47,
05-02-2026,Purchase,662,Purchases - Local,104114.74,,
05-02-2026,Purchase,662,Supplier 12,,104114.74,
05-02-2026,Payment,962,Bank Charges,346.03,,
05-02-2026,Payment,962,HDFC Bank Current A/c,,346.03,
05-02-2026,Payment,963,Supplier 04,143962.61,,
05-02-2026,Payment,963,HDFC Bank Current A/c,,143962.61,
05-02-2026,Purchase,663,Purchases - Local,59044.41,,
05-02-2026,Purchase,663,Supplier 10,,59044.41,
05-02-2026,Sales,1242,Cash,5224.04,,
05-02-2026,Sales,1242,Sales - Local,,5224.04,
06-02-2026,Sales,1243,Cash,41776.16,,
06-02-2026,Sales,1243,Sales - Local,,41776.16,
06-02-2026,Sales,1244,Cash,20465.59,,
06-02-2026,Sales,1244,Sales - Local,,20465.59,
06-02-2026,Receipt,860,Cash,11693.59,,
06-02-2026,Receipt,860,Customer 11,,11693.59,
06-02-2026,Sales,1245,Cash,9325.88,,
06-02-2026,Sales,1245,Sales - Local,,9325.88,
06-02-2026,Purchase,664,Purchases - Local,27941.62,,
06-02-2026,Purchase,664,Supplier 04,,27941.62,
06-02-2026,Payment,964,Supplier 07,198660.46,,
06-02-2026,Payment,964,HDFC Bank Current A/c,,198660.46,
06-02-2026,Payment,965,Supplier 11,62957.07,,
06-02-2026,Payment,965,HDFC Bank Current A/c,,62957.07,
06-02-2026,Sales,1246,Cash,41844.65,,
06-02-2026,Sales,1246,Sales - Local,,41844.65,
06-02-2026,Receipt,861,Cash,12444.06,,
06-02-2026,Receipt,861,Customer 04,,12444.06,
06-02-2026,Payment,966,Supplier 07,185074.74,,
06-02-2026,Payment,966,HDFC Bank Current A/c,,185074.74,
06-02-2026,Payment,967,Supplier 06,172543.85,,
06-02-2026,Payment,967,HDFC Bank Current A/c,,172543.85,
06-02-2026,Sales,1247,Customer 08,18420.44,,
06-02-2026,Sales,1247,Sales - Local,,18420.44,
07-02-2026,Purchase,665,Purchases - Local,112510.09,,
07-02-2026,Purchase,665,Supplier 01,,112510.09,
07-02-2026,Receipt,862,HDFC Bank Current A/c,356251.29,,
07-02-2026,Receipt,862,Customer 15,,356251.29,
07-02-2026,Sales,1248,Cash,41384.86,,
07-02-2026,Sales,1248,Sales - Local,,41384.86,
07-02-2026,Sales,1249,Cash,35192.20,,
07-02-2026,Sales,1249,Sales - Local,,35192.20,
07-02-2026,Sales,1250,Cash,12435.75,,
07-02-2026,Sales,1250,Sales - Local,,12435.75,
07-02-2026,Payment,968,Staff Welfare,6337.99,,
07-02-2026,Payment,968,Cash,,6337.99,
07-02-2026,Purchase,666,Purchases - Local,97957.12,,
07-02-2026,Purchase,666,Supplier 06,,97957.12,
07-02-2026,Payment,969,Staff Welfare,424.05,,
07-02-2026,Payment,969,Cash,,424.05,
07-02-2026,Purchase,667,Purchases - Local,36337.16,,
07-02-2026,Purchase,667,Supplier 07,,36337.16,
07-02-2026,Sales,1251,Customer 18,39429.95,,
07-02-2026,Sales,1251,Sales - Local,,39429.95,
07-02-2026,Purchase,668,Purchases - Local,7779.59,,
07-02-2026,Purchase,668,Supplier 12,,7779.59,
07-02-2026,Purchase,669,Purchases - Local,69401.81,,
07-02-2026,Purchase,669,Supplier 05,,69401.81,
08-02-2026,Receipt,863,HDFC Bank Current A/c,1451.39,,
08-02-2026,Receipt,863,Interest Received,,1451.39,
08-02-2026,Receipt,864,Cash,14215.86,,
08-02-2026,Receipt,864,Customer 12,,14215.86,
08-02-2026,Payment,970,Bank Charges,344.74,,
08-02-2026,Payment,970,HDFC Bank Current A/c,,344.74,
08-02-2026,Receipt,865,HDFC Bank Current A/c,1835.75,,
08-02-2026,Receipt,865,Customer 16,,1835.75,
08-02-2026,Receipt,866,HDFC Bank Current A/c,2152.93,,
08-02-2026,Receipt,866,Customer 02,,2152.93,
08-02-2026,Receipt,867,HDFC Bank Current A/c,259943.20,,
08-02-2026,Receipt,867,Customer 14,,259943.20,
08-02-2026,Receipt,868,Cash,16784.82,,
08-02-2026,Receipt,868,Customer 01,,16784.82,
08-02-2026,Sales,1252,Customer 16,159678.59,,
08-02-2026,Sales,1252,Sales - Local,,159678.59,
08-02-2026,Sales,1253,Customer 19,52483.63,,
08-02-2026,Sales,1253,Sales - Local,,52483.63,
08-02-2026,Sales,1254,Cash,34642.23,,
08-02-2026,Sales,1254,Sales - Local,,34642.23,
08-02-2026,Payment,971,Supplier 06,172786.98,,
08-02-2026,Payment,971,HDFC Bank Current A/c,,172786.98,
08-02-2026,Sales,1255,Cash,4902.09,,
08-02-2026,Sales,1255,Sales - Local,,4902.09,
09-02-2026,Purchase,670,Purchases - Local,95380.23,,
09-02-2026,Purchase,670,Supplier 01,,95380.23,
09-02-2026,Purchase,671,Purchases - Local,86326.34,,
09-02-2026,Purchase,671,Supplier 07,,86326.34,
09-02-2026,Sales,1256,Customer 07,89498.45,,
09-02-2026,Sales,1256,Sales - Local,,89498.45,
09-02-2026,Payment,972,Printing & Stationery,6464.98,,
09-02-2026,Payment,972,Cash,,6464.98,
09-02-2026,Receipt,869,HDFC Bank Current A/c,6999.55,,
09-02-2026,Receipt,869,Customer 04,,6999.55,
09-02-2026,Payment,973,Bank Charges,219.74,,
09-02-2026,Payment,973,HDFC Bank Current A/c,,219.74,
09-02-2026,Payment,974,Supplier 06,30861.59,,
09-02-2026,Payment,974,HDFC Bank Current A/c,,30861.59,
09-02-2026,Purchase,672,Purchases - Local,52039.12,,
09-02-2026,Purchase,672,Supplier 10,,52039.12,
09-02-2026,Receipt,870,Cash,2198.96,,
09-02-2026,Receipt,870,Customer 03,,2198.96,
09-02-2026,Sales,1257,Cash,42214.99,,
09-02-2026,Sales,1257,Sales - Local,,42214.99,
09-02-2026,Sales,1258,Customer 21,60512.26,,
09-02-2026,Sales,1258,Sales - Local,,60512.26,
09-02-2026,Purchase,673,Purchases - Local,45828.22,,
09-02-2026,Purchase,673,Supplier 02,,45828.22,
10-02-2026,Payment,975,Rent,25000.00,,
10-02-2026,Payment,975,HDFC Bank Current A/c,,25000.00,
10-02-2026,Payment,976,Salary,52708.48,,
10-02-2026,Payment,976,HDFC Bank Current A/c,,52708.48,
10-02-2026,Payment,977,Electricity Charges,6039.03,,
10-02-2026,Payment,977,HDFC Bank Current A/c,,6039.03,
10-02-2026,Journal,21,Interest on Unsecured Loans,3000.00,,
10-02-2026,Journal,21,Unsecured Loan - Rajesh Kumar,,2700.00,
10-02-2026,Journal,21,TDS Payable,,300.00,
10-02-2026,Payment,978,TDS Payable,300.00,,
10-02-2026,Payment,978,HDFC Bank Current A/c,,300.00,
10-02-2026,Payment,979,HDFC Bank Term Loan,40000.00,,
10-02-2026,Payment,979,HDFC Bank Current A/c,,40000.00,
10-02-2026,Payment,980,Interest on Term Loan,6583.61,,
10-02-2026,Payment,980,HDFC Bank Current A/c,,6583.61,
10-02-2026,Journal,22,Travelling Expenses,3459.33,,
10-02-2026,Journal,22,HDFC Bank Current A/c,,3459.33,
10-02-2026,Receipt,871,HDFC Bank Current A/c,37655.87,,
10-02-2026,Receipt,871,Customer 12,,37655.87,
10-02-2026,Receipt,872,HDFC Bank Current A/c,76504.07,,
10-02-2026,Receipt,872,Customer 16,,76504.07,
10-02-2026,Sales,1259,Customer 21,164939.13,,
10-02-2026,Sales,1259,Sales - Local,,164939.13,
10-02-2026,Sales,1260,Customer 03,97133.36,,
10-02-2026,Sales,1260,Sales - Local,,97133.36,
10-02-2026,Payment,981,Staff Welfare,1925.65,,
10-02-2026,Payment,981,Cash,,1925.65,
10-02-2026,Payment,982,Printing & Stationery,3601.78,,
10-02-2026,Payment,982,Cash,,3601.78,
10-02-2026,Receipt,873,Cash,13504.43,,
10-02-2026,Receipt,873,Customer 13,,13504.43,
10-02-2026,Purchase,674,Purchases - Local,52322.84,,
10-02-2026,Purchase,674,Supplier 11,,52322.84,
10-02-2026,Purchase,675,Purchases - Local,47674.38,,
10-02-2026,Purchase,675,Supplier 15,,47674.38,
10-02-2026,Purchase,676,Purchases - Local,55920.99,,
10-02-2026,Purchase,676,Supplier 07,,55920.99,
10-02-2026,Purchase,677,Purchases - Local,98066.53,,
10-02-2026,Purchase,677,Supplier 15,,98066.53,
11-02-2026,Sales,1261,Customer 22,186651.88,,
11-02-2026,Sales,1261,Sales - Local,,186651.88,
11-02-2026,Sales,1262,Customer 22,79730.65,,
11-02-2026,Sales,1262,Sales - Local,,79730.65,
11-02-2026,Receipt,874,HDFC Bank Current A/c,84308.49,,
11-02-2026,Receipt,874,Customer 03,,84308.49,
11-02-2026,Payment,983,Bank Charges,327.74,,
11-02-2026,Payment,983,HDFC Bank Current A/c,,327.74,
11-02-2026,Purchase,678,Purchases - Local,115609.26,,
11-02-2026,Purchase,678,Supplier 11,,115609.26,
11-02-2026,Purchase,679,Purchases - Local,85434.04,,
11-02-2026,Purchase,679,Supplier 13,,85434.04,
11-02-2026,Purchase,680,Purchases - Local,116940.24,,
11-02-2026,Purchase,680,Supplier 14,,116940.24,
11-02-2026,Sales,1263,Cash,43223.75,,
11-02-2026,Sales,1263,Sales - Local,,43223.75,
11-02-2026,Sales,1264,Cash,40347.34,,
11-02-2026,Sales,1264,Sales - Local,,40347.34,
11-02-2026,Purchase,681,Purchases - Local,116502.20,,
11-02-2026,Purchase,681,Supplier 08,,116502.20,
11-02-2026,Sales,1265,Cash,25370.63,,
11-02-2026,Sales,1265,Sales - Local,,25370.63,
11-02-2026,Payment,984,Supplier 11,100743.81,,
11-02-2026,Payment,984,HDFC Bank Current A/c,,100743.81,
12-02-2026,Receipt,875,HDFC Bank Current A/c,7568.08,,
12-02-2026,Receipt,875,Interest Received,,7568.08,
12-02-2026,Receipt,876,HDFC Bank Current A/c,110968.68,,
12-02-2026,Receipt,876,Customer 03,,110968.68,
12-02-2026,Receipt,877,HDFC Bank Current A/c,27289.78,,
12-02-2026,Receipt,877,Customer 20,,27289.78,
12-02-2026,Payment,985,Bank Charges,121.12,,
12-02-2026,Payment,985,HDFC Bank Current A/c,,121.12,
12-02-2026,Sales,1266,Customer 25,161653.96,,
12-02-2026,Sales,1266,Sales - Local,,161653.96,
12-02-2026,Purchase,682,Purchases - Local,113739.62,,
12-02-2026,Purchase,682,Supplier 04,,113739.62,
12-02-2026,Receipt,878,HDFC Bank Current A/c,43248.83,,
12-02-2026,Receipt,878,Customer 14,,43248.83,
12-02-2026,Sales,1267,Cash,16832.75,,
12-02-2026,Sales,1267,Sales - Local,,16832.75,
12-02-2026,Sales,1268,Cash,14993.42,,
12-02-2026,Sales,1268,Sales - Local,,14993.42,
12-02-2026,Payment,986,Conveyance,587.10,,
12-02-2026,Payment,986,Cash,,587.10,
12-02-2026,Receipt,879,HDFC Bank Current A/c,1785.72,,
12-02-2026,Receipt,879,Customer 02,,1785.72,
12-02-2026,Purchase,683,Purchases - Local,73028.22,,
12-02-2026,Purchase,683,Supplier 09,,73028.22,
13-02-2026,Sales,1269,Customer 08,128087.33,,
13-02-2026,Sales,1269,Sales - Local,,128087.33,
13-02-2026,Sales,1270,Customer 04,103210.43,,
13-02-2026,Sales,1270,Sales - Local,,103210.43,
13-02-2026,Payment,987,Supplier 15,141535.15,,
13-02-2026,Payment,987,HDFC Bank Current A/c,,141535.15,
13-02-2026,Receipt,880,Cash,6440.38,,
13-02-2026,Receipt,880,Customer 22,,6440.38,
13-02-2026,Sales,1271,Customer 15,141914.20,,
13-02-2026,Sales,1271,Sales - Local,,141914.20,
13-02-2026,Receipt,881,HDFC Bank Current A/c,11405.54,,
13-02-2026,Receipt,881,Customer 13,,11405.54,
13-02-2026,Purchase,684,Purchases - Local,14696.14,,
13-02-2026,Purchase,684,Supplier 10,,14696.14,
13-02-2026,Sales,1272,Cash,43735.22,,
13-02-2026,Sales,1272,Sales - Local,,43735.22,
13-02-2026,Purchase,685,Purchases - Local,97078.04,,
13-02-2026,Purchase,685,Supplier 14,,97078.04,
13-02-2026,Receipt,882,Cash,798.81,,
13-02-2026,Receipt,882,Customer 24,,798.81,
13-02-2026,Sales,1273,Customer 24,102908.55,,
13-02-2026,Sales,1273,Sales - Local,,102908.55,
13-02-2026,Purchase,686,Purchases - Local,113210.83,,
13-02-2026,Purchase,686,Supplier 03,,113210.83,
14-02-2026,Payment,988,Supplier 14,194435.83,,
14-02-2026,Payment,988,HDFC Bank Current A/c,,194435.83,
14-02-2026,Receipt,883,Cash,10503.94,,
14-02-2026,Receipt,883,Customer 01,,10503.94,
14-02-2026,Receipt,884,HDFC Bank Current A/c,71472.32,,
14-02-2026,Receipt,884,Customer 06,,71472.32,
14-02-2026,Receipt,885,HDFC Bank Current A/c,5326.03,,
14-02-2026,Receipt,885,Customer 11,,5326.03,
14-02-2026,Receipt,886,HDFC Bank Current A/c,365258.86,,
14-02-2026,Receipt,886,Customer 25,,365258.86,
14-02-2026,Receipt,887,HDFC Bank Current A/c,5667.13,,
14-02-2026,Receipt,887,Customer 25,,5667.13,
14-02-2026,Sales,1274,Cash,13270.01,,
14-02-2026,Sales,1274,Sales - Local,,13270.01,
14-02-2026,Purchase,687,Purchases - Local,92256.31,,
14-02-2026,Purchase,687,Supplier 10,,92256.31,
14-02-2026,Receipt,888,Cash,4657.14,,
14-02-2026,Receipt,888,Customer 18,,4657.14,
14-02-2026,Purchase,688,Purchases - Local,12321.43,,
14-02-2026,Purchase,688,Supplier 07,,12321.43,
14-02-2026,Sales,1275,Customer 16,92391.89,,
14-02-2026,Sales,1275,Sales - Local,,92391.89,
14-02-2026,Receipt,889,HDFC Bank Current A/c,39119.59,,
14-02-2026,Receipt,889,Customer 24,,39119.59,
15-02-2026,Payment,989,Telephone Expenses,7741.73,,
15-02-2026,Payment,989,Cash,,7741.73,
15-02-2026,Sales,1276,Customer 15,53646.70,,
15-02-2026,Sales,1276,Sales - Local,,53646.70,
15-02-2026,Sales,1277,Customer 08,22090.55,,
15-02-2026,Sales,1277,Sales - Local,,22090.55,
15-02-2026,Sales,1278,Customer 12,137790.03,,
15-02-2026,Sales,1278,Sales - Local,,137790.03,
15-02-2026,Sales,1279,Cash,4845.81,,
15-02-2026,Sales,1279,Sales - Local,,4845.81,
15-02-2026,Receipt,890,HDFC Bank Current A/c,1865.76,,
15-02-2026,Receipt,890,Interest Received,,1865.76,
15-02-2026,Receipt,891,HDFC Bank Current A/c,178731.75,,
15-02-2026,Receipt,891,Customer 07,,178731.75,
15-02-2026,Payment,990,Supplier 04,239406.50,,
15-02-2026,Payment,990,HDFC Bank Current A/c,,239406.50,
15-02-2026,Purchase,689,Purchases - Local,89494.79,,
15-02-2026,Purchase,689,Supplier 03,,89494.79,
15-02-2026,Purchase,690,Purchases - Local,115805.63,,
15-02-2026,Purchase,690,Supplier 03,,115805.63,
15-02-2026,Sales,1280,Customer 06,153285.49,,
15-02-2026,Sales,1280,Sales - Local,,153285.49,
15-02-2026,Receipt,892,Cash,1289.33,,
15-02-2026,Receipt,892,Customer 01,,1289.33,
16-02-2026,Sales,1281,Cash,30835.11,,
16-02-2026,Sales,1281,Sales - Local,,30835.11,
16-02-2026,Sales,1282,Cash,29978.75,,
16-02-2026,Sales,1282,Sales - Local,,29978.75,
16-02-2026,Purchase,691,Purchases - Local,60639.06,,
16-02-2026,Purchase,691,Supplier 03,,60639.06,
16-02-2026,Payment,991,Supplier 11,64861.28,,
16-02-2026,Payment,991,HDFC Bank Current A/c,,64861.28,
16-02-2026,Purchase,692,Purchases - Local,33744.42,,
16-02-2026,Purchase,692,Supplier 01,,33744.42,
16-02-2026,Sales,1283,Customer 04,43579.54,,
16-02-2026,Sales,1283,Sales - Local,,43579.54,
16-02-2026,Purchase,693,Purchases - Local,45381.36,,
16-02-2026,Purchase,693,Supplier 10,,45381.36,
16-02-2026,Sales,1284,Customer 17,46700.58,,
16-02-2026,Sales,1284,Sales - Local,,46700.58,
16-02-2026,Receipt,893,Cash,8771.14,,
16-02-2026,Receipt,893,Customer 17,,8771.14,
16-02-2026,Payment,992,Supplier 08,65021.60,,
16-02-2026,Payment,992,HDFC Bank Current A/c,,65021.60,
16-02-2026,Sales,1285,Customer 10,180463.52,,
16-02-2026,Sales,1285,Sales - Local,,180463.52,
16-02-2026,Receipt,894,Cash,14372.01,,
16-02-2026,Receipt,894,Customer 17,,14372.01,
17-02-2026,Sales,1286,Cash,36539.14,,
17-02-2026,Sales,1286,Sales - Local,,36539.14,
17-02-2026,Sales,1287,Cash,23391.68,,
17-02-2026,Sales,1287,Sales - Local,,23391.68,
17-02-2026,Sales,1288,Cash,46760.93,,
17-02-2026,Sales,1288,Sales - Local,,46760.93,
17-02-2026,Sales,1289,Cash,15376.54,,
17-02-2026,Sales,1289,Sales - Local,,15376.54,
17-02-2026,Sales,1290,Customer 22,116957.08,,
17-02-2026,Sales,1290,Sales - Local,,116957.08,
17-02-2026,Payment,993,Conveyance,4005.98,,
17-02-2026,Payment,993,Cash,,4005.98,
17-02-2026,Receipt,895,Cash,17542.34,,
17-02-2026,Receipt,895,Customer 03,,17542.34,
17-02-2026,Receipt,896,HDFC Bank Current A/c,2115.24,,
17-02-2026,Receipt,896,Customer 25,,2115.24,
17-02-2026,Payment,994,Printing & Stationery,5488.86,,
17-02-2026,Payment,994,Cash,,5488.86,
17-02-2026,Receipt,897,Cash,16895.55,,
17-02-2026,Receipt,897,Customer 15,,16895.55,
17-02-2026,Purchase,694,Purchases - Local,28912.58,,
17-02-2026,Purchase,694,Supplier 05,,28912.58,
17-02-2026,Receipt,898,HDFC Bank Current A/c,145392.22,,
17-02-2026,Receipt,898,Customer 10,,145392.22,
18-02-2026,Receipt,899,HDFC Bank Current A/c,126802.63,,
18-02-2026,Receipt,899,Customer 24,,126802.63,
18-02-2026,Payment,995,Conveyance,7090.87,,
18-02-2026,Payment,995,Cash,,7090.87,
18-02-2026,Payment,996,Bank Charges,242.20,,
18-02-2026,Payment,996,HDFC Bank Current A/c,,242.20,
18-02-2026,Payment,997,Supplier 10,258452.30,,
18-02-2026,Payment,997,HDFC Bank Current A/c,,258452.30,
18-02-2026,Sales,1291,Customer 08,141943.18,,
18-02-2026,Sales,1291,Sales - Local,,141943.18,
18-02-2026,Payment,998,Conveyance,5590.59,,
18-02-2026,Payment,998,Cash,,5590.59,
18-02-2026,Payment,999,Supplier 10,20164.70,,
18-02-2026,Payment,999,HDFC Bank Current A/c,,20164.70,
18-02-2026,Receipt,900,HDFC Bank Current A/c,139675.79,,
18-02-2026,Receipt,900,Customer 07,,139675.79,
18-02-2026,Sales,1292,Cash,31583.82,,
18-02-2026,Sales,1292,Sales - Local,,31583.82,
18-02-2026,Sales,1293,Cash,3611.86,,
18-02-2026,Sales,1293,Sales - Local,,3611.86,
18-02-2026,Sales,1294,Customer 07,47944.62,,
18-02-2026,Sales,1294,Sales - Local,,47944.62,
18-02-2026,Payment,1000,Supplier 11,27898.97,,
18-02-2026,Payment,1000,HDFC Bank Current A/c,,27898.97,
19-02-2026,Payment,1001,Supplier 13,35654.94,,
19-02-2026,Payment,1001,HDFC Bank Current A/c,,35654.94,
19-02-2026,Receipt,901,Cash,711.08,,
19-02-2026,Receipt,901,Customer 17,,711.08,
19-02-2026,Sales,1295,Customer 07,44358.37,,
19-02-2026,Sales,1295,Sales - Local,,44358.37,
19-02-2026,Payment,1002,Supplier 05,189273.96,,
19-02-2026,Payment,1002,HDFC Bank Current A/c,,189273.96,
19-02-2026,Purchase,695,Purchases - Local,31540.58,,
19-02-2026,Purchase,695,Supplier 08,,31540.58,
19-02-2026,Payment,1003,Supplier 09,86911.68,,
19-02-2026,Payment,1003,HDFC Bank Current A/c,,86911.68,
19-02-2026,Receipt,902,HDFC Bank Current A/c,90147.02,,
19-02-2026,Receipt,902,Customer 06,,90147.02,
19-02-2026,Purchase,696,Purchases - Local,26224.95,,
19-02-2026,Purchase,696,Supplier 08,,26224.95,
19-02-2026,Receipt,903,Cash,15914.90,,
19-02-2026,Receipt,903,Customer 03,,15914.90,
19-02-2026,Purchase,697,Purchases - Local,32115.40,,
19-02-2026,Purchase,697,Supplier 07,,32115.40,
19-02-2026,Receipt,904,HDFC Bank Current A/c,8420.02,,
19-02-2026,Receipt,904,Interest Received,,8420.02,
19-02-2026,Sales,1296,Cash,24937.35,,
19-02-2026,Sales,1296,Sales - Local,,24937.35,
20-02-2026,Sales,1297,Customer 11,152768.36,,
20-02-2026,Sales,1297,Sales - Local,,152768.36,
20-02-2026,Sales,1298,Cash,29759.18,,
20-02-2026,Sales,1298,Sales - Local,,29759.18,
20-02-2026,Sales,1299,Customer 19,143394.83,,
20-02-2026,Sales,1299,Sales - Local,,143394.83,
20-02-2026,Purchase,698,Purchases - Local,82881.32,,
20-02-2026,Purchase,698,Supplier 06,,82881.32,
20-02-2026,Sales,1300,Customer 12,18906.59,,
20-02-2026,Sales,1300,Sales - Local,,18906.59,
20-02-2026,Sales,1301,Customer 13,153448.91,,
20-02-2026,Sales,1301,Sales - Local,,153448.91,
20-02-2026,Purchase,699,Purchases - Local,82366.68,,
20-02-2026,Purchase,699,Supplier 08,,82366.68,
20-02-2026,Sales,1302,Cash,21753.56,,
20-02-2026,Sales,1302,Sales - Local,,21753.56,
20-02-2026,Payment,1004,Telephone Expenses,1776.83,,
20-02-2026,Payment,1004,Cash,,1776.83,
20-02-2026,Receipt,905,HDFC Bank Current A/c,24870.34,,
20-02-2026,Receipt,905,Customer 23,,24870.34,
20-02-2026,Purchase,700,Purchases - Local,42331.45,,
20-02-2026,Purchase,700,Supplier 06,,42331.45,
20-02-2026,Sales,1303,Cash,15973.17,,
20-02-2026,Sales,1303,Sales - Local,,15973.17,
21-02-2026,Sales,1304,Customer 16,183353.24,,
21-02-2026,Sales,1304,Sales - Local,,183353.24,
21-02-2026,Sales,1305,Cash,17428.16,,
21-02-2026,Sales,1305,Sales - Local,,17428.16,
21-02-2026,Payment,1005,Bank Charges,290.15,,
21-02-2026,Payment,1005,HDFC Bank Current A/c,,290.15,
21-02-2026,Sales,1306,Cash,21434.79,,
21-02-2026,Sales,1306,Sales - Local,,21434.79,
21-02-2026,Sales,1307,Cash,18097.55,,
21-02-2026,Sales,1307,Sales - Local,,18097.55,
21-02-2026,Receipt,906,HDFC Bank Current A/c,6600.40,,
21-02-2026,Receipt,906,Customer 05,,6600.40,
21-02-2026,Receipt,907,HDFC Bank Current A/c,26423.88,,
21-02-2026,Receipt,907,Customer 18,,26423.88,
21-02-2026,Purchase,701,Purchases - Local,119082.57,,
21-02-2026,Purchase,701,Supplier 13,,119082.57,
21-02-2026,Sales,1308,Customer 07,163258.19,,
21-02-2026,Sales,1308,Sales - Local,,163258.19,
21-02-2026,Purchase,702,Purchases - Local,22001.02,,
21-02-2026,Purchase,702,Supplier 04,,22001.02,
21-02-2026,Payment,1006,Bank Charges,413.78,,
21-02-2026,Payment,1006,HDFC Bank Current A/c,,413.78,
21-02-2026,Payment,1007,Supplier 08,117126.26,,
21-02-2026,Payment,1007,HDFC Bank Current A/c,,117126.26,
22-02-2026,Purchase,703,Purchases - Local,23413.10,,
22-02-2026,Purchase,703,Supplier 07,,23413.10,
22-02-2026,Sales,1309,Cash,11583.60,,
22-02-2026,Sales,1309,Sales - Local,,11583.60,
22-02-2026,Receipt,908,HDFC Bank Current A/c,25576.60,,
22-02-2026,Receipt,908,Customer 14,,25576.60,
22-02-2026,Payment,1008,Supplier 08,26961.92,,
22-02-2026,Payment,1008,HDFC Bank Current A/c,,26961.92,
22-02-2026,Sales,1310,Cash,30399.78,,
22-02-2026,Sales,1310,Sales - Local,,30399.78,
22-02-2026,Purchase,704,Purchases - Local,32375.22,,
22-02-2026,Purchase,704,Supplier 03,,32375.22,
22-02-2026,Payment,1009,Supplier 02,283460.68,,
22-02-2026,Payment,1009,HDFC Bank Current A/c,,283460.68,
22-02-2026,Sales,1311,Customer 22,72862.60,,
22-02-2026,Sales,1311,Sales - Local,,72862.60,
22-02-2026,Receipt,909,Cash,14033.85,,
22-02-2026,Receipt,909,Customer 17,,14033.85,
22-02-2026,Sales,1312,Cash,27906.24,,
22-02-2026,Sales,1312,Sales - Local,,27906.24,
22-02-2026,Payment,1010,Supplier 04,57086.47,,
22-02-2026,Payment,1010,HDFC Bank Current A/c,,57086.47,
22-02-2026,Sales,1313,Cash,15234.75,,
22-02-2026,Sales,1313,Sales - Local,,15234.75,
23-02-2026,Receipt,910,Cash,16148.66,,
23-02-2026,Receipt,910,Customer 13,,16148.66,
23-02-2026,Payment,1011,Supplier 07,98245.22,,
23-02-2026,Payment,1011,HDFC Bank Current A/c,,98245.22,
23-02-2026,Purchase,705,Purchases - Local,67570.89,,
23-02-2026,Purchase,705,Supplier 10,,67570.89,
23-02-2026,Purchase,706,Purchases - Local,71339.48,,
23-02-2026,Purchase,706,Supplier 03,,71339.48,
23-02-2026,Receipt,911,HDFC Bank Current A/c,336272.49,,
23-02-2026,Receipt,911,Customer 20,,336272.49,
23-02-2026,Sales,1314,Customer 18,26162.50,,
23-02-2026,Sales,1314,Sales - Local,,26162.50,
23-02-2026,Payment,1012,Office Expenses,5703.35,,
23-02-2026,Payment,1012,Cash,,5703.35,
23-02-2026,Purchase,707,Purchases - Local,107723.91,,
23-02-2026,Purchase,707,Supplier 03,,107723.91,
23-02-2026,Purchase,708,Purchases - Local,12151.78,,
23-02-2026,Purchase,708,Supplier 03,,12151.78,
23-02-2026,Receipt,912,HDFC Bank Current A/c,501540.01,,
23-02-2026,Receipt,912,Customer 08,,501540.01,
23-02-2026,Purchase,709,Purchases - Local,64212.74,,
23-02-2026,Purchase,709,Supplier 08,,64212.74,
24-02-2026,Sales,1315,Customer 23,45792.26,,
24-02-2026,Sales,1315,Sales - Local,,45792.26,
24-02-2026,Sales,1316,Cash,2973.58,,
24-02-2026,Sales,1316,Sales - Local,,2973.58,
24-02-2026,Sales,1317,Cash,48026.22,,
24-02-2026,Sales,1317,Sales - Local,,48026.22,
24-02-2026,Payment,1013,Office Expenses,1431.49,,
24-02-2026,Payment,1013,Cash,,1431.49,
24-02-2026,Payment,1014,Conveyance,5451.62,,
24-02-2026,Payment,1014,Cash,,5451.62,
24-02-2026,Sales,1318,Customer 08,172644.61,,
24-02-2026,Sales,1318,Sales - Local,,172644.61,
24-02-2026,Payment,1015,Supplier 05,26056.03,,
24-02-2026,Payment,1015,HDFC Bank Current A/c,,26056.03,
24-02-2026,Receipt,913,Cash,4220.89,,
24-02-2026,Receipt,913,Customer 16,,4220.89,
24-02-2026,Purchase,710,Purchases - Local,24133.59,,
24-02-2026,Purchase,710,Supplier 05,,24133.59,
24-02-2026,Payment,1016,Staff Welfare,7829.42,,
24-02-2026,Payment,1016,Cash,,7829.42,
24-02-2026,Payment,1017,Supplier 04,59937.46,,
24-02-2026,Payment,1017,HDFC Bank Current A/c,,59937.46,
24-02-2026,Receipt,914,HDFC Bank Current A/c,368100.24,,
24-02-2026,Receipt,914,Customer 22,,368100.24,
25-02-2026,Sales,1319,Customer 02,155719.96,,
25-02-2026,Sales,1319,Sales - Local,,155719.96,
25-02-2026,Payment,1018,Supplier 12,65976.13,,
25-02-2026,Payment,1018,HDFC Bank Current A/c,,65976.13,
25-02-2026,Payment,1019,Supplier 08,71545.04,,
25-02-2026,Payment,1019,HDFC Bank Current A/c,,71545.04,
25-02-2026,Payment,1020,Conveyance,3588.58,,
25-02-2026,Payment,1020,Cash,,3588.58,
25-02-2026,Purchase,711,Purchases - Local,82796.10,,
25-02-2026,Purchase,711,Supplier 14,,82796.10,
25-02-2026,Receipt,915,HDFC Bank Current A/c,25760.43,,
25-02-2026,Receipt,915,Customer 18,,25760.43,
25-02-2026,Receipt,916,HDFC Bank Current A/c,69589.18,,
25-02-2026,Receipt,916,Customer 11,,69589.18,
25-02-2026,Payment,1021,Staff Welfare,8494.24,,
25-02-2026,Payment,1021,Cash,,8494.24,
25-02-2026,Payment,1022,Supplier 01,100861.47,,
25-02-2026,Payment,1022,HDFC Bank Current A/c,,100861.47,
25-02-2026,Sales,1320,Cash,35589.64,,
25-02-2026,Sales,1320,Sales - Local,,35589.64,
25-02-2026,Purchase,712,Purchases - Local,119773.84,,
25-02-2026,Purchase,712,Supplier 11,,119773.84,
25-02-2026,Payment,1023,Telephone Expenses,2066.13,,
25-02-2026,Payment,1023,Cash,,2066.13,
26-02-2026,Sales,1321,Cash,18155.72,,
26-02-2026,Sales,1321,Sales - Local,,18155.72,
26-02-2026,Receipt,917,HDFC Bank Current A/c,192523.68,,
26-02-2026,Receipt,917,Customer 22,,192523.68,
26-02-2026,Payment,1024,Supplier 10,30551.61,,
26-02-2026,Payment,1024,HDFC Bank Current A/c,,30551.61,
26-02-2026,Payment,1025,Supplier 11,59357.92,,
26-02-2026,Payment,1025,HDFC Bank Current A/c,,59357.92,
26-02-2026,Payment,1026,Supplier 01,176213.32,,
26-02-2026,Payment,1026,HDFC Bank Current A/c,,176213.32,
26-02-2026,Purchase,713,Purchases - Local,7041.20,,
26-02-2026,Purchase,713,Supplier 09,,7041.20,
26-02-2026,Receipt,918,HDFC Bank Current A/c,348029.72,,
26-02-2026,Receipt,918,Customer 16,,348029.72,
26-02-2026,Sales,1322,Customer 04,197797.48,,
26-02-2026,Sales,1322,Sales - Local,,197797.48,
26-02-2026,Sales,1323,Customer 02,196252.07,,
26-02-2026,Sales,1323,Sales - Local,,196252.07,
26-02-2026,Receipt,919,HDFC Bank Current A/c,175501.72,,
26-02-2026,Receipt,919,Customer 17,,175501.72,
26-02-2026,Purchase,714,Purchases - Local,63828.95,,
26-02-2026,Purchase,714,Supplier 15,,63828.95,
26-02-2026,Receipt,920,HDFC Bank Current A/c,58227.33,,
26-02-2026,Receipt,920,Customer 06,,58227.33,
27-02-2026,Purchase,715,Purchases - Local,79891.98,,
27-02-2026,Purchase,715,Supplier 01,,79891.98,
27-02-2026,Payment,1027,Supplier 11,15321.74,,
27-02-2026,Payment,1027,HDFC Bank Current A/c,,15321.74,
27-02-2026,Sales,1324,Cash,14206.93,,
27-02-2026,Sales,1324,Sales - Local,,14206.93,
27-02-2026,Payment,1028,Bank Charges,221.56,,
27-02-2026,Payment,1028,HDFC Bank Current A/c,,221.56,
27-02-2026,Purchase,716,Purchases - Local,63372.75,,
27-02-2026,Purchase,716,Supplier 11,,63372.75,
27-02-2026,Sales,1325,Cash,9097.84,,
27-02-2026,Sales,1325,Sales - Local,,9097.84,
27-02-2026,Payment,1029,Supplier 01,71100.16,,
27-02-2026,Payment,1029,HDFC Bank Current A/c,,71100.16,
27-02-2026,Receipt,921,HDFC Bank Current A/c,35254.76,,
27-02-2026,Receipt,921,Customer 13,,35254.76,
27-02-2026,Sales,1326,Customer 06,66746.89,,
27-02-2026,Sales,1326,Sales - Local,,66746.89,
27-02-2026,Receipt,922,HDFC Bank Current A/c,6759.14,,
27-02-2026,Receipt,922,Customer 18,,6759.14,
27-02-2026,Receipt,923,HDFC Bank Current A/c,71910.16,,
27-02-2026,Receipt,923,Customer 11,,71910.16,
27-02-2026,Payment,1030,Supplier 02,173250.21,,
27-02-2026,Payment,1030,HDFC Bank Current A/c,,173250.21,
28-02-2026,Sales,1327,Cash,18289.78,,
28-02-2026,Sales,1327,Sales - Local,,18289.78,
28-02-2026,Sales,1328,Customer 08,120925.58,,
28-02-2026,Sales,1328,Sales - Local,,120925.58,
28-02-2026,Purchase,717,Purchases - Local,24438.58,,
28-02-2026,Purchase,717,Supplier 10,,24438.58,
28-02-2026,Sales,1329,Customer 07,12573.10,,
28-02-2026,Sales,1329,Sales - Local,,12573.10,
28-02-2026,Sales,1330,Customer 13,141565.70,,
28-02-2026,Sales,1330,Sales - Local,,141565.70,
28-02-2026,Receipt,924,HDFC Bank Current A/c,355954.18,,
28-02-2026,Receipt,924,Customer 19,,355954.18,
28-02-2026,Receipt,925,HDFC Bank Current A/c,3379.20,,
28-02-2026,Receipt,925,Interest Received,,3379.20,
28-02-2026,Receipt,926,Cash,3578.27,,
28-02-2026,Receipt,926,Customer 03,,3578.27,
28-02-2026,Sales,1331,Customer 06,38790.77,,
28-02-2026,Sales,1331,Sales - Local,,38790.77,
28-02-2026,Sales,1332,Cash,27761.03,,
28-02-2026,Sales,1332,Sales - Local,,27761.03,
28-02-2026,Sales,1333,Cash,5299.82,,
28-02-2026,Sales,1333,Sales - Local,,5299.82,
28-02-2026,Sales,1334,Customer 16,118809.43,,
28-02-2026,Sales,1334,Sales - Local,,118809.43,
01-03-2026,Receipt,927,HDFC Bank Current A/c,3804.33,,
01-03-2026,Receipt,927,Interest Received,,3804.33,
01-03-2026,Receipt,928,HDFC Bank Current A/c,1956.37,,
01-03-2026,Receipt,928,Customer 25,,1956.37,
01-03-2026,Sales,1335,Customer 10,139400.55,,
01-03-2026,Sales,1335,Sales - Local,,139400.55,
01-03-2026,Payment,1031,Staff Welfare,4936.95,,
01-03-2026,Payment,1031,Cash,,4936.95,
01-03-2026,Payment,1032,Supplier 05,21525.16,,
01-03-2026,Payment,1032,HDFC Bank Current A/c,,21525.16,
01-03-2026,Sales,1336,Customer 11,62604.89,,
01-03-2026,Sales,1336,Sales - Local,,62604.89,
01-03-2026,Payment,1033,Supplier 15,40957.42,,
01-03-2026,Payment,1033,HDFC Bank Current A/c,,40957.42,
01-03-2026,Receipt,929,HDFC Bank Current A/c,164532.88,,
01-03-2026,Receipt,929,Customer 20,,164532.88,
01-03-2026,Sales,1337,Customer 13,139360.38,,
01-03-2026,Sales,1337,Sales - Local,,139360.38,
01-03-2026,Receipt,930,HDFC Bank Current A/c,1634.28,,
01-03-2026,Receipt,930,Customer 24,,1634.28,
01-03-2026,Sales,1338,Customer 09,195260.33,,
01-03-2026,Sales,1338,Sales - Local,,195260.33,
01-03-2026,Payment,1034,Telephone Expenses,3746.55,,
01-03-2026,Payment,1034,Cash,,3746.55,
02-03-2026,Purchase,718,Purchases - Local,36475.78,,
02-03-2026,Purchase,718,Supplier 12,,36475.78,
02-03-2026,Sales,1339,Customer 02,197806.32,,
02-03-2026,Sales,1339,Sales - Local,,197806.32,
02-03-2026,Sales,1340,Cash,25031.75,,
02-03-2026,Sales,1340,Sales - Local,,25031.75,
02-03-2026,Receipt,931,HDFC Bank Current A/c,151044.60,,
02-03-2026,Receipt,931,Customer 09,,151044.60,
02-03-2026,Sales,1341,Customer 22,68142.07,,
02-03-2026,Sales,1341,Sales - Local,,68142.07,
02-03-2026,Receipt,932,HDFC Bank Current A/c,1093.81,,
02-03-2026,Receipt,932,Customer 25,,1093.81,
02-03-2026,Receipt,933,HDFC Bank Current A/c,16398.30,,
02-03-2026,Receipt,933,Customer 16,,16398.30,
02-03-2026,Receipt,934,HDFC Bank Current A/c,17419.21,,
02-03-2026,Receipt,934,Customer 16,,17419.21,
02-03-2026,Sales,1342,Customer 01,53281.79,,
02-03-2026,Sales,1342,Sales - Local,,53281.79,
02-03-2026,Receipt,935,HDFC Bank Current A/c,15406.81,,
02-03-2026,Receipt,935,Customer 03,,15406.81,
02-03-2026,Receipt,936,Cash,5346.40,,
02-03-2026,Receipt,936,Customer 24,,5346.40,
02-03-2026,Sales,1343,Cash,3420.04,,
02-03-2026,Sales,1343,Sales - Local,,3420.04,
03-03-2026,Receipt,937,Cash,13031.16,,
03-03-2026,Receipt,937,Customer 03,,13031.16,
03-03-2026,Receipt,938,HDFC Bank Current A/c,128375.27,,
03-03-2026,Receipt,938,Customer 10,,128375.27,
03-03-2026,Sales,1344,Customer 11,170984.05,,
03-03-2026,Sales,1344,Sales - Local,,170984.05,
03-03-2026,Purchase,719,Purchases - Local,105893.13,,
03-03-2026,Purchase,719,Supplier 13,,105893.13,
03-03-2026,Receipt,939,Cash,12459.45,,
03-03-2026,Receipt,939,Customer 21,,12459.45,
03-03-2026,Payment,1035,Supplier 15,11116.92,,
03-03-2026,Payment,1035,HDFC Bank Current A/c,,11116.92,
03-03-2026,Receipt,940,Cash,18813.37,,
03-03-2026,Receipt,940,Customer 23,,18813.37,
03-03-2026,Sales,1345,Cash,49522.76,,
03-03-2026,Sales,1345,Sales - Local,,49522.76,
03-03-2026,Sales,1346,Customer 04,61452.27,,
03-03-2026,Sales,1346,Sales - Local,,61452.27,
03-03-2026,Payment,1036,Supplier 14,258326.21,,
03-03-2026,Payment,1036,HDFC Bank Current A/c,,258326.21,
03-03-2026,Sales,1347,Customer 21,40268.35,,
03-03-2026,Sales,1347,Sales - Local,,40268.35,
04-03-2026,Sales,1348,Customer 09,116486.75,,
04-03-2026,Sales,1348,Sales - Local,,116486.75,
04-03-2026,Receipt,941,Cash,15101.65,,
04-03-2026,Receipt,941,Customer 13,,15101.65,
04-03-2026,Sales,1349,Cash,18739.76,,
04-03-2026,Sales,1349,Sales - Local,,18739.76,
04-03-2026,Sales,1350,Cash,41295.80,,
04-03-2026,Sales,1350,Sales - Local,,41295.80,
04-03-2026,Payment,1037,Supplier 15,41937.23,,
04-03-2026,Payment,1037,HDFC Bank Current A/c,,41937.23,
04-03-2026,Sales,1351,Customer 07,7647.51,,
04-03-2026,Sales,1351,Sales - Local,,7647.51,
04-03-2026,Sales,1352,Customer 19,78698.55,,
04-03-2026,Sales,1352,Sales - Local,,78698.55,
04-03-2026,Sales,1353,Customer 07,99675.19,,
04-03-2026,Sales,1353,Sales - Local,,99675.19,
04-03-2026,Sales,1354,Cash,13295.17,,
04-03-2026,Sales,1354,Sales - Local,,13295.17,
04-03-2026,Payment,1038,Supplier 03,235899.41,,
04-03-2026,Payment,1038,HDFC Bank Current A/c,,235899.41,
04-03-2026,Payment,1039,Supplier 12,63951.95,,
04-03-2026,Payment,1039,HDFC Bank Current A/c,,63951.95,
04-03-2026,Receipt,942,HDFC Bank Current A/c,10715.22,,
04-03-2026,Receipt,942,Customer 11,,10715.22,
05-03-2026,Payment,1040,Supplier 03,430400.97,,
05-03-2026,Payment,1040,HDFC Bank Current A/c,,430400.97,
05-03-2026,Sales,1355,Customer 25,110949.43,,
05-03-2026,Sales,1355,Sales - Local,,110949.43,
05-03-2026,Sales,1356,Customer 09,129031.21,,
05-03-2026,Sales,1356,Sales - Local,,129031.21,
05-03-2026,Payment,1041,Office Expenses,278.04,,
05-03-2026,Payment,1041,Cash,,278.04,
05-03-2026,Purchase,720,Purchases - Local,111621.91,,
05-03-2026,Purchase,720,Supplier 04,,111621.91,
05-03-2026,Purchase,721,Purchases - Local,85758.40,,
05-03-2026,Purchase,721,Supplier 02,,85758.40,
05-03-2026,Payment,1042,Supplier 11,83390.20,,
05-03-2026,Payment,1042,HDFC Bank Current A/c,,83390.20,
05-03-2026,Purchase,722,Purchases - Local,41469.24,,
05-03-2026,Purchase,722,Supplier 15,,41469.24,
05-03-2026,Sales,1357,Cash,32633.89,,
05-03-2026,Sales,1357,Sales - Local,,32633.89,
05-03-2026,Payment,1043,Supplier 11,5914.49,,
05-03-2026,Payment,1043,HDFC Bank Current A/c,,5914.49,
05-03-2026,Sales,1358,Cash,5692.89,,
05-03-2026,Sales,1358,Sales - Local,,5692.89,
05-03-2026,Receipt,943,HDFC Bank Current A/c,91504.99,,
05-03-2026,Receipt,943,Customer 06,,91504.99,
06-03-2026,Purchase,723,Purchases - Local,38511.21,,
06-03-2026,Purchase,723,Supplier 05,,38511.21,
06-03-2026,Receipt,944,HDFC Bank Current A/c,17725.74,,
06-03-2026,Receipt,944,Customer 03,,17725.74,
06-03-2026,Purchase,724,Purchases - Local,40942.38,,
06-03-2026,Purchase,724,Supplier 14,,40942.38,
06-03-2026,Receipt,945,HDFC Bank Current A/c,17568.97,,
06-03-2026,Receipt,945,Customer 23,,17568.97,
06-03-2026,Receipt,946,HDFC Bank Current A/c,19360.54,,
06-03-2026,Receipt,946,Customer 10,,19360.54,
06-03-2026,Receipt,947,HDFC Bank Current A/c,124160.15,,
06-03-2026,Receipt,947,Customer 11,,124160.15,
06-03-2026,Sales,1359,Customer 09,124436.54,,
06-03-2026,Sales,1359,Sales - Local,,124436.54,
06-03-2026,Payment,1044,Supplier 08,108523.55,,
06-03-2026,Payment,1044,HDFC Bank Current A/c,,108523.55,
06-03-2026,Sales,1360,Cash,28495.94,,
06-03-2026,Sales,1360,Sales - Local,,28495.94,
06-03-2026,Sales,1361,Customer 12,118234.91,,
06-03-2026,Sales,1361,Sales - Local,,118234.91,
06-03-2026,Receipt,948,HDFC Bank Current A/c,87818.06,,
06-03-2026,Receipt,948,Customer 11,,87818.06,
06-03-2026,Purchase,725,Purchases - Local,79457.98,,
06-03-2026,Purchase,725,Supplier 07,,79457.98,
07-03-2026,Payment,1045,Supplier 03,68056.41,,
07-03-2026,Payment,1045,HDFC Bank Current A/c,,68056.41,
07-03-2026,Purchase,726,Purchases - Local,59106.71,,
07-03-2026,Purchase,726,Supplier 01,,59106.71,
07-03-2026,Payment,1046,Supplier 07,54481.40,,
07-03-2026,Payment,1046,HDFC Bank Current A/c,,54481.40,
07-03-2026,Sales,1362,Customer 13,179545.33,,
07-03-2026,Sales,1362,Sales - Local,,179545.33,
07-03-2026,Purchase,727,Purchases - Local,102614.67,,
07-03-2026,Purchase,727,Supplier 08,,102614.67,
07-03-2026,Receipt,949,HDFC Bank Current A/c,33387.98,,
07-03-2026,Receipt,949,Customer 10,,33387.98,
07-03-2026,Purchase,728,Purchases - Local,48557.26,,
07-03-2026,Purchase,728,Supplier 04,,48557.26,
07-03-2026,Sales,1363,Customer 07,143114.72,,
07-03-2026,Sales,1363,Sales - Local,,143114.72,
07-03-2026,Sales,1364,Cash,20839.18,,
07-03-2026,Sales,1364,Sales - Local,,20839.18,
07-03-2026,Payment,1047,Printing & Stationery,7250.18,,
07-03-2026,Payment,1047,Cash,,7250.18,
07-03-2026,Sales,1365,Customer 13,59222.59,,
07-03-2026,Sales,1365,Sales - Local,,59222.59,
08-03-2026,Receipt,950,Cash,3193.11,,
08-03-2026,Receipt,950,Customer 11,,3193.11,
08-03-2026,Payment,1048,Supplier 12,5955.72,,
08-03-2026,Payment,1048,HDFC Bank Current A/c,,5955.72,
08-03-2026,Payment,1049,Office Expenses,7282.18,,
08-03-2026,Payment,1049,Cash,,7282.18,
08-03-2026,Purchase,729,Purchases - Local,117536.11,,
08-03-2026,Purchase,729,Supplier 10,,117536.11,
08-03-2026,Purchase,730,Purchases - Local,55897.34,,
08-03-2026,Purchase,730,Supplier 10,,55897.34,
08-03-2026,Sales,1366,Cash,34814.19,,
08-03-2026,Sales,1366,Sales - Local,,34814.19,
08-03-2026,Payment,1050,Supplier 15,37244.82,,
08-03-2026,Payment,1050,HDFC Bank Current A/c,,37244.82,
08-03-2026,Sales,1367,Cash,44291.96,,
08-03-2026,Sales,1367,Sales - Local,,44291.96,
08-03-2026,Payment,1051,Supplier 05,26261.20,,
08-03-2026,Payment,1051,HDFC Bank Current A/c,,26261.20,
08-03-2026,Receipt,951,Cash,9204.16,,
08-03-2026,Receipt,951,Customer 11,,9204.16,
08-03-2026,Sales,1368,Customer 11,76227.28,,
08-03-2026,Sales,1368,Sales - Local,,76227.28,
08-03-2026,Purchase,731,Purchases - Local,22510.62,,
08-03-2026,Purchase,731,Supplier 10,,22510.62,
09-03-2026,Sales,1369,Customer 02,133955.73,,
09-03-2026,Sales,1369,Sales - Local,,133955.73,
09-03-2026,Sales,1370,Customer 15,145232.40,,
09-03-2026,Sales,1370,Sales - Local,,145232.40,
09-03-2026,Purchase,732,Purchases - Local,105613.71,,
09-03-2026,Purchase,732,Supplier 06,,105613.71,
09-03-2026,Receipt,952,HDFC Bank Current A/c,1152.06,,
09-03-2026,Receipt,952,Customer 03,,1152.06,
09-03-2026,Sales,1371,Cash,27456.50,,
09-03-2026,Sales,1371,Sales - Local,,27456.50,
09-03-2026,Payment,1052,Conveyance,5048.95,,
09-03-2026,Payment,1052,Cash,,5048.95,
09-03-2026,Payment,1053,Supplier 13,61185.20,,
09-03-2026,Payment,1053,HDFC Bank Current A/c,,61185.20,
09-03-2026,Purchase,733,Purchases - Local,48863.28,,
09-03-2026,Purchase,733,Supplier 07,,48863.28,
09-03-2026,Payment,1054,Printing & Stationery,2524.40,,
09-03-2026,Payment,1054,Cash,,2524.40,
09-03-2026,Purchase,734,Purchases - Local,43848.03,,
09-03-2026,Purchase,734,Supplier 07,,43848.03,
09-03-2026,Payment,1055,Staff Welfare,5830.61,,
09-03-2026,Payment,1055,Cash,,5830.61,
09-03-2026,Receipt,953,HDFC Bank Current A/c,77088.86,,
09-03-2026,Receipt,953,Customer 22,,77088.86,
10-03-2026,Sales,1372,Cash,15414.76,,
10-03-2026,Sales,1372,Sales - Local,,15414.76,
10-03-2026,Receipt,954,HDFC Bank Current A/c,59732.41,,
10-03-2026,Receipt,954,Customer 01,,59732.41,
10-03-2026,Sales,1373,Customer 17,46549.94,,
10-03-2026,Sales,1373,Sales - Local,,46549.94,
10-03-2026,Purchase,735,Purchases - Local,114240.47,,
10-03-2026,Purchase,735,Supplier 04,,114240.47,
10-03-2026,Purchase,736,Purchases - Local,86442.50,,
10-03-2026,Purchase,736,Supplier 03,,86442.50,
10-03-2026,Purchase,737,Purchases - Local,6104.17,,
10-03-2026,Purchase,737,Supplier 05,,6104.17,
10-03-2026,Receipt,955,HDFC Bank Current A/c,191538.97,,
10-03-2026,Receipt,955,Customer 15,,191538.97,
10-03-2026,Payment,1056,Bank Charges,176.13,,
10-03-2026,Payment,1056,HDFC Bank Current A/c,,176.13,
10-03-2026,Payment,1057,Staff Welfare,9202.36,,
10-03-2026,Payment,1057,Cash,,9202.36,
10-03-2026,Purchase,738,Purchases - Local,44976.81,,
10-03-2026,Purchase,738,Supplier 07,,44976.81,
10-03-2026,Purchase,739,Purchases - Local,74377.61,,
10-03-2026,Purchase,739,Supplier 03,,74377.61,
10-03-2026,Receipt,956,HDFC Bank Current A/c,340459.89,,
10-03-2026,Receipt,956,Customer 13,,340459.89,
11-03-2026,Payment,1058,Supplier 01,68153.40,,
11-03-2026,Payment,1058,HDFC Bank Current A/c,,68153.40,
11-03-2026,Payment,1059,Office Expenses,1978.71,,
11-03-2026,Payment,1059,Cash,,1978.71,
11-03-2026,Receipt,957,HDFC Bank Current A/c,199657.68,,
11-03-2026,Receipt,957,Customer 13,,199657.68,
11-03-2026,Payment,1060,Office Expenses,2484.94,,
11-03-2026,Payment,1060,Cash,,2484.94,
11-03-2026,Purchase,740,Purchases - Local,95659.52,,
11-03-2026,Purchase,740,Supplier 01,,95659.52,
11-03-2026,Sales,1374,Customer 16,172022.83,,
11-03-2026,Sales,1374,Sales - Local,,172022.83,
11-03-2026,Sales,1375,Customer 20,41289.54,,
11-03-2026,Sales,1375,Sales - Local,,41289.54,
11-03-2026,Receipt,958,HDFC Bank Current A/c,68421.08,,
11-03-2026,Receipt,958,Customer 14,,68421.08,
11-03-2026,Receipt,959,HDFC Bank Current A/c,4950.98,,
11-03-2026,Receipt,959,Customer 05,,4950.98,
11-03-2026,Sales,1376,Customer 03,158698.13,,
11-03-2026,Sales,1376,Sales - Local,,158698.13,
11-03-2026,Payment,1061,Supplier 13,168967.95,,
11-03-2026,Payment,1061,HDFC Bank Current A/c,,168967.95,
11-03-2026,Payment,1062,Supplier 04,228579.20,,
11-03-2026,Payment,1062,HDFC Bank Current A/c,,228579.20,
12-03-2026,Payment,1063,Rent,25000.00,,
12-03-2026,Payment,1063,HDFC Bank Current A/c,,25000.00,
12-03-2026,Payment,1064,Salary,51808.02,,
12-03-2026,Payment,1064,HDFC Bank Current A/c,,51808.02,
12-03-2026,Payment,1065,Electricity Charges,4463.40,,
12-03-2026,Payment,1065,HDFC Bank Current A/c,,4463.40,
12-03-2026,Journal,23,Interest on Unsecured Loans,3000.00,,
12-03-2026,Journal,23,Unsecured Loan - Rajesh Kumar,,2700.00,
12-03-2026,Journal,23,TDS Payable,,300.00,
12-03-2026,Payment,1066,TDS Payable,300.00,,
12-03-2026,Payment,1066,HDFC Bank Current A/c,,300.00,
12-03-2026,Payment,1067,HDFC Bank Term Loan,40000.00,,
12-03-2026,Payment,1067,HDFC Bank Current A/c,,40000.00,
12-03-2026,Payment,1068,Interest on Term Loan,6171.48,,
12-03-2026,Payment,1068,HDFC Bank Current A/c,,6171.48,
12-03-2026,Journal,24,Travelling Expenses,769.97,,
12-03-2026,Journal,24,HDFC Bank Current A/c,,769.97,
12-03-2026,Receipt,960,HDFC Bank Current A/c,158503.88,,
12-03-2026,Receipt,960,Customer 03,,158503.88,
12-03-2026,Purchase,741,Purchases - Local,50761.45,,
12-03-2026,Purchase,741,Supplier 13,,50761.45,
12-03-2026,Sales,1377,Customer 04,185322.77,,
12-03-2026,Sales,1377,Sales - Local,,185322.77,
12-03-2026,Sales,1378,Cash,26538.43,,
12-03-2026,Sales,1378,Sales - Local,,26538.43,
12-03-2026,Sales,1379,Customer 04,44912.48,,
12-03-2026,Sales,1379,Sales - Local,,44912.48,
12-03-2026,Purchase,742,Purchases - Local,119996.99,,
12-03-2026,Purchase,742,Supplier 10,,119996.99,
12-03-2026,Payment,1069,Conveyance,7527.69,,
12-03-2026,Payment,1069,Cash,,7527.69,
12-03-2026,Purchase,743,Purchases - Local,114232.03,,
12-03-2026,Purchase,743,Supplier 07,,114232.03,
12-03-2026,Sales,1380,Customer 10,121212.21,,
12-03-2026,Sales,1380,Sales - Local,,121212.21,
12-03-2026,Payment,1070,Supplier 14,31706.22,,
12-03-2026,Payment,1070,HDFC Bank Current A/c,,31706.22,
12-03-2026,Receipt,961,Cash,7743.27,,
12-03-2026,Receipt,961,Customer 01,,7743.27,
12-03-2026,Sales,1381,Customer 15,194998.04,,
12-03-2026,Sales,1381,Sales - Local,,194998.04,
13-03-2026,Sales,1382,Cash,41362.93,,
13-03-2026,Sales,1382,Sales - Local,,41362.93,
13-03-2026,Payment,1071,Office Expenses,6475.32,,
13-03-2026,Payment,1071,Cash,,6475.32,
13-03-2026,Sales,1383,Customer 08,113848.05,,
13-03-2026,Sales,1383,Sales - Local,,113848.05,
13-03-2026,Receipt,962,HDFC Bank Current A/c,55883.22,,
13-03-2026,Receipt,962,Customer 25,,55883.22,
13-03-2026,Sales,1384,Cash,25347.54,,
13-03-2026,Sales,1384,Sales - Local,,25347.54,
13-03-2026,Sales,1385,Cash,38761.03,,
13-03-2026,Sales,1385,Sales - Local,,38761.03,
13-03-2026,Payment,1072,Telephone Expenses,1153.70,,
13-03-2026,Payment,1072,Cash,,1153.70,
13-03-2026,Sales,1386,Customer 11,32123.42,,
13-03-2026,Sales,1386,Sales - Local,,32123.42,
13-03-2026,Sales,1387,Customer 07,158205.53,,
13-03-2026,Sales,1387,Sales - Local,,158205.53,
13-03-2026,Sales,1388,Cash,29301.76,,
13-03-2026,Sales,1388,Sales - Local,,29301.76,
13-03-2026,Purchase,744,Purchases - Local,74176.94,,
13-03-2026,Purchase,744,Supplier 13,,74176.94,
13-03-2026,Payment,1073,Supplier 02,92698.56,,
13-03-2026,Payment,1073,HDFC Bank Current A/c,,92698.56,
14-03-2026,Payment,1074,Supplier 07,472619.33,,
14-03-2026,Payment,1074,HDFC Bank Current A/c,,472619.33,
14-03-2026,Receipt,963,HDFC Bank Current A/c,286620.12,,
14-03-2026,Receipt,963,Customer 22,,286620.12,
14-03-2026,Receipt,964,HDFC Bank Current A/c,68821.35,,
14-03-2026,Receipt,964,Customer 15,,68821.35,
14-03-2026,Sales,1389,Customer 08,167618.93,,
14-03-2026,Sales,1389,Sales - Local,,167618.93,
14-03-2026,Receipt,965,HDFC Bank Current A/c,23522.79,,
14-03-2026,Receipt,965,Customer 17,,23522.79,
14-03-2026,Sales,1390,Cash,18774.80,,
14-03-2026,Sales,1390,Sales - Local,,18774.80,
14-03-2026,Payment,1075,Supplier 11,10166.19,,
14-03-2026,Payment,1075,HDFC Bank Current A/c,,10166.19,
14-03-2026,Sales,1391,Customer 23,133353.10,,
14-03-2026,Sales,1391,Sales - Local,,133353.10,
14-03-2026,Sales,1392,Cash,28869.83,,
14-03-2026,Sales,1392,Sales - Local,,28869.83,
14-03-2026,Sales,1393,Cash,33233.63,,
14-03-2026,Sales,1393,Sales - Local,,33233.63,
14-03-2026,Sales,1394,Cash,37692.25,,
14-03-2026,Sales,1394,Sales - Local,,37692.25,
14-03-2026,Purchase,745,Purchases - Local,50068.80,,
14-03-2026,Purchase,745,Supplier 03,,50068.80,
15-03-2026,Payment,1076,Supplier 12,1888.69,,
15-03-2026,Payment,1076,HDFC Bank Current A/c,,1888.69,
15-03-2026,Payment,1077,Supplier 10,305045.41,,
15-03-2026,Payment,1077,HDFC Bank Current A/c,,305045.41,
15-03-2026,Receipt,966,HDFC Bank Current A/c,83387.53,,
15-03-2026,Receipt,966,Customer 23,,83387.53,
15-03-2026,Payment,1078,Staff Welfare,2821.09,,
15-03-2026,Payment,1078,Cash,,2821.09,
15-03-2026,Receipt,967,HDFC Bank Current A/c,117212.57,,
15-03-2026,Receipt,967,Customer 02,,117212.57,
15-03-2026,Purchase,746,Purchases - Local,112952.68,,
15-03-2026,Purchase,746,Supplier 09,,112952.68,
15-03-2026,Receipt,968,Cash,18437.17,,
15-03-2026,Receipt,968,Customer 10,,18437.17,
15-03-2026,Payment,1079,Office Expenses,5644.37,,
15-03-2026,Payment,1079,Cash,,5644.37,
15-03-2026,Sales,1395,Cash,33626.62,,
15-03-2026,Sales,1395,Sales - Local,,33626.62,
15-03-2026,Purchase,747,Purchases - Local,88139.83,,
15-03-2026,Purchase,747,Supplier 06,,88139.83,
15-03-2026,Purchase,748,Purchases - Local,91384.01,,
15-03-2026,Purchase,748,Supplier 10,,91384.01,
15-03-2026,Sales,1396,Cash,12329.84,,
15-03-2026,Sales,1396,Sales - Local,,12329.84,
16-03-2026,Sales,1397,Customer 17,176950.47,,
16-03-2026,Sales,1397,Sales - Local,,176950.47,
16-03-2026,Receipt,969,HDFC Bank Current A/c,28333.66,,
16-03-2026,Receipt,969,Customer 11,,28333.66,
16-03-2026,Purchase,749,Purchases - Local,67072.11,,
16-03-2026,Purchase,749,Supplier 10,,67072.11,
16-03-2026,Receipt,970,HDFC Bank Current A/c,161048.07,,
16-03-2026,Receipt,970,Customer 15,,161048.07,
16-03-2026,Receipt,971,HDFC Bank Current A/c,71046.82,,
16-03-2026,Receipt,971,Customer 10,,71046.82,
16-03-2026,Sales,1398,Cash,36209.40,,
16-03-2026,Sales,1398,Sales - Local,,36209.40,
16-03-2026,Receipt,972,HDFC Bank Current A/c,32339.30,,
16-03-2026,Receipt,972,Customer 04,,32339.30,
16-03-2026,Sales,1399,Customer 23,74122.22,,
16-03-2026,Sales,1399,Sales - Local,,74122.22,
16-03-2026,Payment,1080,Supplier 13,31824.71,,
16-03-2026,Payment,1080,HDFC Bank Current A/c,,31824.71,
16-03-2026,Receipt,973,HDFC Bank Current A/c,15822.20,,
16-03-2026,Receipt,973,Customer 22,,15822.20,
16-03-2026,Receipt,974,HDFC Bank Current A/c,68773.24,,
16-03-2026,Receipt,974,Customer 15,,68773.24,
17-03-2026,Purchase,750,Purchases - Local,11300.41,,
17-03-2026,Purchase,750,Supplier 02,,11300.41,
17-03-2026,Receipt,975,Cash,17149.78,,
17-03-2026,Receipt,975,Customer 07,,17149.78,
17-03-2026,Payment,1081,Supplier 15,39571.54,,
17-03-2026,Payment,1081,HDFC Bank Current A/c,,39571.54,
17-03-2026,Receipt,976,HDFC Bank Current A/c,4357.65,,
17-03-2026,Receipt,976,Customer 13,,4357.65,
17-03-2026,Sales,1400,Cash,22783.40,,
17-03-2026,Sales,1400,Sales - Local,,22783.40,
17-03-2026,Payment,1082,Supplier 11,10571.40,,
17-03-2026,Payment,1082,HDFC Bank Current A/c,,10571.40,
17-03-2026,Purchase,751,Purchases - Local,93717.78,,
17-03-2026,Purchase,751,Supplier 11,,93717.78,
17-03-2026,Purchase,752,Purchases - Local,119296.35,,
17-03-2026,Purchase,752,Supplier 08,,119296.35,
17-03-2026,Payment,1083,Supplier 07,18370.85,,
17-03-2026,Payment,1083,HDFC Bank Current A/c,,18370.85,
17-03-2026,Sales,1401,Customer 10,151108.52,,
17-03-2026,Sales,1401,Sales - Local,,151108.52,
17-03-2026,Receipt,977,Cash,16970.84,,
17-03-2026,Receipt,977,Customer 17,,16970.84,
17-03-2026,Payment,1084,Supplier 08,362491.20,,
17-03-2026,Payment,1084,HDFC Bank Current A/c,,362491.20,
18-03-2026,Payment,1085,Bank Charges,46.61,,
18-03-2026,Payment,1085,HDFC Bank Current A/c,,46.61,
18-03-2026,Sales,1402,Cash,49816.44,,
18-03-2026,Sales,1402,Sales - Local,,49816.44,
18-03-2026,Receipt,978,HDFC Bank Current A/c,44447.15,,
18-03-2026,Receipt,978,Customer 13,,44447.15,
18-03-2026,Purchase,753,Purchases - Local,5177.30,,
18-03-2026,Purchase,753,Supplier 10,,5177.30,
18-03-2026,Sales,1403,Cash,17622.88,,
18-03-2026,Sales,1403,Sales - Local,,17622.88,
18-03-2026,Payment,1086,Staff Welfare,9593.72,,
18-03-2026,Payment,1086,Cash,,9593.72,
18-03-2026,Purchase,754,Purchases - Local,83533.41,,
18-03-2026,Purchase,754,Supplier 02,,83533.41,
18-03-2026,Purchase,755,Purchases - Local,73656.21,,
18-03-2026,Purchase,755,Supplier 15,,73656.21,
18-03-2026,Payment,1087,Supplier 15,49002.87,,
18-03-2026,Payment,1087,HDFC Bank Current A/c,,49002.87,
18-03-2026,Receipt,979,HDFC Bank Current A/c,137059.70,,
18-03-2026,Receipt,979,Customer 07,,137059.70,
18-03-2026,Sales,1404,Customer 06,41778.42,,
18-03-2026,Sales,1404,Sales - Local,,41778.42,
18-03-2026,Receipt,980,Cash,4507.04,,
18-03-2026,Receipt,980,Customer 13,,4507.04,
19-03-2026,Sales,1405,Customer 05,180698.76,,
19-03-2026,Sales,1405,Sales - Local,,180698.76,
19-03-2026,Payment,1088,Supplier 06,124479.47,,
19-03-2026,Payment,1088,HDFC Bank Current A/c,,124479.47,
19-03-2026,Sales,1406,Customer 11,141862.83,,
19-03-2026,Sales,1406,Sales - Local,,141862.83,
19-03-2026,Payment,1089,Printing & Stationery,6601.42,,
19-03-2026,Payment,1089,Cash,,6601.42,
19-03-2026,Sales,1407,Customer 07,171473.41,,
19-03-2026,Sales,1407,Sales - Local,,171473.41,
19-03-2026,Payment,1090,Supplier 09,80263.30,,
19-03-2026,Payment,1090,HDFC Bank Current A/c,,80263.30,
19-03-2026,Sales,1408,Cash,17233.67,,
19-03-2026,Sales,1408,Sales - Local,,17233.67,
19-03-2026,Sales,1409,Customer 04,21546.76,,
19-03-2026,Sales,1409,Sales - Local,,21546.76,
19-03-2026,Receipt,981,HDFC Bank Current A/c,306310.55,,
19-03-2026,Receipt,981,Customer 09,,306310.55,
19-03-2026,Receipt,982,HDFC Bank Current A/c,2780.02,,
19-03-2026,Receipt,982,Customer 18,,2780.02,
19-03-2026,Sales,1410,Customer 12,150686.73,,
19-03-2026,Sales,1410,Sales - Local,,150686.73,
20-03-2026,Receipt,983,HDFC Bank Current A/c,129389.25,,
20-03-2026,Receipt,983,Customer 17,,129389.25,
20-03-2026,Receipt,984,HDFC Bank Current A/c,138100.68,,
20-03-2026,Receipt,984,Customer 10,,138100.68,
20-03-2026,Sales,1411,Customer 17,94984.12,,
20-03-2026,Sales,1411,Sales - Local,,94984.12,
20-03-2026,Payment,1091,Office Expenses,4980.77,,
20-03-2026,Payment,1091,Cash,,4980.77,
20-03-2026,Purchase,756,Purchases - Local,87580.87,,
20-03-2026,Purchase,756,Supplier 13,,87580.87,
20-03-2026,Payment,1092,Conveyance,1704.70,,
20-03-2026,Payment,1092,Cash,,1704.70,
20-03-2026,Payment,1093,Bank Charges,480.72,,
20-03-2026,Payment,1093,HDFC Bank Current A/c,,480.72,
20-03-2026,Sales,1412,Cash,27333.90,,
20-03-2026,Sales,1412,Sales - Local,,27333.90,
20-03-2026,Sales,1413,Cash,19469.71,,
20-03-2026,Sales,1413,Sales - Local,,19469.71,
20-03-2026,Receipt,985,HDFC Bank Current A/c,16237.75,,
20-03-2026,Receipt,985,Customer 10,,16237.75,
21-03-2026,Payment,1094,Supplier 14,11661.16,,
21-03-2026,Payment,1094,HDFC Bank Current A/c,,11661.16,
21-03-2026,Payment,1095,Supplier 06,104703.20,,
21-03-2026,Payment,1095,HDFC Bank Current A/c,,104703.20,
21-03-2026,Receipt,986,Cash,8669.72,,
21-03-2026,Receipt,986,Customer 05,,8669.72,
21-03-2026,Purchase,757,Purchases - Local,43040.27,,
21-03-2026,Purchase,757,Supplier 05,,43040.27,
21-03-2026,Purchase,758,Purchases - Local,57472.75,,
21-03-2026,Purchase,758,Supplier 01,,57472.75,
21-03-2026,Receipt,987,HDFC Bank Current A/c,1362.02,,
21-03-2026,Receipt,987,Customer 06,,1362.02,
21-03-2026,Sales,1414,Cash,13758.88,,
21-03-2026,Sales,1414,Sales - Local,,13758.88,
21-03-2026,Receipt,988,HDFC Bank Current A/c,48855.66,,
21-03-2026,Receipt,988,Customer 20,,48855.66,
21-03-2026,Payment,1096,Office Expenses,4715.59,,
21-03-2026,Payment,1096,Cash,,4715.59,
21-03-2026,Sales,1415,Customer 22,127881.53,,
21-03-2026,Sales,1415,Sales - Local,,127881.53,
21-03-2026,Receipt,989,HDFC Bank Current A/c,154871.58,,
21-03-2026,Receipt,989,Customer 16,,154871.58,
21-03-2026,Payment,1097,Office Expenses,2526.63,,
21-03-2026,Payment,1097,Cash,,2526.63,
22-03-2026,Sales,1416,Cash,22595.88,,
22-03-2026,Sales,1416,Sales - Local,,22595.88,
22-03-2026,Payment,1098,Conveyance,2777.27,,
22-03-2026,Payment,1098,Cash,,2777.27,
22-03-2026,Receipt,990,Cash,9979.09,,
22-03-2026,Receipt,990,Customer 07,,9979.09,
22-03-2026,Payment,1099,Staff Welfare,5240.17,,
22-03-2026,Payment,1099,Cash,,5240.17,
22-03-2026,Purchase,759,Purchases - Local,63667.33,,
22-03-2026,Purchase,759,Supplier 11,,63667.33,
22-03-2026,Purchase,760,Purchases - Local,56984.07,,
22-03-2026,Purchase,760,Supplier 10,,56984.07,
22-03-2026,Receipt,991,HDFC Bank Current A/c,141942.76,,
22-03-2026,Receipt,991,Customer 21,,141942.76,
22-03-2026,Purchase,761,Purchases - Local,36757.72,,
22-03-2026,Purchase,761,Supplier 07,,36757.72,
22-03-2026,Payment,1100,Telephone Expenses,7984.80,,
22-03-2026,Payment,1100,Cash,,7984.80,
22-03-2026,Sales,1417,Customer 03,94413.48,,
22-03-2026,Sales,1417,Sales - Local,,94413.48,
22-03-2026,Payment,1101,Supplier 08,78834.30,,
22-03-2026,Payment,1101,HDFC Bank Current A/c,,78834.30,
22-03-2026,Payment,1102,Conveyance,2251.95,,
22-03-2026,Payment,1102,Cash,,2251.95,
23-03-2026,Sales,1418,Customer 15,176654.88,,
23-03-2026,Sales,1418,Sales - Local,,176654.88,
23-03-2026,Purchase,762,Purchases - Local,44041.60,,
23-03-2026,Purchase,762,Supplier 12,,44041.60,
23-03-2026,Payment,1103,Office Expenses,6548.42,,
23-03-2026,Payment,1103,Cash,,6548.42,
23-03-2026,Sales,1419,Cash,30158.81,,
23-03-2026,Sales,1419,Sales - Local,,30158.81,
23-03-2026,Payment,1104,Conveyance,9641.48,,
23-03-2026,Payment,1104,Cash,,9641.48,
23-03-2026,Receipt,992,HDFC Bank Current A/c,447376.29,,
23-03-2026,Receipt,992,Customer 07,,447376.29,
23-03-2026,Sales,1420,Cash,43349.15,,
23-03-2026,Sales,1420,Sales - Local,,43349.15,
23-03-2026,Payment,1105,Conveyance,7835.67,,
23-03-2026,Payment,1105,Cash,,7835.67,
23-03-2026,Receipt,993,HDFC Bank Current A/c,696901.04,,
23-03-2026,Receipt,993,Customer 12,,696901.04,
23-03-2026,Purchase,763,Purchases - Local,73110.65,,
23-03-2026,Purchase,763,Supplier 08,,73110.65,
23-03-2026,Payment,1106,Supplier 08,60300.87,,
23-03-2026,Payment,1106,HDFC Bank Current A/c,,60300.87,
23-03-2026,Sales,1421,Cash,11441.63,,
23-03-2026,Sales,1421,Sales - Local,,11441.63,
24-03-2026,Sales,1422,Cash,41214.10,,
24-03-2026,Sales,1422,Sales - Local,,41214.10,
24-03-2026,Sales,1423,Cash,16238.75,,
24-03-2026,Sales,1423,Sales - Local,,16238.75,
24-03-2026,Sales,1424,Cash,27972.25,,
24-03-2026,Sales,1424,Sales - Local,,27972.25,
24-03-2026,Purchase,764,Purchases - Local,91403.24,,
24-03-2026,Purchase,764,Supplier 03,,91403.24,
24-03-2026,Sales,1425,Customer 12,74822.05,,
24-03-2026,Sales,1425,Sales - Local,,74822.05,
24-03-2026,Sales,1426,Cash,46271.03,,
24-03-2026,Sales,1426,Sales - Local,,46271.03,
24-03-2026,Payment,1107,Office Expenses,9702.51,,
24-03-2026,Payment,1107,Cash,,9702.51,
24-03-2026,Purchase,765,Purchases - Local,59294.20,,
24-03-2026,Purchase,765,Supplier 08,,59294.20,
24-03-2026,Payment,1108,Printing & Stationery,530.26,,
24-03-2026,Payment,1108,Cash,,530.26,
24-03-2026,Receipt,994,Cash,11597.84,,
24-03-2026,Receipt,994,Customer 09,,11597.84,
24-03-2026,Payment,1109,Staff Welfare,2829.20,,
24-03-2026,Payment,1109,Cash,,2829.20,
24-03-2026,Sales,1427,Customer 22,45783.21,,
24-03-2026,Sales,1427,Sales - Local,,45783.21,
25-03-2026,Purchase,766,Purchases - Local,20028.89,,
25-03-2026,Purchase,766,Supplier 09,,20028.89,
25-03-2026,Payment,1110,Supplier 10,118632.72,,
25-03-2026,Payment,1110,HDFC Bank Current A/c,,118632.72,
25-03-2026,Sales,1428,Cash,3171.75,,
25-03-2026,Sales,1428,Sales - Local,,3171.75,
25-03-2026,Payment,1111,Office Expenses,4710.52,,
25-03-2026,Payment,1111,Cash,,4710.52,
25-03-2026,Payment,1112,Supplier 07,12380.09,,
25-03-2026,Payment,1112,HDFC Bank Current A/c,,12380.09,
25-03-2026,Purchase,767,Purchases - Local,46084.20,,
25-03-2026,Purchase,767,Supplier 05,,46084.20,
25-03-2026,Sales,1429,Cash,7643.40,,
25-03-2026,Sales,1429,Sales - Local,,7643.40,
25-03-2026,Payment,1113,Supplier 12,12773.61,,
25-03-2026,Payment,1113,HDFC Bank Current A/c,,12773.61,
25-03-2026,Purchase,768,Purchases - Local,70379.78,,
25-03-2026,Purchase,768,Supplier 04,,70379.78,
25-03-2026,Receipt,995,HDFC Bank Current A/c,60386.42,,
25-03-2026,Receipt,995,Customer 06,,60386.42,
25-03-2026,Payment,1114,Bank Charges,375.62,,
25-03-2026,Payment,1114,HDFC Bank Current A/c,,375.62,
26-03-2026,Receipt,996,HDFC Bank Current A/c,119188.79,,
26-03-2026,Receipt,996,Customer 02,,119188.79,
26-03-2026,Payment,1115,Supplier 02,70074.81,,
26-03-2026,Payment,1115,HDFC Bank Current A/c,,70074.81,
26-03-2026,Receipt,997,HDFC Bank Current A/c,34235.37,,
26-03-2026,Receipt,997,Customer 10,,34235.37,
26-03-2026,Sales,1430,Cash,22887.29,,
26-03-2026,Sales,1430,Sales - Local,,22887.29,
26-03-2026,Purchase,769,Purchases - Local,103791.25,,
26-03-2026,Purchase,769,Supplier 01,,103791.25,
26-03-2026,Sales,1431,Customer 01,17461.40,,
26-03-2026,Sales,1431,Sales - Local,,17461.40,
26-03-2026,Sales,1432,Cash,34976.18,,
26-03-2026,Sales,1432,Sales - Local,,34976.18,
26-03-2026,Payment,1116,Supplier 09,121640.38,,
26-03-2026,Payment,1116,HDFC Bank Current A/c,,121640.38,
26-03-2026,Sales,1433,Customer 04,168498.01,,
26-03-2026,Sales,1433,Sales - Local,,168498.01,
26-03-2026,Sales,1434,Customer 17,188935.36,,
26-03-2026,Sales,1434,Sales - Local,,188935.36,
26-03-2026,Sales,1435,Customer 25,105000.65,,
26-03-2026,Sales,1435,Sales - Local,,105000.65,
27-03-2026,Sales,1436,Customer 04,117070.27,,
27-03-2026,Sales,1436,Sales - Local,,117070.27,
27-03-2026,Receipt,998,HDFC Bank Current A/c,2861.75,,
27-03-2026,Receipt,998,Interest Received,,2861.75,
27-03-2026,Purchase,770,Purchases - Local,86670.05,,
27-03-2026,Purchase,770,Supplier 08,,86670.05,
27-03-2026,Purchase,771,Purchases - Local,66594.36,,
27-03-2026,Purchase,771,Supplier 12,,66594.36,
27-03-2026,Receipt,999,HDFC Bank Current A/c,15703.16,,
27-03-2026,Receipt,999,Customer 03,,15703.16,
27-03-2026,Sales,1437,Customer 14,23338.02,,
27-03-2026,Sales,1437,Sales - Local,,23338.02,
27-03-2026,Payment,1117,Supplier 11,167711.30,,
27-03-2026,Payment,1117,HDFC Bank Current A/c,,167711.30,
27-03-2026,Purchase,772,Purchases - Local,38758.24,,
27-03-2026,Purchase,772,Supplier 03,,38758.24,
27-03-2026,Sales,1438,Cash,48890.07,,
27-03-2026,Sales,1438,Sales - Local,,48890.07,
27-03-2026,Payment,1118,Supplier 08,168162.93,,
27-03-2026,Payment,1118,HDFC Bank Current A/c,,168162.93,
27-03-2026,Payment,1119,Supplier 14,47580.10,,
27-03-2026,Payment,1119,HDFC Bank Current A/c,,47580.10,
27-03-2026,Sales,1439,Customer 25,182275.94,,
27-03-2026,Sales,1439,Sales - Local,,182275.94,
28-03-2026,Receipt,1000,HDFC Bank Current A/c,79470.12,,
28-03-2026,Receipt,1000,Customer 08,,79470.12,
28-03-2026,Payment,1120,Conveyance,4710.52,,
28-03-2026,Payment,1120,Cash,,4710.52,
28-03-2026,Receipt,1001,HDFC Bank Current A/c,88750.88,,
28-03-2026,Receipt,1001,Customer 09,,88750.88,
28-03-2026,Payment,1121,Supplier 14,1246.44,,
28-03-2026,Payment,1121,HDFC Bank Current A/c,,1246.44,
28-03-2026,Sales,1440,Cash,44406.13,,
28-03-2026,Sales,1440,Sales - Local,,44406.13,
28-03-2026,Payment,1122,Supplier 07,4350.58,,
28-03-2026,Payment,1122,HDFC Bank Current A/c,,4350.58,
28-03-2026,Receipt,1002,HDFC Bank Current A/c,107575.42,,
28-03-2026,Receipt,1002,Customer 16,,107575.42,
28-03-2026,Purchase,773,Purchases - Local,119779.03,,
28-03-2026,Purchase,773,Supplier 08,,119779.03,
28-03-2026,Purchase,774,Purchases - Local,18712.32,,
28-03-2026,Purchase,774,Supplier 15,,18712.32,
28-03-2026,Sales,1441,Customer 01,10624.06,,
28-03-2026,Sales,1441,Sales - Local,,10624.06,
28-03-2026,Sales,1442,Cash,12805.12,,
28-03-2026,Sales,1442,Sales - Local,,12805.12,
28-03-2026,Receipt,1003,HDFC Bank Current A/c,2526.36,,
28-03-2026,Receipt,1003,Customer 10,,2526.36,
29-03-2026,Payment,1123,Telephone Expenses,913.32,,
29-03-2026,Payment,1123,Cash,,913.32,
29-03-2026,Receipt,1004,Cash,2600.16,,
29-03-2026,Receipt,1004,Customer 21,,2600.16,
29-03-2026,Receipt,1005,HDFC Bank Current A/c,78264.45,,
29-03-2026,Receipt,1005,Customer 09,,78264.45,
29-03-2026,Receipt,1006,Cash,5319.80,,
29-03-2026,Receipt,1006,Customer 13,,5319.80,
29-03-2026,Payment,1124,Office Expenses,4673.90,,
29-03-2026,Payment,1124,Cash,,4673.90,
29-03-2026,Purchase,775,Purchases - Local,8629.71,,
29-03-2026,Purchase,775,Supplier 09,,8629.71,
29-03-2026,Purchase,776,Purchases - Local,51527.46,,
29-03-2026,Purchase,776,Supplier 09,,51527.46,
29-03-2026,Sales,1443,Customer 05,9313.67,,
29-03-2026,Sales,1443,Sales - Local,,9313.67,
29-03-2026,Sales,1444,Customer 14,19049.88,,
29-03-2026,Sales,1444,Sales - Local,,19049.88,
29-03-2026,Payment,1125,Supplier 12,35891.75,,
29-03-2026,Payment,1125,HDFC Bank Current A/c,,35891.75,
29-03-2026,Receipt,1007,Cash,8508.12,,
29-03-2026,Receipt,1007,Customer 14,,8508.12,
30-03-2026,Sales,1445,Customer 13,82261.02,,
30-03-2026,Sales,1445,Sales - Local,,82261.02,
30-03-2026,Sales,1446,Cash,37841.46,,
30-03-2026,Sales,1446,Sales - Local,,37841.46,
30-03-2026,Sales,1447,Customer 06,70799.95,,
30-03-2026,Sales,1447,Sales - Local,,70799.95,
30-03-2026,Sales,1448,Cash,44257.66,,
30-03-2026,Sales,1448,Sales - Local,,44257.66,
30-03-2026,Purchase,777,Purchases - Local,25323.96,,
30-03-2026,Purchase,777,Supplier 06,,25323.96,
30-03-2026,Purchase,778,Purchases - Local,111409.64,,
30-03-2026,Purchase,778,Supplier 14,,111409.64,
30-03-2026,Purchase,779,Purchases - Local,107722.52,,
30-03-2026,Purchase,779,Supplier 07,,107722.52,
30-03-2026,Payment,1126,Printing & Stationery,897.74,,
30-03-2026,Payment,1126,Cash,,897.74,
30-03-2026,Purchase,780,Purchases - Local,110562.15,,
30-03-2026,Purchase,780,Supplier 04,,110562.15,
30-03-2026,Receipt,1008,HDFC Bank Current A/c,303970.27,,
30-03-2026,Receipt,1008,Customer 17,,303970.27,
30-03-2026,Receipt,1009,Cash,6910.19,,
30-03-2026,Receipt,1009,Customer 06,,6910.19,
30-03-2026,Sales,1449,Customer 14,74165.25,,
30-03-2026,Sales,1449,Sales - Local,,74165.25,
31-03-2026,Sales,1450,Cash,4952.89,,
31-03-2026,Sales,1450,Sales - Local,,4952.89,
31-03-2026,Payment,1127,Staff Welfare,9652.26,,
31-03-2026,Payment,1127,Cash,,9652.26,
31-03-2026,Sales,1451,Customer 21,178362.50,,
31-03-2026,Sales,1451,Sales - Local,,178362.50,
31-03-2026,Purchase,781,Purchases - Local,47327.01,,
31-03-2026,Purchase,781,Supplier 07,,47327.01,
31-03-2026,Sales,1452,Customer 11,35962.20,,
31-03-2026,Sales,1452,Sales - Local,,35962.20,
31-03-2026,Purchase,782,Purchases - Local,64822.07,,
31-03-2026,Purchase,782,Supplier 14,,64822.07,
31-03-2026,Payment,1128,Conveyance,1386.24,,
31-03-2026,Payment,1128,Cash,,1386.24,
31-03-2026,Purchase,783,Purchases - Local,46978.50,,
31-03-2026,Purchase,783,Supplier 09,,46978.50,
31-03-2026,Purchase,784,Purchases - Local,8869.88,,
31-03-2026,Purchase,784,Supplier 08,,8869.88,
31-03-2026,Purchase,785,Purchases - Local,29609.33,,
31-03-2026,Purchase,785,Supplier 11,,29609.33,
31-03-2026,Journal,25,Depreciation,135000.00,,
31-03-2026,Journal,25,Plant & Machinery,,120000.00,
31-03-2026,Journal,25,Furniture & Fixtures,,15000.00,
31-03-2026,Journal,26,Directors' Remuneration,360000.00,,
31-03-2026,Journal,26,HDFC Bank Current A/c,,360000.00,
31-03-2026,Payment,1129,Advance Tax,150000.00,,
31-03-2026,Payment,1129,HDFC Bank Current A/c,,150000.00,
31-03-2026,Journal,27,Income Tax Expense,180000.00,,
31-03-2026,Journal,27,Provision for Income Tax,,180000.00,
31-03-2026,Payment,1130,Capital Work-in-Progress - Factory,400000.00,,
31-03-2026,Payment,1130,HDFC Bank Current A/c,,400000.00,
31-03-2026,Payment,1131,Investment in Mutual Funds,100000.00,,
31-03-2026,Payment,1131,HDFC Bank Current A/c,,100000.00,
