Date,Voucher Type,Voucher No,Ledger,Debit,Credit,Narration
01-04-2025,Sales,1,Cash,45995.60,,
01-04-2025,Sales,1,Sales - Local,,45995.60,
01-04-2025,Sales,2,Cash,40361.62,,
01-04-2025,Sales,2,Sales - Local,,40361.62,
01-04-2025,Receipt,1,HDFC Bank Current A/c,29003.82,,
01-04-2025,Receipt,1,Customer 04,,29003.82,
02-04-2025,Receipt,2,HDFC Bank Current A/c,77689.92,,
02-04-2025,Receipt,2,Customer 08,,77689.92,
02-04-2025,Receipt,3,HDFC Bank Current A/c,4833.28,,
02-04-2025,Receipt,3,Customer 06,,4833.28,
02-04-2025,Receipt,4,HDFC Bank Current A/c,15056.13,,
02-04-2025,Receipt,4,Customer 08,,15056.13,
03-04-2025,Purchase,1,Purchases - Local,105357.95,,
03-04-2025,Purchase,1,Supplier 04,,105357.95,
03-04-2025,Sales,3,Customer 08,24718.74,,
03-04-2025,Sales,3,Sales - Local,,24718.74,
03-04-2025,Receipt,5,HDFC Bank Current A/c,99751.95,,
03-04-2025,Receipt,5,Customer 04,,99751.95,
04-04-2025,Sales,4,Cash,10398.51,,
04-04-2025,Sales,4,Sales - Local,,10398.51,
04-04-2025,Sales,5,Customer 08,99444.25,,
04-04-2025,Sales,5,Sales - Local,,99444.25,
04-04-2025,Purchase,2,Purchases - Local,61604.62,,
04-04-2025,Purchase,2,Supplier 01,,61604.62,
05-04-2025,Sales,6,Customer 07,27755.67,,
05-04-2025,Sales,6,Sales - Local,,27755.67,
05-04-2025,Purchase,3,Purchases - Local,48347.34,,
05-04-2025,Purchase,3,Supplier 05,,48347.34,
05-04-2025,Receipt,6,HDFC Bank Current A/c,112069.43,,
05-04-2025,Receipt,6,Customer 03,,112069.43,
06-04-2025,Sales,7,Customer 05,133730.32,,
06-04-2025,Sales,7,Sales - Local,,133730.32,
06-04-2025,Sales,8,Customer 08,119894.95,,
06-04-2025,Sales,8,Sales - Local,,119894.95,
06-04-2025,Payment,1,Supplier 04,60063.48,,
06-04-2025,Payment,1,HDFC Bank Current A/c,,60063.48,
07-04-2025,Receipt,7,Cash,4233.02,,
07-04-2025,Receipt,7,Customer 06,,4233.02,
07-04-2025,Receipt,8,HDFC Bank Current A/c,133506.12,,
07-04-2025,Receipt,8,Customer 07,,133506.12,
07-04-2025,Receipt,9,HDFC Bank Current A/c,3229.20,,
07-04-2025,Receipt,9,Customer 01,,3229.20,
08-04-2025,Payment,2,Office Expenses,8103.75,,
08-04-2025,Payment,2,Cash,,8103.75,
08-04-2025,Purchase,4,Purchases - Local,100932.44,,
08-04-2025,Purchase,4,Supplier 01,,100932.44,
08-04-2025,Purchase,5,Purchases - Local,14193.75,,
08-04-2025,Purchase,5,Supplier 02,,14193.75,
09-04-2025,Payment,3,Supplier 02,51193.73,,
09-04-2025,Payment,3,HDFC Bank Current A/c,,51193.73,
09-04-2025,Sales,9,Cash,48515.39,,
09-04-2025,Sales,9,Sales - Local,,48515.39,
09-04-2025,Purchase,6,Purchases - Local,44020.95,,
09-04-2025,Purchase,6,Supplier 04,,44020.95,
10-04-2025,Receipt,10,HDFC Bank Current A/c,3842.80,,
10-04-2025,Receipt,10,Customer 03,,3842.80,
10-04-2025,Sales,10,Customer 03,130967.37,,
10-04-2025,Sales,10,Sales - Local,,130967.37,
10-04-2025,Receipt,11,Cash,15103.03,,
10-04-2025,Receipt,11,Customer 07,,15103.03,
11-04-2025,Receipt,12,Cash,4555.25,,
11-04-2025,Receipt,12,Customer 08,,4555.25,
11-04-2025,Payment,4,Printing & Stationery,6217.94,,
11-04-2025,Payment,4,Cash,,6217.94,
11-04-2025,Purchase,7,Purchases - Local,85602.14,,
11-04-2025,Purchase,7,Supplier 03,,85602.14,
12-04-2025,Sales,11,Customer 06,43340.06,,
12-04-2025,Sales,11,Sales - Local,,43340.06,
12-04-2025,Purchase,8,Purchases - Local,61966.03,,
12-04-2025,Purchase,8,Supplier 05,,61966.03,
12-04-2025,Payment,5,Office Expenses,4648.89,,
12-04-2025,Payment,5,Cash,,4648.89,
13-04-2025,Sales,12,Customer 06,90250.53,,
13-04-2025,Sales,12,Sales - Local,,90250.53,
13-04-2025,Payment,6,Office Expenses,4026.51,,
13-04-2025,Payment,6,Cash,,4026.51,
13-04-2025,Sales,13,Customer 07,130672.73,,
13-04-2025,Sales,13,Sales - Local,,130672.73,
14-04-2025,Purchase,9,Purchases - Local,88404.52,,
14-04-2025,Purchase,9,Supplier 04,,88404.52,
14-04-2025,Sales,14,Cash,11114.59,,
14-04-2025,Sales,14,Sales - Local,,11114.59,
14-04-2025,Sales,15,Customer 04,45791.98,,
14-04-2025,Sales,15,Sales - Local,,45791.98,
15-04-2025,Receipt,13,Cash,10940.67,,
15-04-2025,Receipt,13,Customer 05,,10940.67,
15-04-2025,Sales,16,Customer 05,141453.11,,
15-04-2025,Sales,16,Sales - Local,,141453.11,
15-04-2025,Purchase,10,Purchases - Local,90876.53,,
15-04-2025,Purchase,10,Supplier 02,,90876.53,
16-04-2025,Payment,7,Rent,25000.00,,
16-04-2025,Payment,7,HDFC Bank Current A/c,,25000.00,
16-04-2025,Payment,8,Salary,47960.69,,
16-04-2025,Payment,8,HDFC Bank Current A/c,,47960.69,
16-04-2025,Payment,9,Electricity Charges,5175.31,,
16-04-2025,Payment,9,HDFC Bank Current A/c,,5175.31,
16-04-2025,Journal,1,Interest on Unsecured Loans,3000.00,,
16-04-2025,Journal,1,Unsecured Loan - Rajesh Kumar,,2700.00,
16-04-2025,Journal,1,TDS Payable,,300.00,
16-04-2025,Payment,10,TDS Payable,300.00,,
16-04-2025,Payment,10,HDFC Bank Current A/c,,300.00,
16-04-2025,Receipt,14,HDFC Bank Current A/c,4225.64,,
16-04-2025,Receipt,14,Interest Received,,4225.64,
16-04-2025,Receipt,15,HDFC Bank Current A/c,15565.59,,
16-04-2025,Receipt,15,Customer 08,,15565.59,
16-04-2025,Purchase,11,Purchases - Local,87115.35,,
16-04-2025,Purchase,11,Supplier 03,,87115.35,
17-04-2025,Sales,17,Customer 01,166897.17,,
17-04-2025,Sales,17,Sales - Local,,166897.17,
17-04-2025,Payment,11,Supplier 02,21222.29,,
17-04-2025,Payment,11,HDFC Bank Current A/c,,21222.29,
17-04-2025,Sales,18,Customer 05,170601.39,,
17-04-2025,Sales,18,Sales - Local,,170601.39,
18-04-2025,Sales,19,Customer 04,11181.11,,
18-04-2025,Sales,19,Sales - Local,,11181.11,
18-04-2025,Receipt,16,HDFC Bank Current A/c,207056.78,,
18-04-2025,Receipt,16,Customer 05,,207056.78,
18-04-2025,Purchase,12,Purchases - Local,6616.91,,
18-04-2025,Purchase,12,Supplier 05,,6616.91,
19-04-2025,Sales,20,Customer 02,99799.30,,
19-04-2025,Sales,20,Sales - Local,,99799.30,
19-04-2025,Purchase,13,Purchases - Local,92832.52,,
19-04-2025,Purchase,13,Supplier 05,,92832.52,
19-04-2025,Payment,12,Supplier 01,103509.20,,
19-04-2025,Payment,12,HDFC Bank Current A/c,,103509.20,
20-04-2025,Payment,13,Supplier 05,192506.66,,
20-04-2025,Payment,13,HDFC Bank Current A/c,,192506.66,
20-04-2025,Sales,21,Customer 02,126644.60,,
20-04-2025,Sales,21,Sales - Local,,126644.60,
20-04-2025,Receipt,17,HDFC Bank Current A/c,88335.07,,
20-04-2025,Receipt,17,Customer 03,,88335.07,
21-04-2025,Sales,22,Customer 08,153259.00,,
21-04-2025,Sales,22,Sales - Local,,153259.00,
21-04-2025,Receipt,18,HDFC Bank Current A/c,47974.23,,
21-04-2025,Receipt,18,Customer 02,,47974.23,
21-04-2025,Sales,23,Cash,11916.04,,
21-04-2025,Sales,23,Sales - Local,,11916.04,
22-04-2025,Sales,24,Customer 07,114299.06,,
22-04-2025,Sales,24,Sales - Local,,114299.06,
22-04-2025,Sales,25,Customer 07,139775.80,,
22-04-2025,Sales,25,Sales - Local,,139775.80,
22-04-2025,Sales,26,Customer 02,139414.43,,
22-04-2025,Sales,26,Sales - Local,,139414.43,
23-04-2025,Receipt,19,HDFC Bank Current A/c,33084.15,,
23-04-2025,Receipt,19,Customer 08,,33084.15,
23-04-2025,Receipt,20,HDFC Bank Current A/c,61518.74,,
23-04-2025,Receipt,20,Customer 01,,61518.74,
23-04-2025,Sales,27,Cash,6328.02,,
23-04-2025,Sales,27,Sales - Local,,6328.02,
24-04-2025,Receipt,21,HDFC Bank Current A/c,286067.86,,
24-04-2025,Receipt,21,Customer 02,,286067.86,
24-04-2025,Sales,28,Cash,9839.23,,
24-04-2025,Sales,28,Sales - Local,,9839.23,
24-04-2025,Payment,14,Supplier 01,62883.77,,
24-04-2025,Payment,14,HDFC Bank Current A/c,,62883.77,
25-04-2025,Sales,29,Cash,18920.09,,
25-04-2025,Sales,29,Sales - Local,,18920.09,
25-04-2025,Sales,30,Customer 07,107705.30,,
25-04-2025,Sales,30,Sales - Local,,107705.30,
25-04-2025,Receipt,22,HDFC Bank Current A/c,107239.25,,
25-04-2025,Receipt,22,Customer 07,,107239.25,
26-04-2025,Receipt,23,HDFC Bank Current A/c,31229.83,,
26-04-2025,Receipt,23,Customer 06,,31229.83,
26-04-2025,Sales,31,Customer 03,133083.03,,
26-04-2025,Sales,31,Sales - Local,,133083.03,
26-04-2025,Sales,32,Customer 03,99039.32,,
26-04-2025,Sales,32,Sales - Local,,99039.32,
27-04-2025,Receipt,24,HDFC Bank Current A/c,213125.55,,
27-04-2025,Receipt,24,Customer 08,,213125.55,
27-04-2025,Payment,15,Printing & Stationery,9221.75,,
27-04-2025,Payment,15,Cash,,9221.75,
27-04-2025,Purchase,14,Purchases - Local,16684.36,,
27-04-2025,Purchase,14,Supplier 05,,16684.36,
28-04-2025,Purchase,15,Purchases - Local,12449.68,,
28-04-2025,Purchase,15,Supplier 05,,12449.68,
28-04-2025,Purchase,16,Purchases - Local,37299.32,,
28-04-2025,Purchase,16,Supplier 02,,37299.32,
28-04-2025,Receipt,25,Cash,5671.04,,
28-04-2025,Receipt,25,Customer 07,,5671.04,
29-04-2025,Sales,33,Cash,15356.83,,
29-04-2025,Sales,33,Sales - Local,,15356.83,
29-04-2025,Purchase,17,Purchases - Local,67535.41,,
29-04-2025,Purchase,17,Supplier 04,,67535.41,
29-04-2025,Sales,34,Customer 03,5920.01,,
29-04-2025,Sales,34,Sales - Local,,5920.01,
30-04-2025,Sales,35,Cash,4388.09,,
30-04-2025,Sales,35,Sales - Local,,4388.09,
30-04-2025,Sales,36,Customer 07,96950.21,,
30-04-2025,Sales,36,Sales - Local,,96950.21,
30-04-2025,Payment,16,Supplier 03,80953.34,,
30-04-2025,Payment,16,HDFC Bank Current A/c,,80953.34,
01-05-2025,Receipt,26,HDFC Bank Current A/c,375676.95,,
01-05-2025,Receipt,26,Customer 07,,375676.95,
01-05-2025,Receipt,27,HDFC Bank Current A/c,56747.47,,
01-05-2025,Receipt,27,Customer 02,,56747.47,
01-05-2025,Payment,17,Office Expenses,5128.36,,
01-05-2025,Payment,17,Cash,,5128.36,
02-05-2025,Sales,37,Customer 04,34322.49,,
02-05-2025,Sales,37,Sales - Local,,34322.49,
02-05-2025,Payment,18,Conveyance,7168.36,,
02-05-2025,Payment,18,Cash,,7168.36,
02-05-2025,Sales,38,Cash,9634.70,,
02-05-2025,Sales,38,Sales - Local,,9634.70,
03-05-2025,Payment,19,Printing & Stationery,6952.85,,
03-05-2025,Payment,19,Cash,,6952.85,
03-05-2025,Purchase,18,Purchases - Local,64694.70,,
03-05-2025,Purchase,18,Supplier 02,,64694.70,
03-05-2025,Sales,39,Customer 06,192008.96,,
03-05-2025,Sales,39,Sales - Local,,192008.96,
04-05-2025,Purchase,19,Purchases - Local,93044.28,,
04-05-2025,Purchase,19,Supplier 03,,93044.28,
04-05-2025,Payment,20,Telephone Expenses,9375.10,,
04-05-2025,Payment,20,Cash,,9375.10,
04-05-2025,Sales,40,Cash,23644.50,,
04-05-2025,Sales,40,Sales - Local,,23644.50,
05-05-2025,Purchase,20,Purchases - Local,34249.42,,
05-05-2025,Purchase,20,Supplier 04,,34249.42,
05-05-2025,Payment,21,Office Expenses,1943.38,,
05-05-2025,Payment,21,Cash,,1943.38,
05-05-2025,Receipt,28,HDFC Bank Current A/c,154241.91,,
05-05-2025,Receipt,28,Customer 06,,154241.91,
06-05-2025,Receipt,29,Cash,17478.93,,
06-05-2025,Receipt,29,Customer 01,,17478.93,
06-05-2025,Purchase,21,Purchases - Local,32087.94,,
06-05-2025,Purchase,21,Supplier 04,,32087.94,
06-05-2025,Sales,41,Customer 03,165507.00,,
06-05-2025,Sales,41,Sales - Local,,165507.00,
07-05-2025,Receipt,30,HDFC Bank Current A/c,83432.83,,
07-05-2025,Receipt,30,Customer 06,,83432.83,
07-05-2025,Sales,42,Customer 07,43563.92,,
07-05-2025,Sales,42,Sales - Local,,43563.92,
07-05-2025,Sales,43,Customer 06,109727.18,,
07-05-2025,Sales,43,Sales - Local,,109727.18,
08-05-2025,Receipt,31,Cash,850.52,,
08-05-2025,Receipt,31,Customer 05,,850.52,
08-05-2025,Payment,22,Supplier 03,117459.45,,
08-05-2025,Payment,22,HDFC Bank Current A/c,,117459.45,
08-05-2025,Purchase,22,Purchases - Local,29111.98,,
08-05-2025,Purchase,22,Supplier 04,,29111.98,
09-05-2025,Receipt,32,HDFC Bank Current A/c,15201.23,,
09-05-2025,Receipt,32,Customer 08,,15201.23,
09-05-2025,Receipt,33,HDFC Bank Current A/c,86980.11,,
09-05-2025,Receipt,33,Customer 08,,86980.11,
09-05-2025,Sales,44,Customer 08,44436.24,,
09-05-2025,Sales,44,Sales - Local,,44436.24,
10-05-2025,Payment,23,Office Expenses,1989.80,,
10-05-2025,Payment,23,Cash,,1989.80,
10-05-2025,Receipt,34,HDFC Bank Current A/c,99570.78,,
10-05-2025,Receipt,34,Customer 06,,99570.78,
10-05-2025,Sales,45,Customer 07,117330.76,,
10-05-2025,Sales,45,Sales - Local,,117330.76,
11-05-2025,Payment,24,Staff Welfare,1457.32,,
11-05-2025,Payment,24,Cash,,1457.32,
11-05-2025,Sales,46,Cash,38758.74,,
11-05-2025,Sales,46,Sales - Local,,38758.74,
11-05-2025,Sales,47,Cash,43274.14,,
11-05-2025,Sales,47,Sales - Local,,43274.14,
12-05-2025,Purchase,23,Purchases - Local,38758.28,,
12-05-2025,Purchase,23,Supplier 04,,38758.28,
12-05-2025,Purchase,24,Purchases - Local,7737.83,,
12-05-2025,Purchase,24,Supplier 05,,7737.83,
12-05-2025,Sales,48,Customer 08,188012.65,,
12-05-2025,Sales,48,Sales - Local,,188012.65,
13-05-2025,Purchase,25,Purchases - Local,23892.12,,
13-05-2025,Purchase,25,Supplier 05,,23892.12,
13-05-2025,Sales,49,Cash,46010.42,,
13-05-2025,Sales,49,Sales - Local,,46010.42,
13-05-2025,Payment,25,Conveyance,515.80,,
13-05-2025,Payment,25,Cash,,515.80,
14-05-2025,Purchase,26,Purchases - Local,18099.71,,
14-05-2025,Purchase,26,Supplier 02,,18099.71,
14-05-2025,Purchase,27,Purchases - Local,109855.90,,
14-05-2025,Purchase,27,Supplier 01,,109855.90,
14-05-2025,Receipt,35,HDFC Bank Current A/c,15328.32,,
14-05-2025,Receipt,35,Customer 04,,15328.32,
15-05-2025,Payment,26,Printing & Stationery,3866.05,,
15-05-2025,Payment,26,Cash,,3866.05,
15-05-2025,Receipt,36,HDFC Bank Current A/c,49238.14,,
15-05-2025,Receipt,36,Customer 04,,49238.14,
15-05-2025,Purchase,28,Purchases - Local,95345.73,,
15-05-2025,Purchase,28,Supplier 03,,95345.73,
16-05-2025,Payment,27,Rent,25000.00,,
16-05-2025,Payment,27,HDFC Bank Current A/c,,25000.00,
16-05-2025,Payment,28,Salary,53375.38,,
16-05-2025,Payment,28,HDFC Bank Current A/c,,53375.38,
16-05-2025,Payment,29,Electricity Charges,7971.49,,
16-05-2025,Payment,29,HDFC Bank Current A/c,,7971.49,
16-05-2025,Journal,2,Interest on Unsecured Loans,3000.00,,
16-05-2025,Journal,2,Unsecured Loan - Rajesh Kumar,,2700.00,
16-05-2025,Journal,2,TDS Payable,,300.00,
16-05-2025,Payment,30,TDS Payable,300.00,,
16-05-2025,Payment,30,HDFC Bank Current A/c,,300.00,
16-05-2025,Sales,50,Customer 08,170173.36,,
16-05-2025,Sales,50,Sales - Local,,170173.36,
16-05-2025,Sales,51,Cash,29317.71,,
16-05-2025,Sales,51,Sales - Local,,29317.71,
16-05-2025,Sales,52,Customer 03,194697.17,,
16-05-2025,Sales,52,Sales - Local,,194697.17,
17-05-2025,Payment,31,Conveyance,306.33,,
17-05-2025,Payment,31,Cash,,306.33,
17-05-2025,Purchase,29,Purchases - Local,48590.87,,
17-05-2025,Purchase,29,Supplier 01,,48590.87,
17-05-2025,Sales,53,Customer 02,65207.20,,
17-05-2025,Sales,53,Sales - Local,,65207.20,
18-05-2025,Receipt,37,HDFC Bank Current A/c,34260.06,,
18-05-2025,Receipt,37,Customer 06,,34260.06,
18-05-2025,Payment,32,Supplier 05,133815.67,,
18-05-2025,Payment,32,HDFC Bank Current A/c,,133815.67,
18-05-2025,Payment,33,Bank Charges,335.40,,
18-05-2025,Payment,33,HDFC Bank Current A/c,,335.40,
19-05-2025,Receipt,38,Cash,13428.84,,
19-05-2025,Receipt,38,Customer 06,,13428.84,
19-05-2025,Purchase,30,Purchases - Local,71815.85,,
19-05-2025,Purchase,30,Supplier 05,,71815.85,
19-05-2025,Sales,54,Cash,5111.26,,
19-05-2025,Sales,54,Sales - Local,,5111.26,
20-05-2025,Payment,34,Bank Charges,171.42,,
20-05-2025,Payment,34,HDFC Bank Current A/c,,171.42,
20-05-2025,Receipt,39,HDFC Bank Current A/c,2824.48,,
20-05-2025,Receipt,39,Customer 01,,2824.48,
20-05-2025,Sales,55,Customer 08,158767.60,,
20-05-2025,Sales,55,Sales - Local,,158767.60,
21-05-2025,Sales,56,Customer 07,92546.43,,
21-05-2025,Sales,56,Sales - Local,,92546.43,
21-05-2025,Receipt,40,HDFC Bank Current A/c,28306.02,,
21-05-2025,Receipt,40,Customer 02,,28306.02,
21-05-2025,Purchase,31,Purchases - Local,83931.10,,
21-05-2025,Purchase,31,Supplier 05,,83931.10,
22-05-2025,Sales,57,Cash,44095.06,,
22-05-2025,Sales,57,Sales - Local,,44095.06,
22-05-2025,Payment,35,Bank Charges,169.91,,
22-05-2025,Payment,35,HDFC Bank Current A/c,,169.91,
22-05-2025,Payment,36,Supplier 03,19004.95,,
22-05-2025,Payment,36,HDFC Bank Current A/c,,19004.95,
23-05-2025,Payment,37,Printing & Stationery,4275.50,,
23-05-2025,Payment,37,Cash,,4275.50,
23-05-2025,Receipt,41,HDFC Bank Current A/c,31838.56,,
23-05-2025,Receipt,41,Customer 06,,31838.56,
23-05-2025,Sales,58,Customer 06,197899.03,,
23-05-2025,Sales,58,Sales - Local,,197899.03,
24-05-2025,Payment,38,Supplier 05,66437.30,,
24-05-2025,Payment,38,HDFC Bank Current A/c,,66437.30,
24-05-2025,Payment,39,Supplier 01,22850.13,,
24-05-2025,Payment,39,HDFC Bank Current A/c,,22850.13,
24-05-2025,Sales,59,Customer 07,78288.47,,
24-05-2025,Sales,59,Sales - Local,,78288.47,
25-05-2025,Receipt,42,HDFC Bank Current A/c,152092.69,,
25-05-2025,Receipt,42,Customer 06,,152092.69,
25-05-2025,Payment,40,Supplier 05,61228.78,,
25-05-2025,Payment,40,HDFC Bank Current A/c,,61228.78,
25-05-2025,Sales,60,Customer 01,131543.60,,
25-05-2025,Sales,60,Sales - Local,,131543.60,
26-05-2025,Receipt,43,Cash,10075.56,,
26-05-2025,Receipt,43,Customer 01,,10075.56,
26-05-2025,Payment,41,Telephone Expenses,3781.15,,
26-05-2025,Payment,41,Cash,,3781.15,
26-05-2025,Sales,61,Customer 07,151094.33,,
26-05-2025,Sales,61,Sales - Local,,151094.33,
27-05-2025,Sales,62,Cash,21516.55,,
27-05-2025,Sales,62,Sales - Local,,21516.55,
27-05-2025,Sales,63,Customer 01,67161.64,,
27-05-2025,Sales,63,Sales - Local,,67161.64,
27-05-2025,Sales,64,Customer 06,40166.22,,
27-05-2025,Sales,64,Sales - Local,,40166.22,
28-05-2025,Sales,65,Customer 08,182048.44,,
28-05-2025,Sales,65,Sales - Local,,182048.44,
28-05-2025,Receipt,44,HDFC Bank Current A/c,26278.61,,
28-05-2025,Receipt,44,Customer 04,,26278.61,
28-05-2025,Receipt,45,Cash,12042.45,,
28-05-2025,Receipt,45,Customer 05,,12042.45,
29-05-2025,Payment,42,Supplier 04,188131.30,,
29-05-2025,Payment,42,HDFC Bank Current A/c,,188131.30,
29-05-2025,Sales,66,Cash,21770.04,,
29-05-2025,Sales,66,Sales - Local,,21770.04,
29-05-2025,Purchase,32,Purchases - Local,52901.26,,
29-05-2025,Purchase,32,Supplier 03,,52901.26,
30-05-2025,Sales,67,Customer 03,137677.00,,
30-05-2025,Sales,67,Sales - Local,,137677.00,
30-05-2025,Sales,68,Cash,2826.95,,
30-05-2025,Sales,68,Sales - Local,,2826.95,
30-05-2025,Sales,69,Customer 05,141933.35,,
30-05-2025,Sales,69,Sales - Local,,141933.35,
31-05-2025,Purchase,33,Purchases - Local,44796.82,,
31-05-2025,Purchase,33,Supplier 05,,44796.82,
31-05-2025,Sales,70,Customer 05,126299.60,,
31-05-2025,Sales,70,Sales - Local,,126299.60,
31-05-2025,Sales,71,Cash,36402.71,,
31-05-2025,Sales,71,Sales - Local,,36402.71,
01-06-2025,Payment,43,Staff Welfare,2458.68,,
01-06-2025,Payment,43,Cash,,2458.68,
01-06-2025,Purchase,34,Purchases - Local,71731.20,,
01-06-2025,Purchase,34,Supplier 01,,71731.20,
01-06-2025,Purchase,35,Purchases - Local,102635.41,,
01-06-2025,Purchase,35,Supplier 03,,102635.41,
02-06-2025,Purchase,36,Purchases - Local,99244.27,,
02-06-2025,Purchase,36,Supplier 02,,99244.27,
02-06-2025,Receipt,46,HDFC Bank Current A/c,8421.29,,
02-06-2025,Receipt,46,Customer 06,,8421.29,
02-06-2025,Receipt,47,HDFC Bank Current A/c,252353.17,,
02-06-2025,Receipt,47,Customer 05,,252353.17,
03-06-2025,Payment,44,Bank Charges,64.54,,
03-06-2025,Payment,44,HDFC Bank Current A/c,,64.54,
03-06-2025,Sales,72,Customer 02,109060.48,,
03-06-2025,Sales,72,Sales - Local,,109060.48,
03-06-2025,Receipt,48,HDFC Bank Current A/c,37043.03,,
03-06-2025,Receipt,48,Customer 02,,37043.03,
04-06-2025,Sales,73,Customer 03,35791.16,,
04-06-2025,Sales,73,Sales - Local,,35791.16,
04-06-2025,Purchase,37,Purchases - Local,11679.05,,
04-06-2025,Purchase,37,Supplier 03,,11679.05,
04-06-2025,Sales,74,Cash,43649.49,,
04-06-2025,Sales,74,Sales - Local,,43649.49,
05-06-2025,Payment,45,Supplier 04,203706.69,,
05-06-2025,Payment,45,HDFC Bank Current A/c,,203706.69,
05-06-2025,Receipt,49,HDFC Bank Current A/c,352496.28,,
05-06-2025,Receipt,49,Customer 08,,352496.28,
05-06-2025,Payment,46,Bank Charges,382.15,,
05-06-2025,Payment,46,HDFC Bank Current A/c,,382.15,
06-06-2025,Purchase,38,Purchases - Local,73895.70,,
06-06-2025,Purchase,38,Supplier 05,,73895.70,
06-06-2025,Sales,75,Customer 05,27823.80,,
06-06-2025,Sales,75,Sales - Local,,27823.80,
06-06-2025,Purchase,39,Purchases - Local,96740.47,,
06-06-2025,Purchase,39,Supplier 04,,96740.47,
07-06-2025,Sales,76,Customer 07,43152.46,,
07-06-2025,Sales,76,Sales - Local,,43152.46,
07-06-2025,Sales,77,Customer 02,9137.28,,
07-06-2025,Sales,77,Sales - Local,,9137.28,
07-06-2025,Receipt,50,HDFC Bank Current A/c,14354.57,,
07-06-2025,Receipt,50,Customer 08,,14354.57,
08-06-2025,Sales,78,Cash,46072.11,,
08-06-2025,Sales,78,Sales - Local,,46072.11,
08-06-2025,Receipt,51,HDFC Bank Current A/c,539450.16,,
08-06-2025,Receipt,51,Customer 03,,539450.16,
08-06-2025,Payment,47,Supplier 01,107178.83,,
08-06-2025,Payment,47,HDFC Bank Current A/c,,107178.83,
09-06-2025,Payment,48,Supplier 04,74011.89,,
09-06-2025,Payment,48,HDFC Bank Current A/c,,74011.89,
09-06-2025,Receipt,52,HDFC Bank Current A/c,158901.15,,
09-06-2025,Receipt,52,Customer 05,,158901.15,
09-06-2025,Purchase,40,Purchases - Local,95072.78,,
09-06-2025,Purchase,40,Supplier 05,,95072.78,
10-06-2025,Sales,79,Customer 05,171933.59,,
10-06-2025,Sales,79,Sales - Local,,171933.59,
10-06-2025,Receipt,53,Cash,2696.54,,
10-06-2025,Receipt,53,Customer 01,,2696.54,
10-06-2025,Receipt,54,HDFC Bank Current A/c,102083.05,,
10-06-2025,Receipt,54,Customer 08,,102083.05,
11-06-2025,Sales,80,Customer 05,43940.62,,
11-06-2025,Sales,80,Sales - Local,,43940.62,
11-06-2025,Payment,49,Telephone Expenses,1047.66,,
11-06-2025,Payment,49,Cash,,1047.66,
11-06-2025,Receipt,55,Cash,4684.34,,
11-06-2025,Receipt,55,Customer 08,,4684.34,
12-06-2025,Receipt,56,HDFC Bank Current A/c,111000.92,,
12-06-2025,Receipt,56,Customer 08,,111000.92,
12-06-2025,Payment,50,Supplier 01,100062.85,,
12-06-2025,Payment,50,HDFC Bank Current A/c,,100062.85,
12-06-2025,Purchase,41,Purchases - Local,28863.90,,
12-06-2025,Purchase,41,Supplier 03,,28863.90,
13-06-2025,Receipt,57,HDFC Bank Current A/c,73051.99,,
13-06-2025,Receipt,57,Customer 06,,73051.99,
13-06-2025,Sales,81,Customer 05,138265.09,,
13-06-2025,Sales,81,Sales - Local,,138265.09,
13-06-2025,Sales,82,Cash,41906.85,,
13-06-2025,Sales,82,Sales - Local,,41906.85,
14-06-2025,Payment,51,Supplier 01,11842.78,,
14-06-2025,Payment,51,HDFC Bank Current A/c,,11842.78,
14-06-2025,Receipt,58,HDFC Bank Current A/c,1264.99,,
14-06-2025,Receipt,58,Interest Received,,1264.99,
14-06-2025,Payment,52,Printing & Stationery,5790.18,,
14-06-2025,Payment,52,Cash,,5790.18,
15-06-2025,Payment,53,Rent,25000.00,,
15-06-2025,Payment,53,HDFC Bank Current A/c,,25000.00,
15-06-2025,Payment,54,Salary,50397.14,,
15-06-2025,Payment,54,HDFC Bank Current A/c,,50397.14,
15-06-2025,Payment,55,Electricity Charges,6530.51,,
15-06-2025,Payment,55,HDFC Bank Current A/c,,6530.51,
15-06-2025,Journal,3,Interest on Unsecured Loans,3000.00,,
15-06-2025,Journal,3,Unsecured Loan - Rajesh Kumar,,2700.00,
15-06-2025,Journal,3,TDS Payable,,300.00,
15-06-2025,Payment,56,TDS Payable,300.00,,
15-06-2025,Payment,56,HDFC Bank Current A/c,,300.00,
15-06-2025,Sales,83,Customer 07,70763.08,,
15-06-2025,Sales,83,Sales - Local,,70763.08,
15-06-2025,Sales,84,Customer 06,180484.01,,
15-06-2025,Sales,84,Sales - Local,,180484.01,
15-06-2025,Payment,57,Supplier 04,18533.68,,
15-06-2025,Payment,57,HDFC Bank Current A/c,,18533.68,
16-06-2025,Receipt,59,HDFC Bank Current A/c,12573.41,,
16-06-2025,Receipt,59,Customer 04,,12573.41,
16-06-2025,Payment,58,Telephone Expenses,6245.75,,
16-06-2025,Payment,58,Cash,,6245.75,
16-06-2025,Sales,85,Cash,19921.95,,
16-06-2025,Sales,85,Sales - Local,,19921.95,
17-06-2025,Purchase,42,Purchases - Local,51325.59,,
17-06-2025,Purchase,42,Supplier 01,,51325.59,
17-06-2025,Sales,86,Customer 01,14293.92,,
17-06-2025,Sales,86,Sales - Local,,14293.92,
17-06-2025,Payment,59,Conveyance,3975.21,,
17-06-2025,Payment,59,Cash,,3975.21,
18-06-2025,Sales,87,Customer 04,38345.35,,
18-06-2025,Sales,87,Sales - Local,,38345.35,
18-06-2025,Receipt,60,HDFC Bank Current A/c,95841.91,,
18-06-2025,Receipt,60,Customer 02,,95841.91,
18-06-2025,Receipt,61,HDFC Bank Current A/c,556619.01,,
18-06-2025,Receipt,61,Customer 07,,556619.01,
19-06-2025,Sales,88,Cash,48054.35,,
19-06-2025,Sales,88,Sales - Local,,48054.35,
19-06-2025,Sales,89,Customer 08,131016.16,,
19-06-2025,Sales,89,Sales - Local,,131016.16,
19-06-2025,Sales,90,Customer 07,24297.58,,
19-06-2025,Sales,90,Sales - Local,,24297.58,
20-06-2025,Receipt,62,Cash,14395.69,,
20-06-2025,Receipt,62,Customer 08,,14395.69,
20-06-2025,Receipt,63,HDFC Bank Current A/c,39255.84,,
20-06-2025,Receipt,63,Customer 04,,39255.84,
20-06-2025,Receipt,64,Cash,12426.03,,
20-06-2025,Receipt,64,Customer 07,,12426.03,
21-06-2025,Payment,60,Staff Welfare,3020.12,,
21-06-2025,Payment,60,Cash,,3020.12,
21-06-2025,Sales,91,Customer 04,197011.28,,
21-06-2025,Sales,91,Sales - Local,,197011.28,
21-06-2025,Receipt,65,HDFC Bank Current A/c,121891.81,,
21-06-2025,Receipt,65,Customer 01,,121891.81,
22-06-2025,Payment,61,Supplier 03,374116.31,,
22-06-2025,Payment,61,HDFC Bank Current A/c,,374116.31,
22-06-2025,Sales,92,Cash,28668.39,,
22-06-2025,Sales,92,Sales - Local,,28668.39,
22-06-2025,Payment,62,Supplier 02,38634.81,,
22-06-2025,Payment,62,HDFC Bank Current A/c,,38634.81,
23-06-2025,Purchase,43,Purchases - Local,59849.43,,
23-06-2025,Purchase,43,Supplier 02,,59849.43,
23-06-2025,Receipt,66,HDFC Bank Current A/c,73025.88,,
23-06-2025,Receipt,66,Customer 07,,73025.88,
23-06-2025,Sales,93,Customer 08,65199.07,,
23-06-2025,Sales,93,Sales - Local,,65199.07,
24-06-2025,Sales,94,Cash,42391.36,,
24-06-2025,Sales,94,Sales - Local,,42391.36,
24-06-2025,Payment,63,Supplier 04,5018.09,,
24-06-2025,Payment,63,HDFC Bank Current A/c,,5018.09,
24-06-2025,Payment,64,Staff Welfare,6626.97,,
24-06-2025,Payment,64,Cash,,6626.97,
25-06-2025,Receipt,67,HDFC Bank Current A/c,4496.84,,
25-06-2025,Receipt,67,Customer 07,,4496.84,
25-06-2025,Receipt,68,HDFC Bank Current A/c,15804.24,,
25-06-2025,Receipt,68,Customer 08,,15804.24,
25-06-2025,Sales,95,Customer 07,154205.67,,
25-06-2025,Sales,95,Sales - Local,,154205.67,
26-06-2025,Receipt,69,HDFC Bank Current A/c,106497.44,,
26-06-2025,Receipt,69,Customer 06,,106497.44,
26-06-2025,Purchase,44,Purchases - Local,119118.30,,
26-06-2025,Purchase,44,Supplier 01,,119118.30,
26-06-2025,Payment,65,Supplier 02,246878.98,,
26-06-2025,Payment,65,HDFC Bank Current A/c,,246878.98,
27-06-2025,Payment,66,Bank Charges,471.74,,
27-06-2025,Payment,66,HDFC Bank Current A/c,,471.74,
27-06-2025,Receipt,70,Cash,12818.22,,
27-06-2025,Receipt,70,Customer 02,,12818.22,
27-06-2025,Receipt,71,HDFC Bank Current A/c,76867.15,,
27-06-2025,Receipt,71,Customer 05,,76867.15,
28-06-2025,Sales,96,Cash,42508.24,,
28-06-2025,Sales,96,Sales - Local,,42508.24,
28-06-2025,Sales,97,Cash,31730.09,,
28-06-2025,Sales,97,Sales - Local,,31730.09,
28-06-2025,Sales,98,Customer 06,49322.42,,
28-06-2025,Sales,98,Sales - Local,,49322.42,
29-06-2025,Sales,99,Customer 05,7370.39,,
29-06-2025,Sales,99,Sales - Local,,7370.39,
29-06-2025,Receipt,72,HDFC Bank Current A/c,239315.56,,
29-06-2025,Receipt,72,Customer 05,,239315.56,
29-06-2025,Receipt,73,HDFC Bank Current A/c,43751.35,,
29-06-2025,Receipt,73,Customer 05,,43751.35,
30-06-2025,Sales,100,Customer 06,160973.36,,
30-06-2025,Sales,100,Sales - Local,,160973.36,
30-06-2025,Receipt,74,HDFC Bank Current A/c,282030.07,,
30-06-2025,Receipt,74,Customer 08,,282030.07,
30-06-2025,Sales,101,Cash,49619.02,,
30-06-2025,Sales,101,Sales - Local,,49619.02,
01-07-2025,Receipt,75,HDFC Bank Current A/c,22410.85,,
01-07-2025,Receipt,75,Customer 02,,22410.85,
01-07-2025,Purchase,45,Purchases - Local,30755.98,,
01-07-2025,Purchase,45,Supplier 02,,30755.98,
01-07-2025,Payment,67,Supplier 01,159414.84,,
01-07-2025,Payment,67,HDFC Bank Current A/c,,159414.84,
02-07-2025,Sales,102,Cash,7844.56,,
02-07-2025,Sales,102,Sales - Local,,7844.56,
02-07-2025,Purchase,46,Purchases - Local,74567.33,,
02-07-2025,Purchase,46,Supplier 01,,74567.33,
02-07-2025,Purchase,47,Purchases - Local,84489.88,,
02-07-2025,Purchase,47,Supplier 05,,84489.88,
03-07-2025,Sales,103,Customer 04,133104.22,,
03-07-2025,Sales,103,Sales - Local,,133104.22,
03-07-2025,Payment,68,Telephone Expenses,8385.23,,
03-07-2025,Payment,68,Cash,,8385.23,
03-07-2025,Payment,69,Office Expenses,5424.28,,
03-07-2025,Payment,69,Cash,,5424.28,
04-07-2025,Receipt,76,HDFC Bank Current A/c,102214.58,,
04-07-2025,Receipt,76,Customer 03,,102214.58,
04-07-2025,Payment,70,Staff Welfare,3602.68,,
04-07-2025,Payment,70,Cash,,3602.68,
04-07-2025,Receipt,77,HDFC Bank Current A/c,94513.92,,
04-07-2025,Receipt,77,Customer 03,,94513.92,
05-07-2025,Purchase,48,Purchases - Local,87444.95,,
05-07-2025,Purchase,48,Supplier 01,,87444.95,
05-07-2025,Receipt,78,Cash,13094.84,,
05-07-2025,Receipt,78,Customer 08,,13094.84,
05-07-2025,Purchase,49,Purchases - Local,111139.44,,
05-07-2025,Purchase,49,Supplier 03,,111139.44,
06-07-2025,Payment,71,Office Expenses,439.23,,
06-07-2025,Payment,71,Cash,,439.23,
06-07-2025,Purchase,50,Purchases - Local,51772.78,,
06-07-2025,Purchase,50,Supplier 02,,51772.78,
06-07-2025,Receipt,79,HDFC Bank Current A/c,6104.78,,
06-07-2025,Receipt,79,Customer 02,,6104.78,
07-07-2025,Sales,104,Customer 02,193847.86,,
07-07-2025,Sales,104,Sales - Local,,193847.86,
07-07-2025,Receipt,80,HDFC Bank Current A/c,242982.04,,
07-07-2025,Receipt,80,Customer 06,,242982.04,
08-07-2025,Sales,105,Cash,17028.87,,
08-07-2025,Sales,105,Sales - Local,,17028.87,
08-07-2025,Receipt,81,HDFC Bank Current A/c,137401.32,,
08-07-2025,Receipt,81,Customer 02,,137401.32,
08-07-2025,Sales,106,Customer 04,161008.96,,
08-07-2025,Sales,106,Sales - Local,,161008.96,
09-07-2025,Receipt,82,HDFC Bank Current A/c,22321.67,,
09-07-2025,Receipt,82,Customer 01,,22321.67,
09-07-2025,Payment,72,Bank Charges,280.03,,
09-07-2025,Payment,72,HDFC Bank Current A/c,,280.03,
09-07-2025,Receipt,83,HDFC Bank Current A/c,3384.83,,
09-07-2025,Receipt,83,Customer 06,,3384.83,
10-07-2025,Receipt,84,HDFC Bank Current A/c,54050.76,,
10-07-2025,Receipt,84,Customer 02,,54050.76,
10-07-2025,Receipt,85,HDFC Bank Current A/c,15902.74,,
10-07-2025,Receipt,85,Customer 05,,15902.74,
10-07-2025,Purchase,51,Purchases - Local,118390.08,,
10-07-2025,Purchase,51,Supplier 05,,118390.08,
11-07-2025,Payment,73,Supplier 01,137694.35,,
11-07-2025,Payment,73,HDFC Bank Current A/c,,137694.35,
11-07-2025,Purchase,52,Purchases - Local,7019.55,,
11-07-2025,Purchase,52,Supplier 03,,7019.55,
11-07-2025,Payment,74,Supplier 01,8968.83,,
11-07-2025,Payment,74,HDFC Bank Current A/c,,8968.83,
12-07-2025,Payment,75,Printing & Stationery,9440.67,,
12-07-2025,Payment,75,Cash,,9440.67,
12-07-2025,Sales,107,Customer 01,183531.57,,
12-07-2025,Sales,107,Sales - Local,,183531.57,
12-07-2025,Sales,108,Cash,33466.22,,
12-07-2025,Sales,108,Sales - Local,,33466.22,
13-07-2025,Purchase,53,Purchases - Local,79461.95,,
13-07-2025,Purchase,53,Supplier 02,,79461.95,
13-07-2025,Receipt,86,HDFC Bank Current A/c,154846.13,,
13-07-2025,Receipt,86,Customer 07,,154846.13,
13-07-2025,Sales,109,Cash,12760.17,,
13-07-2025,Sales,109,Sales - Local,,12760.17,
14-07-2025,Sales,110,Customer 07,23493.14,,
14-07-2025,Sales,110,Sales - Local,,23493.14,
14-07-2025,Sales,111,Cash,40358.02,,
14-07-2025,Sales,111,Sales - Local,,40358.02,
14-07-2025,Payment,76,Staff Welfare,4375.34,,
14-07-2025,Payment,76,Cash,,4375.34,
15-07-2025,Payment,77,Rent,25000.00,,
15-07-2025,Payment,77,HDFC Bank Current A/c,,25000.00,
15-07-2025,Payment,78,Salary,52428.93,,
15-07-2025,Payment,78,HDFC Bank Current A/c,,52428.93,
15-07-2025,Payment,79,Electricity Charges,4569.82,,
15-07-2025,Payment,79,HDFC Bank Current A/c,,4569.82,
15-07-2025,Journal,4,Interest on Unsecured Loans,3000.00,,
15-07-2025,Journal,4,Unsecured Loan - Rajesh Kumar,,2700.00,
15-07-2025,Journal,4,TDS Payable,,300.00,
15-07-2025,Payment,80,TDS Payable,300.00,,
15-07-2025,Payment,80,HDFC Bank Current A/c,,300.00,
15-07-2025,Sales,112,Customer 07,23080.50,,
15-07-2025,Sales,112,Sales - Local,,23080.50,
15-07-2025,Receipt,87,HDFC Bank Current A/c,76807.45,,
15-07-2025,Receipt,87,Customer 03,,76807.45,
15-07-2025,Sales,113,Customer 02,11146.46,,
15-07-2025,Sales,113,Sales - Local,,11146.46,
16-07-2025,Receipt,88,HDFC Bank Current A/c,3159.43,,
16-07-2025,Receipt,88,Customer 03,,3159.43,
16-07-2025,Receipt,89,HDFC Bank Current A/c,8320.07,,
16-07-2025,Receipt,89,Interest Received,,8320.07,
16-07-2025,Receipt,90,HDFC Bank Current A/c,70489.50,,
16-07-2025,Receipt,90,Customer 01,,70489.50,
17-07-2025,Receipt,91,HDFC Bank Current A/c,39632.97,,
17-07-2025,Receipt,91,Customer 08,,39632.97,
17-07-2025,Payment,81,Office Expenses,9064.70,,
17-07-2025,Payment,81,Cash,,9064.70,
17-07-2025,Purchase,54,Purchases - Local,12864.08,,
17-07-2025,Purchase,54,Supplier 02,,12864.08,
18-07-2025,Payment,82,Office Expenses,8785.35,,
18-07-2025,Payment,82,Cash,,8785.35,
18-07-2025,Payment,83,Office Expenses,5242.19,,
18-07-2025,Payment,83,Cash,,5242.19,
18-07-2025,Receipt,92,HDFC Bank Current A/c,101477.51,,
18-07-2025,Receipt,92,Customer 05,,101477.51,
19-07-2025,Purchase,55,Purchases - Local,38262.85,,
19-07-2025,Purchase,55,Supplier 03,,38262.85,
19-07-2025,Purchase,56,Purchases - Local,47895.79,,
19-07-2025,Purchase,56,Supplier 04,,47895.79,
19-07-2025,Purchase,57,Purchases - Local,54732.07,,
19-07-2025,Purchase,57,Supplier 03,,54732.07,
20-07-2025,Sales,114,Customer 05,42223.47,,
20-07-2025,Sales,114,Sales - Local,,42223.47,
20-07-2025,Payment,84,Office Expenses,2515.31,,
20-07-2025,Payment,84,Cash,,2515.31,
20-07-2025,Receipt,93,HDFC Bank Current A/c,19466.74,,
20-07-2025,Receipt,93,Customer 08,,19466.74,
21-07-2025,Purchase,58,Purchases - Local,119080.70,,
21-07-2025,Purchase,58,Supplier 04,,119080.70,
21-07-2025,Sales,115,Customer 02,106376.64,,
21-07-2025,Sales,115,Sales - Local,,106376.64,
21-07-2025,Purchase,59,Purchases - Local,23015.02,,
21-07-2025,Purchase,59,Supplier 01,,23015.02,
22-07-2025,Payment,85,Staff Welfare,3397.99,,
22-07-2025,Payment,85,Cash,,3397.99,
22-07-2025,Payment,86,Telephone Expenses,733.88,,
22-07-2025,Payment,86,Cash,,733.88,
22-07-2025,Payment,87,Supplier 01,44906.27,,
22-07-2025,Payment,87,HDFC Bank Current A/c,,44906.27,
23-07-2025,Receipt,94,HDFC Bank Current A/c,47155.77,,
23-07-2025,Receipt,94,Customer 07,,47155.77,
23-07-2025,Sales,116,Cash,8935.23,,
23-07-2025,Sales,116,Sales - Local,,8935.23,
23-07-2025,Payment,88,Staff Welfare,3343.43,,
23-07-2025,Payment,88,Cash,,3343.43,
24-07-2025,Sales,117,Cash,49008.06,,
24-07-2025,Sales,117,Sales - Local,,49008.06,
24-07-2025,Sales,118,Customer 03,71584.65,,
24-07-2025,Sales,118,Sales - Local,,71584.65,
24-07-2025,Payment,89,Supplier 05,338527.80,,
24-07-2025,Payment,89,HDFC Bank Current A/c,,338527.80,
25-07-2025,Receipt,95,HDFC Bank Current A/c,4015.51,,
25-07-2025,Receipt,95,Customer 08,,4015.51,
25-07-2025,Payment,90,Supplier 01,1693.55,,
25-07-2025,Payment,90,HDFC Bank Current A/c,,1693.55,
25-07-2025,Payment,91,Supplier 03,6701.25,,
25-07-2025,Payment,91,HDFC Bank Current A/c,,6701.25,
26-07-2025,Payment,92,Supplier 05,55825.18,,
26-07-2025,Payment,92,HDFC Bank Current A/c,,55825.18,
26-07-2025,Payment,93,Supplier 04,52261.89,,
26-07-2025,Payment,93,HDFC Bank Current A/c,,52261.89,
26-07-2025,Payment,94,Supplier 03,249939.73,,
26-07-2025,Payment,94,HDFC Bank Current A/c,,249939.73,
27-07-2025,Receipt,96,Cash,11874.44,,
27-07-2025,Receipt,96,Customer 05,,11874.44,
27-07-2025,Sales,119,Cash,29857.78,,
27-07-2025,Sales,119,Sales - Local,,29857.78,
27-07-2025,Sales,120,Customer 04,121715.20,,
27-07-2025,Sales,120,Sales - Local,,121715.20,
28-07-2025,Receipt,97,HDFC Bank Current A/c,431855.26,,
28-07-2025,Receipt,97,Customer 04,,431855.26,
28-07-2025,Receipt,98,Cash,13478.90,,
28-07-2025,Receipt,98,Customer 06,,13478.90,
28-07-2025,Sales,121,Customer 02,193272.17,,
28-07-2025,Sales,121,Sales - Local,,193272.17,
29-07-2025,Payment,95,Supplier 01,3021.55,,
29-07-2025,Payment,95,HDFC Bank Current A/c,,3021.55,
29-07-2025,Purchase,60,Purchases - Local,105300.70,,
29-07-2025,Purchase,60,Supplier 04,,105300.70,
29-07-2025,Purchase,61,Purchases - Local,102985.25,,
29-07-2025,Purchase,61,Supplier 04,,102985.25,
30-07-2025,Receipt,99,HDFC Bank Current A/c,64144.07,,
30-07-2025,Receipt,99,Customer 07,,64144.07,
30-07-2025,Receipt,100,HDFC Bank Current A/c,37950.41,,
30-07-2025,Receipt,100,Customer 04,,37950.41,
31-07-2025,Sales,122,Cash,5750.45,,
31-07-2025,Sales,122,Sales - Local,,5750.45,
31-07-2025,Purchase,62,Purchases - Local,34023.84,,
31-07-2025,Purchase,62,Supplier 01,,34023.84,
31-07-2025,Sales,123,Cash,37237.69,,
31-07-2025,Sales,123,Sales - Local,,37237.69,
01-08-2025,Payment,96,Supplier 04,175127.98,,
01-08-2025,Payment,96,HDFC Bank Current A/c,,175127.98,
01-08-2025,Receipt,101,HDFC Bank Current A/c,26232.11,,
01-08-2025,Receipt,101,Customer 06,,26232.11,
01-08-2025,Sales,124,Customer 03,8618.90,,
01-08-2025,Sales,124,Sales - Local,,8618.90,
02-08-2025,Receipt,102,HDFC Bank Current A/c,1827.95,,
02-08-2025,Receipt,102,Interest Received,,1827.95,
02-08-2025,Sales,125,Customer 07,59841.62,,
02-08-2025,Sales,125,Sales - Local,,59841.62,
02-08-2025,Sales,126,Cash,24907.17,,
02-08-2025,Sales,126,Sales - Local,,24907.17,
03-08-2025,Receipt,103,HDFC Bank Current A/c,120488.70,,
03-08-2025,Receipt,103,Customer 01,,120488.70,
03-08-2025,Payment,97,Supplier 05,51018.82,,
03-08-2025,Payment,97,HDFC Bank Current A/c,,51018.82,
03-08-2025,Payment,98,Supplier 02,168096.86,,
03-08-2025,Payment,98,HDFC Bank Current A/c,,168096.86,
04-08-2025,Sales,127,Cash,44810.80,,
04-08-2025,Sales,127,Sales - Local,,44810.80,
04-08-2025,Purchase,63,Purchases - Local,59248.07,,
04-08-2025,Purchase,63,Supplier 02,,59248.07,
04-08-2025,Purchase,64,Purchases - Local,45236.19,,
04-08-2025,Purchase,64,Supplier 05,,45236.19,
05-08-2025,Sales,128,Customer 05,136765.07,,
05-08-2025,Sales,128,Sales - Local,,136765.07,
05-08-2025,Sales,129,Customer 01,66868.91,,
05-08-2025,Sales,129,Sales - Local,,66868.91,
05-08-2025,Receipt,104,HDFC Bank Current A/c,1455.31,,
05-08-2025,Receipt,104,Customer 06,,1455.31,
06-08-2025,Sales,130,Customer 02,36904.47,,
06-08-2025,Sales,130,Sales - Local,,36904.47,
06-08-2025,Sales,131,Customer 03,93693.01,,
06-08-2025,Sales,131,Sales - Local,,93693.01,
06-08-2025,Payment,99,Supplier 04,134851.05,,
06-08-2025,Payment,99,HDFC Bank Current A/c,,134851.05,
07-08-2025,Sales,132,Customer 03,130857.50,,
07-08-2025,Sales,132,Sales - Local,,130857.50,
07-08-2025,Sales,133,Customer 01,184665.81,,
07-08-2025,Sales,133,Sales - Local,,184665.81,
07-08-2025,Receipt,105,HDFC Bank Current A/c,44764.76,,
07-08-2025,Receipt,105,Customer 07,,44764.76,
08-08-2025,Sales,134,Cash,5398.31,,
08-08-2025,Sales,134,Sales - Local,,5398.31,
08-08-2025,Payment,100,Supplier 02,112291.80,,
08-08-2025,Payment,100,HDFC Bank Current A/c,,112291.80,
08-08-2025,Receipt,106,HDFC Bank Current A/c,331925.49,,
08-08-2025,Receipt,106,Customer 01,,331925.49,
09-08-2025,Purchase,65,Purchases - Local,78090.09,,
09-08-2025,Purchase,65,Supplier 01,,78090.09,
09-08-2025,Sales,135,Customer 01,53640.06,,
09-08-2025,Sales,135,Sales - Local,,53640.06,
09-08-2025,Sales,136,Customer 07,124194.96,,
09-08-2025,Sales,136,Sales - Local,,124194.96,
10-08-2025,Purchase,66,Purchases - Local,110852.43,,
10-08-2025,Purchase,66,Supplier 02,,110852.43,
10-08-2025,Sales,137,Cash,46002.94,,
10-08-2025,Sales,137,Sales - Local,,46002.94,
10-08-2025,Receipt,107,Cash,7422.10,,
10-08-2025,Receipt,107,Customer 03,,7422.10,
11-08-2025,Payment,101,Supplier 05,44991.92,,
11-08-2025,Payment,101,HDFC Bank Current A/c,,44991.92,
11-08-2025,Sales,138,Cash,11782.83,,
11-08-2025,Sales,138,Sales - Local,,11782.83,
11-08-2025,Purchase,67,Purchases - Local,7739.70,,
11-08-2025,Purchase,67,Supplier 02,,7739.70,
12-08-2025,Receipt,108,HDFC Bank Current A/c,4707.97,,
12-08-2025,Receipt,108,Customer 06,,4707.97,
12-08-2025,Sales,139,Customer 03,62092.45,,
12-08-2025,Sales,139,Sales - Local,,62092.45,
12-08-2025,Purchase,68,Purchases - Local,50110.75,,
12-08-2025,Purchase,68,Supplier 03,,50110.75,
13-08-2025,Receipt,109,HDFC Bank Current A/c,79777.21,,
13-08-2025,Receipt,109,Customer 05,,79777.21,
13-08-2025,Purchase,69,Purchases - Local,29092.28,,
13-08-2025,Purchase,69,Supplier 04,,29092.28,
13-08-2025,Purchase,70,Purchases - Local,101282.29,,
13-08-2025,Purchase,70,Supplier 02,,101282.29,
14-08-2025,Payment,102,Rent,25000.00,,
14-08-2025,Payment,102,HDFC Bank Current A/c,,25000.00,
14-08-2025,Payment,103,Salary,45460.06,,
14-08-2025,Payment,103,HDFC Bank Current A/c,,45460.06,
14-08-2025,Payment,104,Electricity Charges,5160.50,,
14-08-2025,Payment,104,HDFC Bank Current A/c,,5160.50,
14-08-2025,Journal,5,Interest on Unsecured Loans,3000.00,,
14-08-2025,Journal,5,Unsecured Loan - Rajesh Kumar,,2700.00,
14-08-2025,Journal,5,TDS Payable,,300.00,
14-08-2025,Payment,105,TDS Payable,300.00,,
14-08-2025,Payment,105,HDFC Bank Current A/c,,300.00,
14-08-2025,Payment,106,Bank Charges,467.36,,
14-08-2025,Payment,106,HDFC Bank Current A/c,,467.36,
14-08-2025,Sales,140,Customer 01,174345.01,,
14-08-2025,Sales,140,Sales - Local,,174345.01,
14-08-2025,Sales,141,Customer 06,49054.88,,
14-08-2025,Sales,141,Sales - Local,,49054.88,
15-08-2025,Payment,107,Printing & Stationery,8775.78,,
15-08-2025,Payment,107,Cash,,8775.78,
15-08-2025,Sales,142,Customer 08,151412.42,,
15-08-2025,Sales,142,Sales - Local,,151412.42,
15-08-2025,Purchase,71,Purchases - Local,21629.19,,
15-08-2025,Purchase,71,Supplier 01,,21629.19,
16-08-2025,Payment,108,Conveyance,3146.09,,
16-08-2025,Payment,108,Cash,,3146.09,
16-08-2025,Purchase,72,Purchases - Local,51460.60,,
16-08-2025,Purchase,72,Supplier 05,,51460.60,
16-08-2025,Sales,143,Cash,45039.00,,
16-08-2025,Sales,143,Sales - Local,,45039.00,
17-08-2025,Payment,109,Supplier 02,204673.29,,
17-08-2025,Payment,109,HDFC Bank Current A/c,,204673.29,
17-08-2025,Purchase,73,Purchases - Local,85792.38,,
17-08-2025,Purchase,73,Supplier 05,,85792.38,
17-08-2025,Purchase,74,Purchases - Local,88500.06,,
17-08-2025,Purchase,74,Supplier 05,,88500.06,
18-08-2025,Receipt,110,HDFC Bank Current A/c,93606.44,,
18-08-2025,Receipt,110,Customer 02,,93606.44,
18-08-2025,Receipt,111,HDFC Bank Current A/c,37941.72,,
18-08-2025,Receipt,111,Customer 01,,37941.72,
18-08-2025,Sales,144,Customer 07,43950.37,,
18-08-2025,Sales,144,Sales - Local,,43950.37,
19-08-2025,Payment,110,Telephone Expenses,172.48,,
19-08-2025,Payment,110,Cash,,172.48,
19-08-2025,Payment,111,Staff Welfare,6883.59,,
19-08-2025,Payment,111,Cash,,6883.59,
19-08-2025,Sales,145,Cash,8493.76,,
19-08-2025,Sales,145,Sales - Local,,8493.76,
20-08-2025,Sales,146,Customer 02,5934.19,,
20-08-2025,Sales,146,Sales - Local,,5934.19,
20-08-2025,Receipt,112,HDFC Bank Current A/c,101072.48,,
20-08-2025,Receipt,112,Customer 04,,101072.48,
20-08-2025,Purchase,75,Purchases - Local,58713.41,,
20-08-2025,Purchase,75,Supplier 04,,58713.41,
21-08-2025,Payment,112,Supplier 03,5295.51,,
21-08-2025,Payment,112,HDFC Bank Current A/c,,5295.51,
21-08-2025,Sales,147,Customer 02,126881.29,,
21-08-2025,Sales,147,Sales - Local,,126881.29,
21-08-2025,Sales,148,Customer 01,184400.89,,
21-08-2025,Sales,148,Sales - Local,,184400.89,
22-08-2025,Payment,113,Telephone Expenses,7905.74,,
22-08-2025,Payment,113,Cash,,7905.74,
22-08-2025,Payment,114,Supplier 02,41825.07,,
22-08-2025,Payment,114,HDFC Bank Current A/c,,41825.07,
22-08-2025,Receipt,113,HDFC Bank Current A/c,218710.82,,
22-08-2025,Receipt,113,Customer 03,,218710.82,
23-08-2025,Purchase,76,Purchases - Local,62173.01,,
23-08-2025,Purchase,76,Supplier 03,,62173.01,
23-08-2025,Sales,149,Customer 04,93331.21,,
23-08-2025,Sales,149,Sales - Local,,93331.21,
23-08-2025,Purchase,77,Purchases - Local,104273.78,,
23-08-2025,Purchase,77,Supplier 03,,104273.78,
24-08-2025,Sales,150,Customer 03,11664.97,,
24-08-2025,Sales,150,Sales - Local,,11664.97,
24-08-2025,Sales,151,Cash,12860.60,,
24-08-2025,Sales,151,Sales - Local,,12860.60,
24-08-2025,Sales,152,Customer 04,99370.52,,
24-08-2025,Sales,152,Sales - Local,,99370.52,
25-08-2025,Receipt,114,HDFC Bank Current A/c,8498.35,,
25-08-2025,Receipt,114,Customer 05,,8498.35,
25-08-2025,Sales,153,Cash,44692.00,,
25-08-2025,Sales,153,Sales - Local,,44692.00,
25-08-2025,Sales,154,Cash,6545.79,,
25-08-2025,Sales,154,Sales - Local,,6545.79,
26-08-2025,Receipt,115,HDFC Bank Current A/c,13278.09,,
26-08-2025,Receipt,115,Customer 03,,13278.09,
26-08-2025,Sales,155,Cash,30751.38,,
26-08-2025,Sales,155,Sales - Local,,30751.38,
26-08-2025,Purchase,78,Purchases - Local,111585.35,,
26-08-2025,Purchase,78,Supplier 04,,111585.35,
27-08-2025,Sales,156,Customer 04,198907.24,,
27-08-2025,Sales,156,Sales - Local,,198907.24,
27-08-2025,Sales,157,Customer 03,116724.07,,
27-08-2025,Sales,157,Sales - Local,,116724.07,
27-08-2025,Purchase,79,Purchases - Local,47353.60,,
27-08-2025,Purchase,79,Supplier 02,,47353.60,
28-08-2025,Sales,158,Customer 07,54047.14,,
28-08-2025,Sales,158,Sales - Local,,54047.14,
28-08-2025,Sales,159,Cash,880.89,,
28-08-2025,Sales,159,Sales - Local,,880.89,
28-08-2025,Purchase,80,Purchases - Local,60283.38,,
28-08-2025,Purchase,80,Supplier 05,,60283.38,
29-08-2025,Sales,160,Cash,18135.23,,
29-08-2025,Sales,160,Sales - Local,,18135.23,
29-08-2025,Payment,115,Supplier 04,72654.69,,
29-08-2025,Payment,115,HDFC Bank Current A/c,,72654.69,
29-08-2025,Receipt,116,HDFC Bank Current A/c,1886.77,,
29-08-2025,Receipt,116,Interest Received,,1886.77,
30-08-2025,Payment,116,Staff Welfare,7513.54,,
30-08-2025,Payment,116,Cash,,7513.54,
30-08-2025,Purchase,81,Purchases - Local,44491.72,,
30-08-2025,Purchase,81,Supplier 02,,44491.72,
30-08-2025,Sales,161,Customer 07,32409.04,,
30-08-2025,Sales,161,Sales - Local,,32409.04,
31-08-2025,Sales,162,Customer 05,154993.18,,
31-08-2025,Sales,162,Sales - Local,,154993.18,
31-08-2025,Sales,163,Customer 04,164183.75,,
31-08-2025,Sales,163,Sales - Local,,164183.75,
31-08-2025,Purchase,82,Purchases - Local,21188.86,,
31-08-2025,Purchase,82,Supplier 01,,21188.86,
01-09-2025,Sales,164,Customer 02,78454.62,,
01-09-2025,Sales,164,Sales - Local,,78454.62,
01-09-2025,Sales,165,Cash,38102.42,,
01-09-2025,Sales,165,Sales - Local,,38102.42,
01-09-2025,Sales,166,Customer 06,37462.95,,
01-09-2025,Sales,166,Sales - Local,,37462.95,
02-09-2025,Sales,167,Cash,22010.35,,
02-09-2025,Sales,167,Sales - Local,,22010.35,
02-09-2025,Sales,168,Customer 06,76410.88,,
02-09-2025,Sales,168,Sales - Local,,76410.88,
02-09-2025,Sales,169,Cash,4690.94,,
02-09-2025,Sales,169,Sales - Local,,4690.94,
03-09-2025,Receipt,117,HDFC Bank Current A/c,222824.78,,
03-09-2025,Receipt,117,Customer 02,,222824.78,
03-09-2025,Sales,170,Customer 02,98705.00,,
03-09-2025,Sales,170,Sales - Local,,98705.00,
03-09-2025,Sales,171,Customer 04,171590.03,,
03-09-2025,Sales,171,Sales - Local,,171590.03,
04-09-2025,Purchase,83,Purchases - Local,47481.82,,
04-09-2025,Purchase,83,Supplier 03,,47481.82,
04-09-2025,Sales,172,Customer 03,148024.65,,
04-09-2025,Sales,172,Sales - Local,,148024.65,
04-09-2025,Receipt,118,Cash,10575.16,,
04-09-2025,Receipt,118,Customer 01,,10575.16,
05-09-2025,Payment,117,Office Expenses,8374.99,,
05-09-2025,Payment,117,Cash,,8374.99,
05-09-2025,Sales,173,Customer 06,12559.42,,
05-09-2025,Sales,173,Sales - Local,,12559.42,
05-09-2025,Sales,174,Customer 07,159505.57,,
05-09-2025,Sales,174,Sales - Local,,159505.57,
06-09-2025,Receipt,119,Cash,14807.75,,
06-09-2025,Receipt,119,Customer 08,,14807.75,
06-09-2025,Purchase,84,Purchases - Local,78072.94,,
06-09-2025,Purchase,84,Supplier 01,,78072.94,
06-09-2025,Sales,175,Customer 01,123201.04,,
06-09-2025,Sales,175,Sales - Local,,123201.04,
07-09-2025,Receipt,120,HDFC Bank Current A/c,134924.91,,
07-09-2025,Receipt,120,Customer 06,,134924.91,
07-09-2025,Payment,118,Conveyance,9980.79,,
07-09-2025,Payment,118,Cash,,9980.79,
07-09-2025,Payment,119,Supplier 01,67030.43,,
07-09-2025,Payment,119,HDFC Bank Current A/c,,67030.43,
08-09-2025,Purchase,85,Purchases - Local,16407.46,,
08-09-2025,Purchase,85,Supplier 02,,16407.46,
08-09-2025,Receipt,121,HDFC Bank Current A/c,23256.41,,
08-09-2025,Receipt,121,Customer 05,,23256.41,
08-09-2025,Receipt,122,HDFC Bank Current A/c,413706.59,,
08-09-2025,Receipt,122,Customer 07,,413706.59,
09-09-2025,Receipt,123,HDFC Bank Current A/c,4965.09,,
09-09-2025,Receipt,123,Customer 07,,4965.09,
09-09-2025,Sales,176,Cash,25418.95,,
09-09-2025,Sales,176,Sales - Local,,25418.95,
09-09-2025,Payment,120,Staff Welfare,8931.54,,
09-09-2025,Payment,120,Cash,,8931.54,
10-09-2025,Sales,177,Cash,4329.56,,
10-09-2025,Sales,177,Sales - Local,,4329.56,
10-09-2025,Purchase,86,Purchases - Local,44574.58,,
10-09-2025,Purchase,86,Supplier 05,,44574.58,
10-09-2025,Payment,121,Supplier 04,12438.90,,
10-09-2025,Payment,121,HDFC Bank Current A/c,,12438.90,
11-09-2025,Receipt,124,HDFC Bank Current A/c,12451.86,,
11-09-2025,Receipt,124,Customer 06,,12451.86,
11-09-2025,Receipt,125,Cash,3031.27,,
11-09-2025,Receipt,125,Customer 07,,3031.27,
11-09-2025,Receipt,126,Cash,5076.34,,
11-09-2025,Receipt,126,Customer 08,,5076.34,
12-09-2025,Payment,122,Bank Charges,123.12,,
12-09-2025,Payment,122,HDFC Bank Current A/c,,123.12,
12-09-2025,Payment,123,Staff Welfare,610.39,,
12-09-2025,Payment,123,Cash,,610.39,
12-09-2025,Payment,124,Supplier 03,181406.93,,
12-09-2025,Payment,124,HDFC Bank Current A/c,,181406.93,
13-09-2025,Payment,125,Rent,25000.00,,
13-09-2025,Payment,125,HDFC Bank Current A/c,,25000.00,
13-09-2025,Payment,126,Salary,54713.75,,
13-09-2025,Payment,126,HDFC Bank Current A/c,,54713.75,
13-09-2025,Payment,127,Electricity Charges,7324.40,,
13-09-2025,Payment,127,HDFC Bank Current A/c,,7324.40,
13-09-2025,Journal,6,Interest on Unsecured Loans,3000.00,,
13-09-2025,Journal,6,Unsecured Loan - Rajesh Kumar,,2700.00,
13-09-2025,Journal,6,TDS Payable,,300.00,
13-09-2025,Payment,128,TDS Payable,300.00,,
13-09-2025,Payment,128,HDFC Bank Current A/c,,300.00,
13-09-2025,Receipt,127,HDFC Bank Current A/c,171332.74,,
13-09-2025,Receipt,127,Customer 05,,171332.74,
13-09-2025,Payment,129,Printing & Stationery,5649.50,,
13-09-2025,Payment,129,Cash,,5649.50,
13-09-2025,Receipt,128,HDFC Bank Current A/c,338709.75,,
13-09-2025,Receipt,128,Customer 03,,338709.75,
14-09-2025,Payment,130,Bank Charges,316.56,,
14-09-2025,Payment,130,HDFC Bank Current A/c,,316.56,
14-09-2025,Sales,178,Customer 05,51441.84,,
14-09-2025,Sales,178,Sales - Local,,51441.84,
14-09-2025,Payment,131,Bank Charges,105.78,,
14-09-2025,Payment,131,HDFC Bank Current A/c,,105.78,
15-09-2025,Sales,179,Customer 07,151337.09,,
15-09-2025,Sales,179,Sales - Local,,151337.09,
15-09-2025,Receipt,129,Cash,14985.93,,
15-09-2025,Receipt,129,Customer 07,,14985.93,
15-09-2025,Payment,132,Supplier 01,94490.46,,
15-09-2025,Payment,132,HDFC Bank Current A/c,,94490.46,
16-09-2025,Payment,133,Supplier 03,7165.13,,
16-09-2025,Payment,133,HDFC Bank Current A/c,,7165.13,
16-09-2025,Sales,180,Customer 08,97197.92,,
16-09-2025,Sales,180,Sales - Local,,97197.92,
16-09-2025,Sales,181,Customer 07,143898.26,,
16-09-2025,Sales,181,Sales - Local,,143898.26,
17-09-2025,Sales,182,Customer 06,106710.12,,
17-09-2025,Sales,182,Sales - Local,,106710.12,
17-09-2025,Receipt,130,HDFC Bank Current A/c,131340.88,,
17-09-2025,Receipt,130,Customer 06,,131340.88,
17-09-2025,Sales,183,Cash,17876.18,,
17-09-2025,Sales,183,Sales - Local,,17876.18,
18-09-2025,Sales,184,Customer 02,59133.93,,
18-09-2025,Sales,184,Sales - Local,,59133.93,
18-09-2025,Receipt,131,HDFC Bank Current A/c,397336.25,,
18-09-2025,Receipt,131,Customer 02,,397336.25,
18-09-2025,Payment,134,Conveyance,7978.79,,
18-09-2025,Payment,134,Cash,,7978.79,
19-09-2025,Payment,135,Printing & Stationery,5241.66,,
19-09-2025,Payment,135,Cash,,5241.66,
19-09-2025,Payment,136,Supplier 02,57995.04,,
19-09-2025,Payment,136,HDFC Bank Current A/c,,57995.04,
19-09-2025,Payment,137,Printing & Stationery,9245.83,,
19-09-2025,Payment,137,Cash,,9245.83,
20-09-2025,Sales,185,Cash,45932.29,,
20-09-2025,Sales,185,Sales - Local,,45932.29,
20-09-2025,Sales,186,Cash,26450.44,,
20-09-2025,Sales,186,Sales - Local,,26450.44,
20-09-2025,Sales,187,Customer 02,15201.69,,
20-09-2025,Sales,187,Sales - Local,,15201.69,
21-09-2025,Payment,138,Office Expenses,2519.10,,
21-09-2025,Payment,138,Cash,,2519.10,
21-09-2025,Purchase,87,Purchases - Local,102339.91,,
21-09-2025,Purchase,87,Supplier 01,,102339.91,
21-09-2025,Sales,188,Cash,26303.00,,
21-09-2025,Sales,188,Sales - Local,,26303.00,
22-09-2025,Payment,139,Staff Welfare,6550.33,,
22-09-2025,Payment,139,Cash,,6550.33,
22-09-2025,Payment,140,Bank Charges,386.98,,
22-09-2025,Payment,140,HDFC Bank Current A/c,,386.98,
22-09-2025,Payment,141,Staff Welfare,524.31,,
22-09-2025,Payment,141,Cash,,524.31,
23-09-2025,Purchase,88,Purchases - Local,107055.18,,
23-09-2025,Purchase,88,Supplier 03,,107055.18,
23-09-2025,Sales,189,Customer 07,185086.16,,
23-09-2025,Sales,189,Sales - Local,,185086.16,
23-09-2025,Purchase,89,Purchases - Local,43877.79,,
23-09-2025,Purchase,89,Supplier 05,,43877.79,
24-09-2025,Payment,142,Printing & Stationery,9152.07,,
24-09-2025,Payment,142,Cash,,9152.07,
24-09-2025,Sales,190,Customer 08,172168.37,,
24-09-2025,Sales,190,Sales - Local,,172168.37,
24-09-2025,Sales,191,Cash,24205.27,,
24-09-2025,Sales,191,Sales - Local,,24205.27,
25-09-2025,Purchase,90,Purchases - Local,73043.26,,
25-09-2025,Purchase,90,Supplier 03,,73043.26,
25-09-2025,Sales,192,Cash,2089.57,,
25-09-2025,Sales,192,Sales - Local,,2089.57,
25-09-2025,Payment,143,Bank Charges,28.23,,
25-09-2025,Payment,143,HDFC Bank Current A/c,,28.23,
26-09-2025,Payment,144,Supplier 05,275910.73,,
26-09-2025,Payment,144,HDFC Bank Current A/c,,275910.73,
26-09-2025,Sales,193,Cash,2567.47,,
26-09-2025,Sales,193,Sales - Local,,2567.47,
26-09-2025,Payment,145,Supplier 02,61126.08,,
26-09-2025,Payment,145,HDFC Bank Current A/c,,61126.08,
27-09-2025,Sales,194,Customer 07,133438.50,,
27-09-2025,Sales,194,Sales - Local,,133438.50,
27-09-2025,Sales,195,Customer 03,28407.65,,
27-09-2025,Sales,195,Sales - Local,,28407.65,
27-09-2025,Sales,196,Customer 01,63110.82,,
27-09-2025,Sales,196,Sales - Local,,63110.82,
28-09-2025,Purchase,91,Purchases - Local,21329.22,,
28-09-2025,Purchase,91,Supplier 02,,21329.22,
28-09-2025,Purchase,92,Purchases - Local,41345.81,,
28-09-2025,Purchase,92,Supplier 03,,41345.81,
28-09-2025,Sales,197,Customer 08,39010.29,,
28-09-2025,Sales,197,Sales - Local,,39010.29,
29-09-2025,Purchase,93,Purchases - Local,39596.08,,
29-09-2025,Purchase,93,Supplier 04,,39596.08,
29-09-2025,Purchase,94,Purchases - Local,48629.09,,
29-09-2025,Purchase,94,Supplier 02,,48629.09,
29-09-2025,Sales,198,Customer 05,58837.06,,
29-09-2025,Sales,198,Sales - Local,,58837.06,
30-09-2025,Payment,146,Supplier 04,44345.35,,
30-09-2025,Payment,146,HDFC Bank Current A/c,,44345.35,
30-09-2025,Sales,199,Cash,39325.42,,
30-09-2025,Sales,199,Sales - Local,,39325.42,
30-09-2025,Receipt,132,Cash,9485.17,,
30-09-2025,Receipt,132,Customer 05,,9485.17,
01-10-2025,Purchase,95,Purchases - Local,26294.07,,
01-10-2025,Purchase,95,Supplier 02,,26294.07,
01-10-2025,Sales,200,Customer 06,116907.49,,
01-10-2025,Sales,200,Sales - Local,,116907.49,
01-10-2025,Payment,147,Office Expenses,2047.75,,
01-10-2025,Payment,147,Cash,,2047.75,
02-10-2025,Sales,201,Customer 03,59580.04,,
02-10-2025,Sales,201,Sales - Local,,59580.04,
02-10-2025,Purchase,96,Purchases - Local,8010.80,,
02-10-2025,Purchase,96,Supplier 02,,8010.80,
02-10-2025,Sales,202,Customer 03,148426.24,,
02-10-2025,Sales,202,Sales - Local,,148426.24,
03-10-2025,Purchase,97,Purchases - Local,67959.77,,
03-10-2025,Purchase,97,Supplier 03,,67959.77,
03-10-2025,Sales,203,Customer 03,22168.08,,
03-10-2025,Sales,203,Sales - Local,,22168.08,
03-10-2025,Payment,148,Supplier 03,53403.13,,
03-10-2025,Payment,148,HDFC Bank Current A/c,,53403.13,
04-10-2025,Receipt,133,HDFC Bank Current A/c,213789.00,,
04-10-2025,Receipt,133,Customer 03,,213789.00,
04-10-2025,Payment,149,Printing & Stationery,1786.11,,
04-10-2025,Payment,149,Cash,,1786.11,
04-10-2025,Sales,204,Cash,39601.58,,
04-10-2025,Sales,204,Sales - Local,,39601.58,
05-10-2025,Payment,150,Supplier 03,180137.17,,
05-10-2025,Payment,150,HDFC Bank Current A/c,,180137.17,
05-10-2025,Payment,151,Conveyance,8510.01,,
05-10-2025,Payment,151,Cash,,8510.01,
05-10-2025,Sales,205,Customer 02,138431.34,,
05-10-2025,Sales,205,Sales - Local,,138431.34,
06-10-2025,Receipt,134,HDFC Bank Current A/c,308186.07,,
06-10-2025,Receipt,134,Customer 04,,308186.07,
06-10-2025,Sales,206,Cash,46269.66,,
06-10-2025,Sales,206,Sales - Local,,46269.66,
06-10-2025,Sales,207,Customer 02,99317.12,,
06-10-2025,Sales,207,Sales - Local,,99317.12,
07-10-2025,Sales,208,Customer 01,95470.69,,
07-10-2025,Sales,208,Sales - Local,,95470.69,
07-10-2025,Receipt,135,Cash,17026.91,,
07-10-2025,Receipt,135,Customer 06,,17026.91,
07-10-2025,Payment,152,Supplier 04,56492.20,,
07-10-2025,Payment,152,HDFC Bank Current A/c,,56492.20,
08-10-2025,Receipt,136,HDFC Bank Current A/c,501363.80,,
08-10-2025,Receipt,136,Customer 07,,501363.80,
08-10-2025,Receipt,137,HDFC Bank Current A/c,80019.38,,
08-10-2025,Receipt,137,Customer 07,,80019.38,
08-10-2025,Purchase,98,Purchases - Local,102877.94,,
08-10-2025,Purchase,98,Supplier 04,,102877.94,
09-10-2025,Receipt,138,HDFC Bank Current A/c,102690.13,,
09-10-2025,Receipt,138,Customer 01,,102690.13,
09-10-2025,Sales,209,Customer 05,83493.01,,
09-10-2025,Sales,209,Sales - Local,,83493.01,
09-10-2025,Receipt,139,HDFC Bank Current A/c,19224.93,,
09-10-2025,Receipt,139,Customer 07,,19224.93,
10-10-2025,Payment,153,Supplier 05,43689.35,,
10-10-2025,Payment,153,HDFC Bank Current A/c,,43689.35,
10-10-2025,Receipt,140,HDFC Bank Current A/c,63738.03,,
10-10-2025,Receipt,140,Customer 03,,63738.03,
10-10-2025,Purchase,99,Purchases - Local,21560.91,,
10-10-2025,Purchase,99,Supplier 05,,21560.91,
11-10-2025,Payment,154,Bank Charges,473.80,,
11-10-2025,Payment,154,HDFC Bank Current A/c,,473.80,
11-10-2025,Sales,210,Customer 06,81837.17,,
11-10-2025,Sales,210,Sales - Local,,81837.17,
11-10-2025,Receipt,141,HDFC Bank Current A/c,39193.35,,
11-10-2025,Receipt,141,Customer 03,,39193.35,
12-10-2025,Receipt,142,HDFC Bank Current A/c,58601.09,,
12-10-2025,Receipt,142,Customer 06,,58601.09,
12-10-2025,Payment,155,Printing & Stationery,3782.11,,
12-10-2025,Payment,155,Cash,,3782.11,
12-10-2025,Sales,211,Customer 04,197053.14,,
12-10-2025,Sales,211,Sales - Local,,197053.14,
13-10-2025,Payment,156,Rent,25000.00,,
13-10-2025,Payment,156,HDFC Bank Current A/c,,25000.00,
13-10-2025,Payment,157,Salary,44236.93,,
13-10-2025,Payment,157,HDFC Bank Current A/c,,44236.93,
13-10-2025,Payment,158,Electricity Charges,4201.82,,
13-10-2025,Payment,158,HDFC Bank Current A/c,,4201.82,
13-10-2025,Journal,7,Interest on Unsecured Loans,3000.00,,
13-10-2025,Journal,7,Unsecured Loan - Rajesh Kumar,,2700.00,
13-10-2025,Journal,7,TDS Payable,,300.00,
13-10-2025,Payment,159,TDS Payable,300.00,,
13-10-2025,Payment,159,HDFC Bank Current A/c,,300.00,
13-10-2025,Sales,212,Customer 04,135875.32,,
13-10-2025,Sales,212,Sales - Local,,135875.32,
13-10-2025,Sales,213,Cash,47676.16,,
13-10-2025,Sales,213,Sales - Local,,47676.16,
13-10-2025,Purchase,100,Purchases - Local,108877.77,,
13-10-2025,Purchase,100,Supplier 04,,108877.77,
14-10-2025,Payment,160,Printing & Stationery,2232.13,,
14-10-2025,Payment,160,Cash,,2232.13,
14-10-2025,Receipt,143,Cash,14142.76,,
14-10-2025,Receipt,143,Customer 02,,14142.76,
14-10-2025,Payment,161,Supplier 05,52103.23,,
14-10-2025,Payment,161,HDFC Bank Current A/c,,52103.23,
15-10-2025,Payment,162,Supplier 03,60932.38,,
15-10-2025,Payment,162,HDFC Bank Current A/c,,60932.38,
15-10-2025,Receipt,144,HDFC Bank Current A/c,59385.37,,
15-10-2025,Receipt,144,Customer 06,,59385.37,
16-10-2025,Sales,214,Customer 08,194480.32,,
16-10-2025,Sales,214,Sales - Local,,194480.32,
16-10-2025,Receipt,145,HDFC Bank Current A/c,3915.57,,
16-10-2025,Receipt,145,Customer 06,,3915.57,
16-10-2025,Purchase,101,Purchases - Local,72024.88,,
16-10-2025,Purchase,101,Supplier 01,,72024.88,
17-10-2025,Sales,215,Cash,1422.55,,
17-10-2025,Sales,215,Sales - Local,,1422.55,
17-10-2025,Payment,163,Conveyance,237.04,,
17-10-2025,Payment,163,Cash,,237.04,
17-10-2025,Sales,216,Customer 05,129223.79,,
17-10-2025,Sales,216,Sales - Local,,129223.79,
18-10-2025,Payment,164,Staff Welfare,556.90,,
18-10-2025,Payment,164,Cash,,556.90,
18-10-2025,Purchase,102,Purchases - Local,51617.29,,
18-10-2025,Purchase,102,Supplier 01,,51617.29,
18-10-2025,Payment,165,Supplier 03,3893.87,,
18-10-2025,Payment,165,HDFC Bank Current A/c,,3893.87,
19-10-2025,Sales,217,Cash,18941.70,,
19-10-2025,Sales,217,Sales - Local,,18941.70,
19-10-2025,Purchase,103,Purchases - Local,89706.55,,
19-10-2025,Purchase,103,Supplier 05,,89706.55,
19-10-2025,Purchase,104,Purchases - Local,118451.93,,
19-10-2025,Purchase,104,Supplier 01,,118451.93,
20-10-2025,Sales,218,Customer 05,144234.50,,
20-10-2025,Sales,218,Sales - Local,,144234.50,
20-10-2025,Purchase,105,Purchases - Local,35104.98,,
20-10-2025,Purchase,105,Supplier 01,,35104.98,
20-10-2025,Payment,166,Telephone Expenses,9414.43,,
20-10-2025,Payment,166,Cash,,9414.43,
21-10-2025,Receipt,146,HDFC Bank Current A/c,458231.98,,
21-10-2025,Receipt,146,Customer 01,,458231.98,
21-10-2025,Sales,219,Cash,36958.30,,
21-10-2025,Sales,219,Sales - Local,,36958.30,
21-10-2025,Sales,220,Cash,44551.63,,
21-10-2025,Sales,220,Sales - Local,,44551.63,
22-10-2025,Payment,167,Supplier 02,111370.76,,
22-10-2025,Payment,167,HDFC Bank Current A/c,,111370.76,
22-10-2025,Purchase,106,Purchases - Local,63258.00,,
22-10-2025,Purchase,106,Supplier 05,,63258.00,
22-10-2025,Receipt,147,Cash,7573.17,,
22-10-2025,Receipt,147,Customer 04,,7573.17,
23-10-2025,Sales,221,Customer 05,191894.47,,
23-10-2025,Sales,221,Sales - Local,,191894.47,
23-10-2025,Sales,222,Customer 03,151741.54,,
23-10-2025,Sales,222,Sales - Local,,151741.54,
23-10-2025,Purchase,107,Purchases - Local,105185.84,,
23-10-2025,Purchase,107,Supplier 01,,105185.84,
24-10-2025,Sales,223,Cash,32491.04,,
24-10-2025,Sales,223,Sales - Local,,32491.04,
24-10-2025,Purchase,108,Purchases - Local,24507.83,,
24-10-2025,Purchase,108,Supplier 01,,24507.83,
24-10-2025,Payment,168,Supplier 02,19401.79,,
24-10-2025,Payment,168,HDFC Bank Current A/c,,19401.79,
25-10-2025,Receipt,148,HDFC Bank Current A/c,43676.69,,
25-10-2025,Receipt,148,Customer 03,,43676.69,
25-10-2025,Sales,224,Customer 05,36157.01,,
25-10-2025,Sales,224,Sales - Local,,36157.01,
25-10-2025,Payment,169,Supplier 02,3988.20,,
25-10-2025,Payment,169,HDFC Bank Current A/c,,3988.20,
26-10-2025,Payment,170,Office Expenses,8095.67,,
26-10-2025,Payment,170,Cash,,8095.67,
26-10-2025,Sales,225,Customer 07,128857.37,,
26-10-2025,Sales,225,Sales - Local,,128857.37,
26-10-2025,Payment,171,Office Expenses,8920.46,,
26-10-2025,Payment,171,Cash,,8920.46,
27-10-2025,Receipt,149,HDFC Bank Current A/c,688742.11,,
27-10-2025,Receipt,149,Customer 05,,688742.11,
27-10-2025,Sales,226,Customer 06,147238.65,,
27-10-2025,Sales,226,Sales - Local,,147238.65,
27-10-2025,Purchase,109,Purchases - Local,88078.70,,
27-10-2025,Purchase,109,Supplier 05,,88078.70,
28-10-2025,Receipt,150,HDFC Bank Current A/c,93035.74,,
28-10-2025,Receipt,150,Customer 07,,93035.74,
28-10-2025,Purchase,110,Purchases - Local,56972.35,,
28-10-2025,Purchase,110,Supplier 01,,56972.35,
28-10-2025,Purchase,111,Purchases - Local,98294.87,,
28-10-2025,Purchase,111,Supplier 01,,98294.87,
29-10-2025,Purchase,112,Purchases - Local,81991.99,,
29-10-2025,Purchase,112,Supplier 04,,81991.99,
29-10-2025,Sales,227,Customer 06,42837.14,,
29-10-2025,Sales,227,Sales - Local,,42837.14,
29-10-2025,Payment,172,Staff Welfare,1403.55,,
29-10-2025,Payment,172,Cash,,1403.55,
30-10-2025,Purchase,113,Purchases - Local,72057.42,,
30-10-2025,Purchase,113,Supplier 01,,72057.42,
30-10-2025,Sales,228,Cash,38742.82,,
30-10-2025,Sales,228,Sales - Local,,38742.82,
30-10-2025,Payment,173,Staff Welfare,8081.11,,
30-10-2025,Payment,173,Cash,,8081.11,
31-10-2025,Sales,229,Cash,32053.08,,
31-10-2025,Sales,229,Sales - Local,,32053.08,
31-10-2025,Receipt,151,HDFC Bank Current A/c,214096.30,,
31-10-2025,Receipt,151,Customer 06,,214096.30,
31-10-2025,Payment,174,Bank Charges,309.08,,
31-10-2025,Payment,174,HDFC Bank Current A/c,,309.08,
01-11-2025,Purchase,114,Purchases - Local,78559.63,,
01-11-2025,Purchase,114,Supplier 01,,78559.63,
01-11-2025,Payment,175,Supplier 05,62369.89,,
01-11-2025,Payment,175,HDFC Bank Current A/c,,62369.89,
01-11-2025,Sales,230,Customer 05,108037.25,,
01-11-2025,Sales,230,Sales - Local,,108037.25,
02-11-2025,Sales,231,Customer 07,11594.29,,
02-11-2025,Sales,231,Sales - Local,,11594.29,
02-11-2025,Payment,176,Printing & Stationery,7129.05,,
02-11-2025,Payment,176,Cash,,7129.05,
02-11-2025,Payment,177,Telephone Expenses,473.25,,
02-11-2025,Payment,177,Cash,,473.25,
03-11-2025,Sales,232,Customer 08,40102.05,,
03-11-2025,Sales,232,Sales - Local,,40102.05,
03-11-2025,Payment,178,Staff Welfare,7295.28,,
03-11-2025,Payment,178,Cash,,7295.28,
03-11-2025,Payment,179,Telephone Expenses,6028.74,,
03-11-2025,Payment,179,Cash,,6028.74,
04-11-2025,Payment,180,Supplier 02,9562.38,,
04-11-2025,Payment,180,HDFC Bank Current A/c,,9562.38,
04-11-2025,Purchase,115,Purchases - Local,115824.08,,
04-11-2025,Purchase,115,Supplier 05,,115824.08,
04-11-2025,Receipt,152,HDFC Bank Current A/c,33317.62,,
04-11-2025,Receipt,152,Customer 01,,33317.62,
05-11-2025,Sales,233,Customer 05,23887.05,,
05-11-2025,Sales,233,Sales - Local,,23887.05,
05-11-2025,Sales,234,Cash,31669.35,,
05-11-2025,Sales,234,Sales - Local,,31669.35,
05-11-2025,Sales,235,Customer 01,192309.20,,
05-11-2025,Sales,235,Sales - Local,,192309.20,
06-11-2025,Sales,236,Customer 07,154069.87,,
06-11-2025,Sales,236,Sales - Local,,154069.87,
06-11-2025,Sales,237,Cash,26009.25,,
06-11-2025,Sales,237,Sales - Local,,26009.25,
06-11-2025,Receipt,153,HDFC Bank Current A/c,136821.23,,
06-11-2025,Receipt,153,Customer 07,,136821.23,
07-11-2025,Receipt,154,HDFC Bank Current A/c,74658.84,,
07-11-2025,Receipt,154,Customer 07,,74658.84,
07-11-2025,Payment,181,Supplier 03,21013.82,,
07-11-2025,Payment,181,HDFC Bank Current A/c,,21013.82,
07-11-2025,Sales,238,Cash,4352.12,,
07-11-2025,Sales,238,Sales - Local,,4352.12,
08-11-2025,Purchase,116,Purchases - Local,105713.87,,
08-11-2025,Purchase,116,Supplier 04,,105713.87,
08-11-2025,Receipt,155,HDFC Bank Current A/c,612721.60,,
08-11-2025,Receipt,155,Customer 04,,612721.60,
08-11-2025,Sales,239,Customer 02,38392.44,,
08-11-2025,Sales,239,Sales - Local,,38392.44,
09-11-2025,Payment,182,Supplier 02,6630.90,,
09-11-2025,Payment,182,HDFC Bank Current A/c,,6630.90,
09-11-2025,Receipt,156,HDFC Bank Current A/c,78089.49,,
09-11-2025,Receipt,156,Customer 03,,78089.49,
09-11-2025,Payment,183,Printing & Stationery,8559.09,,
09-11-2025,Payment,183,Cash,,8559.09,
10-11-2025,Sales,240,Cash,47088.17,,
10-11-2025,Sales,240,Sales - Local,,47088.17,
10-11-2025,Receipt,157,Cash,5149.91,,
10-11-2025,Receipt,157,Customer 02,,5149.91,
10-11-2025,Sales,241,Customer 07,46209.63,,
10-11-2025,Sales,241,Sales - Local,,46209.63,
11-11-2025,Sales,242,Customer 07,73354.26,,
11-11-2025,Sales,242,Sales - Local,,73354.26,
11-11-2025,Receipt,158,HDFC Bank Current A/c,14038.71,,
11-11-2025,Receipt,158,Customer 04,,14038.71,
11-11-2025,Payment,184,Supplier 04,34069.77,,
11-11-2025,Payment,184,HDFC Bank Current A/c,,34069.77,
12-11-2025,Payment,185,Rent,25000.00,,
12-11-2025,Payment,185,HDFC Bank Current A/c,,25000.00,
12-11-2025,Payment,186,Salary,49169.47,,
12-11-2025,Payment,186,HDFC Bank Current A/c,,49169.47,
12-11-2025,Payment,187,Electricity Charges,6798.18,,
12-11-2025,Payment,187,HDFC Bank Current A/c,,6798.18,
12-11-2025,Journal,8,Interest on Unsecured Loans,3000.00,,
12-11-2025,Journal,8,Unsecured Loan - Rajesh Kumar,,2700.00,
12-11-2025,Journal,8,TDS Payable,,300.00,
12-11-2025,Payment,188,TDS Payable,300.00,,
12-11-2025,Payment,188,HDFC Bank Current A/c,,300.00,
12-11-2025,Sales,243,Cash,31652.54,,
12-11-2025,Sales,243,Sales - Local,,31652.54,
12-11-2025,Receipt,159,HDFC Bank Current A/c,69452.29,,
12-11-2025,Receipt,159,Customer 04,,69452.29,
12-11-2025,Receipt,160,HDFC Bank Current A/c,231461.23,,
12-11-2025,Receipt,160,Customer 02,,231461.23,
13-11-2025,Receipt,161,Cash,12230.14,,
13-11-2025,Receipt,161,Customer 02,,12230.14,
13-11-2025,Payment,189,Supplier 03,3209.89,,
13-11-2025,Payment,189,HDFC Bank Current A/c,,3209.89,
13-11-2025,Purchase,117,Purchases - Local,67900.83,,
13-11-2025,Purchase,117,Supplier 04,,67900.83,
14-11-2025,Receipt,162,HDFC Bank Current A/c,235428.70,,
14-11-2025,Receipt,162,Customer 01,,235428.70,
14-11-2025,Payment,190,Supplier 05,45828.39,,
14-11-2025,Payment,190,HDFC Bank Current A/c,,45828.39,
14-11-2025,Receipt,163,Cash,5739.70,,
14-11-2025,Receipt,163,Customer 01,,5739.70,
15-11-2025,Purchase,118,Purchases - Local,97187.90,,
15-11-2025,Purchase,118,Supplier 03,,97187.90,
15-11-2025,Sales,244,Customer 02,102569.69,,
15-11-2025,Sales,244,Sales - Local,,102569.69,
15-11-2025,Payment,191,Telephone Expenses,5179.22,,
15-11-2025,Payment,191,Cash,,5179.22,
16-11-2025,Payment,192,Bank Charges,99.30,,
16-11-2025,Payment,192,HDFC Bank Current A/c,,99.30,
16-11-2025,Payment,193,Office Expenses,1842.68,,
16-11-2025,Payment,193,Cash,,1842.68,
16-11-2025,Receipt,164,HDFC Bank Current A/c,9176.21,,
16-11-2025,Receipt,164,Customer 07,,9176.21,
17-11-2025,Sales,245,Customer 07,56662.83,,
17-11-2025,Sales,245,Sales - Local,,56662.83,
17-11-2025,Receipt,165,HDFC Bank Current A/c,159932.83,,
17-11-2025,Receipt,165,Customer 05,,159932.83,
17-11-2025,Receipt,166,HDFC Bank Current A/c,65140.03,,
17-11-2025,Receipt,166,Customer 04,,65140.03,
18-11-2025,Payment,194,Supplier 02,1424.12,,
18-11-2025,Payment,194,HDFC Bank Current A/c,,1424.12,
18-11-2025,Receipt,167,HDFC Bank Current A/c,23753.98,,
18-11-2025,Receipt,167,Customer 03,,23753.98,
18-11-2025,Payment,195,Supplier 03,120892.63,,
18-11-2025,Payment,195,HDFC Bank Current A/c,,120892.63,
19-11-2025,Sales,246,Customer 02,178447.79,,
19-11-2025,Sales,246,Sales - Local,,178447.79,
19-11-2025,Sales,247,Customer 07,155782.23,,
19-11-2025,Sales,247,Sales - Local,,155782.23,
19-11-2025,Receipt,168,HDFC Bank Current A/c,289691.28,,
19-11-2025,Receipt,168,Customer 07,,289691.28,
20-11-2025,Purchase,119,Purchases - Local,37109.86,,
20-11-2025,Purchase,119,Supplier 01,,37109.86,
20-11-2025,Sales,248,Customer 06,48284.32,,
20-11-2025,Sales,248,Sales - Local,,48284.32,
20-11-2025,Sales,249,Customer 05,39852.25,,
20-11-2025,Sales,249,Sales - Local,,39852.25,
21-11-2025,Sales,250,Cash,10745.44,,
21-11-2025,Sales,250,Sales - Local,,10745.44,
21-11-2025,Payment,196,Telephone Expenses,6630.61,,
21-11-2025,Payment,196,Cash,,6630.61,
21-11-2025,Payment,197,Bank Charges,68.22,,
21-11-2025,Payment,197,HDFC Bank Current A/c,,68.22,
22-11-2025,Purchase,120,Purchases - Local,96803.66,,
22-11-2025,Purchase,120,Supplier 03,,96803.66,
22-11-2025,Sales,251,Customer 02,154026.13,,
22-11-2025,Sales,251,Sales - Local,,154026.13,
22-11-2025,Sales,252,Customer 03,59313.53,,
22-11-2025,Sales,252,Sales - Local,,59313.53,
23-11-2025,Payment,198,Supplier 01,117953.07,,
23-11-2025,Payment,198,HDFC Bank Current A/c,,117953.07,
23-11-2025,Receipt,169,HDFC Bank Current A/c,50355.93,,
23-11-2025,Receipt,169,Customer 03,,50355.93,
23-11-2025,Receipt,170,HDFC Bank Current A/c,17989.15,,
23-11-2025,Receipt,170,Customer 04,,17989.15,
24-11-2025,Sales,253,Customer 04,80400.28,,
24-11-2025,Sales,253,Sales - Local,,80400.28,
24-11-2025,Sales,254,Customer 06,83466.62,,
24-11-2025,Sales,254,Sales - Local,,83466.62,
24-11-2025,Sales,255,Customer 06,105428.56,,
24-11-2025,Sales,255,Sales - Local,,105428.56,
25-11-2025,Sales,256,Customer 02,18844.54,,
25-11-2025,Sales,256,Sales - Local,,18844.54,
25-11-2025,Payment,199,Office Expenses,7677.84,,
25-11-2025,Payment,199,Cash,,7677.84,
25-11-2025,Receipt,171,HDFC Bank Current A/c,13240.43,,
25-11-2025,Receipt,171,Customer 07,,13240.43,
26-11-2025,Receipt,172,HDFC Bank Current A/c,327766.38,,
26-11-2025,Receipt,172,Customer 02,,327766.38,
26-11-2025,Sales,257,Cash,44574.45,,
26-11-2025,Sales,257,Sales - Local,,44574.45,
26-11-2025,Sales,258,Cash,19756.73,,
26-11-2025,Sales,258,Sales - Local,,19756.73,
27-11-2025,Sales,259,Customer 04,47515.05,,
27-11-2025,Sales,259,Sales - Local,,47515.05,
27-11-2025,Sales,260,Customer 06,180621.10,,
27-11-2025,Sales,260,Sales - Local,,180621.10,
27-11-2025,Payment,200,Supplier 04,133437.28,,
27-11-2025,Payment,200,HDFC Bank Current A/c,,133437.28,
28-11-2025,Sales,261,Cash,48924.67,,
28-11-2025,Sales,261,Sales - Local,,48924.67,
28-11-2025,Purchase,121,Purchases - Local,25923.70,,
28-11-2025,Purchase,121,Supplier 05,,25923.70,
28-11-2025,Receipt,173,HDFC Bank Current A/c,10506.81,,
28-11-2025,Receipt,173,Customer 05,,10506.81,
29-11-2025,Receipt,174,HDFC Bank Current A/c,30211.36,,
29-11-2025,Receipt,174,Customer 05,,30211.36,
29-11-2025,Purchase,122,Purchases - Local,13087.77,,
29-11-2025,Purchase,122,Supplier 03,,13087.77,
29-11-2025,Payment,201,Office Expenses,8206.22,,
29-11-2025,Payment,201,Cash,,8206.22,
30-11-2025,Sales,262,Cash,22200.22,,
30-11-2025,Sales,262,Sales - Local,,22200.22,
30-11-2025,Sales,263,Customer 03,186262.95,,
30-11-2025,Sales,263,Sales - Local,,186262.95,
30-11-2025,Sales,264,Customer 08,78401.62,,
30-11-2025,Sales,264,Sales - Local,,78401.62,
01-12-2025,Payment,202,Supplier 05,235175.17,,
01-12-2025,Payment,202,HDFC Bank Current A/c,,235175.17,
01-12-2025,Purchase,123,Purchases - Local,60064.04,,
01-12-2025,Purchase,123,Supplier 01,,60064.04,
01-12-2025,Payment,203,Conveyance,4862.23,,
01-12-2025,Payment,203,Cash,,4862.23,
02-12-2025,Payment,204,Supplier 01,309627.56,,
02-12-2025,Payment,204,HDFC Bank Current A/c,,309627.56,
02-12-2025,Payment,205,Printing & Stationery,9792.73,,
02-12-2025,Payment,205,Cash,,9792.73,
02-12-2025,Payment,206,Supplier 05,53252.28,,
02-12-2025,Payment,206,HDFC Bank Current A/c,,53252.28,
03-12-2025,Receipt,175,HDFC Bank Current A/c,254054.21,,
03-12-2025,Receipt,175,Customer 08,,254054.21,
03-12-2025,Payment,207,Supplier 01,218225.25,,
03-12-2025,Payment,207,HDFC Bank Current A/c,,218225.25,
03-12-2025,Payment,208,Supplier 05,21768.12,,
03-12-2025,Payment,208,HDFC Bank Current A/c,,21768.12,
04-12-2025,Receipt,176,HDFC Bank Current A/c,123713.77,,
04-12-2025,Receipt,176,Customer 03,,123713.77,
04-12-2025,Receipt,177,HDFC Bank Current A/c,3909.80,,
04-12-2025,Receipt,177,Interest Received,,3909.80,
05-12-2025,Purchase,124,Purchases - Local,110724.03,,
05-12-2025,Purchase,124,Supplier 05,,110724.03,
05-12-2025,Payment,209,Supplier 05,63568.48,,
05-12-2025,Payment,209,HDFC Bank Current A/c,,63568.48,
05-12-2025,Purchase,125,Purchases - Local,48949.38,,
05-12-2025,Purchase,125,Supplier 04,,48949.38,
06-12-2025,Receipt,178,HDFC Bank Current A/c,8491.74,,
06-12-2025,Receipt,178,Customer 03,,8491.74,
06-12-2025,Receipt,179,HDFC Bank Current A/c,4453.68,,
06-12-2025,Receipt,179,Interest Received,,4453.68,
06-12-2025,Receipt,180,HDFC Bank Current A/c,10386.47,,
06-12-2025,Receipt,180,Customer 05,,10386.47,
07-12-2025,Payment,210,Supplier 03,35689.45,,
07-12-2025,Payment,210,HDFC Bank Current A/c,,35689.45,
07-12-2025,Sales,265,Customer 07,65536.37,,
07-12-2025,Sales,265,Sales - Local,,65536.37,
07-12-2025,Purchase,126,Purchases - Local,40471.39,,
07-12-2025,Purchase,126,Supplier 03,,40471.39,
08-12-2025,Payment,211,Staff Welfare,288.94,,
08-12-2025,Payment,211,Cash,,288.94,
08-12-2025,Sales,266,Customer 05,41478.67,,
08-12-2025,Sales,266,Sales - Local,,41478.67,
08-12-2025,Purchase,127,Purchases - Local,14655.94,,
08-12-2025,Purchase,127,Supplier 04,,14655.94,
09-12-2025,Purchase,128,Purchases - Local,76917.17,,
09-12-2025,Purchase,128,Supplier 05,,76917.17,
09-12-2025,Sales,267,Customer 02,120001.71,,
09-12-2025,Sales,267,Sales - Local,,120001.71,
09-12-2025,Receipt,181,Cash,16359.46,,
09-12-2025,Receipt,181,Customer 05,,16359.46,
10-12-2025,Receipt,182,Cash,13190.32,,
10-12-2025,Receipt,182,Customer 08,,13190.32,
10-12-2025,Sales,268,Customer 07,8251.00,,
10-12-2025,Sales,268,Sales - Local,,8251.00,
10-12-2025,Receipt,183,Cash,7867.57,,
10-12-2025,Receipt,183,Customer 04,,7867.57,
11-12-2025,Sales,269,Cash,37264.30,,
11-12-2025,Sales,269,Sales - Local,,37264.30,
11-12-2025,Receipt,184,HDFC Bank Current A/c,47575.67,,
11-12-2025,Receipt,184,Customer 01,,47575.67,
11-12-2025,Sales,270,Customer 07,133186.82,,
11-12-2025,Sales,270,Sales - Local,,133186.82,
12-12-2025,Payment,212,Rent,25000.00,,
12-12-2025,Payment,212,HDFC Bank Current A/c,,25000.00,
12-12-2025,Payment,213,Salary,49511.97,,
12-12-2025,Payment,213,HDFC Bank Current A/c,,49511.97,
12-12-2025,Payment,214,Electricity Charges,4795.68,,
12-12-2025,Payment,214,HDFC Bank Current A/c,,4795.68,
12-12-2025,Journal,9,Interest on Unsecured Loans,3000.00,,
12-12-2025,Journal,9,Unsecured Loan - Rajesh Kumar,,2700.00,
12-12-2025,Journal,9,TDS Payable,,300.00,
12-12-2025,Payment,215,TDS Payable,300.00,,
12-12-2025,Payment,215,HDFC Bank Current A/c,,300.00,
12-12-2025,Payment,216,Staff Welfare,8698.47,,
12-12-2025,Payment,216,Cash,,8698.47,
12-12-2025,Sales,271,Customer 08,50408.07,,
12-12-2025,Sales,271,Sales - Local,,50408.07,
12-12-2025,Payment,217,Telephone Expenses,2790.64,,
12-12-2025,Payment,217,Cash,,2790.64,
13-12-2025,Receipt,185,Cash,3573.63,,
13-12-2025,Receipt,185,Customer 07,,3573.63,
13-12-2025,Payment,218,Supplier 05,69019.59,,
13-12-2025,Payment,218,HDFC Bank Current A/c,,69019.59,
13-12-2025,Payment,219,Supplier 03,125880.70,,
13-12-2025,Payment,219,HDFC Bank Current A/c,,125880.70,
14-12-2025,Payment,220,Bank Charges,106.44,,
14-12-2025,Payment,220,HDFC Bank Current A/c,,106.44,
14-12-2025,Sales,272,Customer 04,89046.56,,
14-12-2025,Sales,272,Sales - Local,,89046.56,
14-12-2025,Sales,273,Customer 03,159613.59,,
14-12-2025,Sales,273,Sales - Local,,159613.59,
15-12-2025,Sales,274,Customer 03,40954.91,,
15-12-2025,Sales,274,Sales - Local,,40954.91,
15-12-2025,Sales,275,Customer 08,191117.84,,
15-12-2025,Sales,275,Sales - Local,,191117.84,
15-12-2025,Sales,276,Customer 07,171054.89,,
15-12-2025,Sales,276,Sales - Local,,171054.89,
16-12-2025,Receipt,186,Cash,9354.29,,
16-12-2025,Receipt,186,Customer 02,,9354.29,
16-12-2025,Sales,277,Cash,20858.87,,
16-12-2025,Sales,277,Sales - Local,,20858.87,
16-12-2025,Receipt,187,HDFC Bank Current A/c,230606.67,,
16-12-2025,Receipt,187,Customer 08,,230606.67,
17-12-2025,Purchase,129,Purchases - Local,14649.99,,
17-12-2025,Purchase,129,Supplier 02,,14649.99,
17-12-2025,Purchase,130,Purchases - Local,111954.30,,
17-12-2025,Purchase,130,Supplier 04,,111954.30,
17-12-2025,Sales,278,Cash,12249.25,,
17-12-2025,Sales,278,Sales - Local,,12249.25,
18-12-2025,Payment,221,Staff Welfare,8967.07,,
18-12-2025,Payment,221,Cash,,8967.07,
18-12-2025,Receipt,188,Cash,4470.77,,
18-12-2025,Receipt,188,Customer 08,,4470.77,
18-12-2025,Payment,222,Bank Charges,176.19,,
18-12-2025,Payment,222,HDFC Bank Current A/c,,176.19,
19-12-2025,Payment,223,Supplier 05,15459.43,,
19-12-2025,Payment,223,HDFC Bank Current A/c,,15459.43,
19-12-2025,Purchase,131,Purchases - Local,79031.44,,
19-12-2025,Purchase,131,Supplier 01,,79031.44,
19-12-2025,Sales,279,Customer 07,111997.80,,
19-12-2025,Sales,279,Sales - Local,,111997.80,
20-12-2025,Sales,280,Cash,10945.62,,
20-12-2025,Sales,280,Sales - Local,,10945.62,
20-12-2025,Sales,281,Customer 04,162512.27,,
20-12-2025,Sales,281,Sales - Local,,162512.27,
20-12-2025,Sales,282,Customer 03,134281.05,,
20-12-2025,Sales,282,Sales - Local,,134281.05,
21-12-2025,Receipt,189,HDFC Bank Current A/c,130776.26,,
21-12-2025,Receipt,189,Customer 08,,130776.26,
21-12-2025,Payment,224,Office Expenses,3334.77,,
21-12-2025,Payment,224,Cash,,3334.77,
21-12-2025,Purchase,132,Purchases - Local,114196.95,,
21-12-2025,Purchase,132,Supplier 01,,114196.95,
22-12-2025,Purchase,133,Purchases - Local,7081.02,,
22-12-2025,Purchase,133,Supplier 03,,7081.02,
22-12-2025,Sales,283,Customer 02,31752.07,,
22-12-2025,Sales,283,Sales - Local,,31752.07,
22-12-2025,Receipt,190,Cash,18887.57,,
22-12-2025,Receipt,190,Customer 03,,18887.57,
23-12-2025,Receipt,191,HDFC Bank Current A/c,259275.98,,
23-12-2025,Receipt,191,Customer 07,,259275.98,
23-12-2025,Payment,225,Conveyance,9660.23,,
23-12-2025,Payment,225,Cash,,9660.23,
23-12-2025,Sales,284,Customer 04,86128.77,,
23-12-2025,Sales,284,Sales - Local,,86128.77,
24-12-2025,Receipt,192,HDFC Bank Current A/c,7765.77,,
24-12-2025,Receipt,192,Customer 05,,7765.77,
24-12-2025,Sales,285,Customer 02,38708.98,,
24-12-2025,Sales,285,Sales - Local,,38708.98,
24-12-2025,Purchase,134,Purchases - Local,33491.69,,
24-12-2025,Purchase,134,Supplier 02,,33491.69,
25-12-2025,Receipt,193,HDFC Bank Current A/c,1353.84,,
25-12-2025,Receipt,193,Interest Received,,1353.84,
25-12-2025,Payment,226,Supplier 01,178372.03,,
25-12-2025,Payment,226,HDFC Bank Current A/c,,178372.03,
25-12-2025,Purchase,135,Purchases - Local,16398.01,,
25-12-2025,Purchase,135,Supplier 03,,16398.01,
26-12-2025,Payment,227,Telephone Expenses,4421.92,,
26-12-2025,Payment,227,Cash,,4421.92,
26-12-2025,Purchase,136,Purchases - Local,59510.24,,
26-12-2025,Purchase,136,Supplier 05,,59510.24,
26-12-2025,Receipt,194,HDFC Bank Current A/c,42720.69,,
26-12-2025,Receipt,194,Customer 07,,42720.69,
27-12-2025,Sales,286,Customer 07,180151.59,,
27-12-2025,Sales,286,Sales - Local,,180151.59,
27-12-2025,Sales,287,Customer 06,39709.45,,
27-12-2025,Sales,287,Sales - Local,,39709.45,
27-12-2025,Purchase,137,Purchases - Local,36784.34,,
27-12-2025,Purchase,137,Supplier 01,,36784.34,
28-12-2025,Sales,288,Cash,34082.23,,
28-12-2025,Sales,288,Sales - Local,,34082.23,
28-12-2025,Sales,289,Customer 01,56433.94,,
28-12-2025,Sales,289,Sales - Local,,56433.94,
28-12-2025,Payment,228,Supplier 02,12760.20,,
28-12-2025,Payment,228,HDFC Bank Current A/c,,12760.20,
29-12-2025,Receipt,195,HDFC Bank Current A/c,203168.80,,
29-12-2025,Receipt,195,Customer 06,,203168.80,
29-12-2025,Purchase,138,Purchases - Local,24337.07,,
29-12-2025,Purchase,138,Supplier 02,,24337.07,
29-12-2025,Sales,290,Cash,33546.32,,
29-12-2025,Sales,290,Sales - Local,,33546.32,
30-12-2025,Payment,229,Supplier 04,184215.27,,
30-12-2025,Payment,229,HDFC Bank Current A/c,,184215.27,
30-12-2025,Sales,291,Cash,20223.35,,
30-12-2025,Sales,291,Sales - Local,,20223.35,
30-12-2025,Sales,292,Customer 05,27816.22,,
30-12-2025,Sales,292,Sales - Local,,27816.22,
31-12-2025,Sales,293,Customer 01,91072.90,,
31-12-2025,Sales,293,Sales - Local,,91072.90,
31-12-2025,Sales,294,Customer 06,96371.36,,
31-12-2025,Sales,294,Sales - Local,,96371.36,
31-12-2025,Payment,230,Supplier 03,10468.93,,
31-12-2025,Payment,230,HDFC Bank Current A/c,,10468.93,
01-01-2026,Payment,231,Supplier 03,23395.91,,
01-01-2026,Payment,231,HDFC Bank Current A/c,,23395.91,
01-01-2026,Payment,232,Supplier 01,143222.68,,
01-01-2026,Payment,232,HDFC Bank Current A/c,,143222.68,
01-01-2026,Payment,233,Conveyance,696.18,,
01-01-2026,Payment,233,Cash,,696.18,
02-01-2026,Sales,295,Customer 05,89034.66,,
02-01-2026,Sales,295,Sales - Local,,89034.66,
02-01-2026,Payment,234,Supplier 03,5572.15,,
02-01-2026,Payment,234,HDFC Bank Current A/c,,5572.15,
02-01-2026,Payment,235,Supplier 01,235992.89,,
02-01-2026,Payment,235,HDFC Bank Current A/c,,235992.89,
03-01-2026,Sales,296,Customer 03,89577.77,,
03-01-2026,Sales,296,Sales - Local,,89577.77,
03-01-2026,Sales,297,Cash,10830.26,,
03-01-2026,Sales,297,Sales - Local,,10830.26,
03-01-2026,Sales,298,Customer 01,147081.17,,
03-01-2026,Sales,298,Sales - Local,,147081.17,
04-01-2026,Receipt,196,HDFC Bank Current A/c,181868.94,,
04-01-2026,Receipt,196,Customer 03,,181868.94,
04-01-2026,Sales,299,Cash,17470.34,,
04-01-2026,Sales,299,Sales - Local,,17470.34,
04-01-2026,Purchase,139,Purchases - Local,15066.78,,
04-01-2026,Purchase,139,Supplier 04,,15066.78,
05-01-2026,Receipt,197,Cash,4019.36,,
05-01-2026,Receipt,197,Customer 06,,4019.36,
05-01-2026,Sales,300,Customer 06,68006.00,,
05-01-2026,Sales,300,Sales - Local,,68006.00,
05-01-2026,Purchase,140,Purchases - Local,51464.24,,
05-01-2026,Purchase,140,Supplier 03,,51464.24,
06-01-2026,Receipt,198,Cash,17567.83,,
06-01-2026,Receipt,198,Customer 07,,17567.83,
06-01-2026,Sales,301,Customer 07,167900.28,,
06-01-2026,Sales,301,Sales - Local,,167900.28,
06-01-2026,Payment,236,Office Expenses,223.66,,
06-01-2026,Payment,236,Cash,,223.66,
07-01-2026,Purchase,141,Purchases - Local,61098.43,,
07-01-2026,Purchase,141,Supplier 04,,61098.43,
07-01-2026,Purchase,142,Purchases - Local,83151.60,,
07-01-2026,Purchase,142,Supplier 03,,83151.60,
07-01-2026,Purchase,143,Purchases - Local,94589.88,,
07-01-2026,Purchase,143,Supplier 03,,94589.88,
08-01-2026,Sales,302,Customer 06,187745.46,,
08-01-2026,Sales,302,Sales - Local,,187745.46,
08-01-2026,Sales,303,Customer 02,80867.78,,
08-01-2026,Sales,303,Sales - Local,,80867.78,
08-01-2026,Payment,237,Telephone Expenses,6534.83,,
08-01-2026,Payment,237,Cash,,6534.83,
09-01-2026,Sales,304,Customer 06,107011.27,,
09-01-2026,Sales,304,Sales - Local,,107011.27,
09-01-2026,Payment,238,Conveyance,563.11,,
09-01-2026,Payment,238,Cash,,563.11,
09-01-2026,Sales,305,Cash,3162.87,,
09-01-2026,Sales,305,Sales - Local,,3162.87,
10-01-2026,Receipt,199,HDFC Bank Current A/c,76364.47,,
10-01-2026,Receipt,199,Customer 02,,76364.47,
10-01-2026,Sales,306,Customer 01,79478.08,,
10-01-2026,Sales,306,Sales - Local,,79478.08,
10-01-2026,Payment,239,Supplier 04,250780.75,,
10-01-2026,Payment,239,HDFC Bank Current A/c,,250780.75,
11-01-2026,Payment,240,Rent,25000.00,,
11-01-2026,Payment,240,HDFC Bank Current A/c,,25000.00,
11-01-2026,Payment,241,Salary,42390.68,,
11-01-2026,Payment,241,HDFC Bank Current A/c,,42390.68,
11-01-2026,Payment,242,Electricity Charges,5739.23,,
11-01-2026,Payment,242,HDFC Bank Current A/c,,5739.23,
11-01-2026,Journal,10,Interest on Unsecured Loans,3000.00,,
11-01-2026,Journal,10,Unsecured Loan - Rajesh Kumar,,2700.00,
11-01-2026,Journal,10,TDS Payable,,300.00,
11-01-2026,Payment,243,TDS Payable,300.00,,
11-01-2026,Payment,243,HDFC Bank Current A/c,,300.00,
11-01-2026,Payment,244,Supplier 03,174814.19,,
11-01-2026,Payment,244,HDFC Bank Current A/c,,174814.19,
11-01-2026,Receipt,200,HDFC Bank Current A/c,109398.64,,
11-01-2026,Receipt,200,Customer 05,,109398.64,
11-01-2026,Receipt,201,Cash,17643.23,,
11-01-2026,Receipt,201,Customer 06,,17643.23,
12-01-2026,Payment,245,Supplier 02,9275.30,,
12-01-2026,Payment,245,HDFC Bank Current A/c,,9275.30,
12-01-2026,Purchase,144,Purchases - Local,54532.33,,
12-01-2026,Purchase,144,Supplier 05,,54532.33,
12-01-2026,Payment,246,Supplier 05,112737.39,,
12-01-2026,Payment,246,HDFC Bank Current A/c,,112737.39,
13-01-2026,Purchase,145,Purchases - Local,75799.86,,
13-01-2026,Purchase,145,Supplier 03,,75799.86,
13-01-2026,Sales,307,Customer 02,81466.83,,
13-01-2026,Sales,307,Sales - Local,,81466.83,
13-01-2026,Sales,308,Cash,44922.32,,
13-01-2026,Sales,308,Sales - Local,,44922.32,
14-01-2026,Purchase,146,Purchases - Local,103381.58,,
14-01-2026,Purchase,146,Supplier 03,,103381.58,
14-01-2026,Payment,247,Supplier 01,8136.75,,
14-01-2026,Payment,247,HDFC Bank Current A/c,,8136.75,
14-01-2026,Sales,309,Customer 03,160338.41,,
14-01-2026,Sales,309,Sales - Local,,160338.41,
15-01-2026,Receipt,202,HDFC Bank Current A/c,266487.28,,
15-01-2026,Receipt,202,Customer 06,,266487.28,
15-01-2026,Sales,310,Customer 05,127996.01,,
15-01-2026,Sales,310,Sales - Local,,127996.01,
15-01-2026,Payment,248,Supplier 02,9478.16,,
15-01-2026,Payment,248,HDFC Bank Current A/c,,9478.16,
16-01-2026,Payment,249,Supplier 03,170197.75,,
16-01-2026,Payment,249,HDFC Bank Current A/c,,170197.75,
16-01-2026,Receipt,203,HDFC Bank Current A/c,4637.34,,
16-01-2026,Receipt,203,Customer 03,,4637.34,
16-01-2026,Sales,311,Customer 02,154385.36,,
16-01-2026,Sales,311,Sales - Local,,154385.36,
17-01-2026,Receipt,204,HDFC Bank Current A/c,344489.97,,
17-01-2026,Receipt,204,Customer 08,,344489.97,
17-01-2026,Receipt,205,Cash,5321.49,,
17-01-2026,Receipt,205,Customer 04,,5321.49,
17-01-2026,Payment,250,Staff Welfare,1713.89,,
17-01-2026,Payment,250,Cash,,1713.89,
18-01-2026,Sales,312,Customer 03,39157.84,,
18-01-2026,Sales,312,Sales - Local,,39157.84,
18-01-2026,Sales,313,Cash,40804.30,,
18-01-2026,Sales,313,Sales - Local,,40804.30,
18-01-2026,Sales,314,Cash,33019.31,,
18-01-2026,Sales,314,Sales - Local,,33019.31,
19-01-2026,Sales,315,Customer 05,58537.73,,
19-01-2026,Sales,315,Sales - Local,,58537.73,
19-01-2026,Payment,251,Office Expenses,3720.82,,
19-01-2026,Payment,251,Cash,,3720.82,
19-01-2026,Payment,252,Supplier 01,1021.47,,
19-01-2026,Payment,252,HDFC Bank Current A/c,,1021.47,
20-01-2026,Receipt,206,Cash,18562.00,,
20-01-2026,Receipt,206,Customer 06,,18562.00,
20-01-2026,Sales,316,Cash,30887.16,,
20-01-2026,Sales,316,Sales - Local,,30887.16,
20-01-2026,Receipt,207,HDFC Bank Current A/c,434016.72,,
20-01-2026,Receipt,207,Customer 02,,434016.72,
21-01-2026,Purchase,147,Purchases - Local,102599.22,,
21-01-2026,Purchase,147,Supplier 01,,102599.22,
21-01-2026,Sales,317,Customer 07,55109.68,,
21-01-2026,Sales,317,Sales - Local,,55109.68,
21-01-2026,Sales,318,Customer 01,171016.51,,
21-01-2026,Sales,318,Sales - Local,,171016.51,
22-01-2026,Receipt,208,HDFC Bank Current A/c,6905.00,,
22-01-2026,Receipt,208,Interest Received,,6905.00,
22-01-2026,Payment,253,Bank Charges,179.79,,
22-01-2026,Payment,253,HDFC Bank Current A/c,,179.79,
22-01-2026,Receipt,209,HDFC Bank Current A/c,12912.07,,
22-01-2026,Receipt,209,Customer 08,,12912.07,
23-01-2026,Receipt,210,HDFC Bank Current A/c,3178.70,,
23-01-2026,Receipt,210,Customer 08,,3178.70,
23-01-2026,Purchase,148,Purchases - Local,25312.40,,
23-01-2026,Purchase,148,Supplier 01,,25312.40,
23-01-2026,Sales,319,Customer 01,17984.25,,
23-01-2026,Sales,319,Sales - Local,,17984.25,
24-01-2026,Sales,320,Cash,26918.13,,
24-01-2026,Sales,320,Sales - Local,,26918.13,
24-01-2026,Payment,254,Supplier 03,5714.79,,
24-01-2026,Payment,254,HDFC Bank Current A/c,,5714.79,
24-01-2026,Sales,321,Customer 08,149994.46,,
24-01-2026,Sales,321,Sales - Local,,149994.46,
25-01-2026,Sales,322,Customer 04,6639.14,,
25-01-2026,Sales,322,Sales - Local,,6639.14,
25-01-2026,Sales,323,Customer 08,16935.15,,
25-01-2026,Sales,323,Sales - Local,,16935.15,
25-01-2026,Purchase,149,Purchases - Local,86026.25,,
25-01-2026,Purchase,149,Supplier 03,,86026.25,
26-01-2026,Purchase,150,Purchases - Local,119471.13,,
26-01-2026,Purchase,150,Supplier 04,,119471.13,
26-01-2026,Payment,255,Supplier 05,2619.17,,
26-01-2026,Payment,255,HDFC Bank Current A/c,,2619.17,
26-01-2026,Receipt,211,HDFC Bank Current A/c,153538.03,,
26-01-2026,Receipt,211,Customer 02,,153538.03,
27-01-2026,Purchase,151,Purchases - Local,75906.85,,
27-01-2026,Purchase,151,Supplier 02,,75906.85,
27-01-2026,Payment,256,Printing & Stationery,1054.16,,
27-01-2026,Payment,256,Cash,,1054.16,
27-01-2026,Payment,257,Supplier 01,59380.88,,
27-01-2026,Payment,257,HDFC Bank Current A/c,,59380.88,
28-01-2026,Purchase,152,Purchases - Local,113787.17,,
28-01-2026,Purchase,152,Supplier 05,,113787.17,
28-01-2026,Sales,324,Customer 08,170115.05,,
28-01-2026,Sales,324,Sales - Local,,170115.05,
28-01-2026,Receipt,212,Cash,11216.04,,
28-01-2026,Receipt,212,Customer 06,,11216.04,
29-01-2026,Purchase,153,Purchases - Local,116263.25,,
29-01-2026,Purchase,153,Supplier 01,,116263.25,
29-01-2026,Payment,258,Supplier 01,176327.65,,
29-01-2026,Payment,258,HDFC Bank Current A/c,,176327.65,
29-01-2026,Sales,325,Cash,16324.01,,
29-01-2026,Sales,325,Sales - Local,,16324.01,
30-01-2026,Payment,259,Supplier 02,96302.52,,
30-01-2026,Payment,259,HDFC Bank Current A/c,,96302.52,
30-01-2026,Receipt,213,HDFC Bank Current A/c,52821.76,,
30-01-2026,Receipt,213,Customer 07,,52821.76,
30-01-2026,Receipt,214,HDFC Bank Current A/c,170159.84,,
30-01-2026,Receipt,214,Customer 05,,170159.84,
31-01-2026,Receipt,215,HDFC Bank Current A/c,13431.31,,
31-01-2026,Receipt,215,Customer 05,,13431.31,
31-01-2026,Sales,326,Customer 07,115023.29,,
31-01-2026,Sales,326,Sales - Local,,115023.29,
31-01-2026,Receipt,216,HDFC Bank Current A/c,157405.64,,
31-01-2026,Receipt,216,Customer 07,,157405.64,
01-02-2026,Sales,327,Cash,31424.74,,
01-02-2026,Sales,327,Sales - Local,,31424.74,
01-02-2026,Receipt,217,Cash,4260.34,,
01-02-2026,Receipt,217,Customer 02,,4260.34,
01-02-2026,Sales,328,Cash,3802.63,,
01-02-2026,Sales,328,Sales - Local,,3802.63,
02-02-2026,Payment,260,Supplier 02,16342.96,,
02-02-2026,Payment,260,HDFC Bank Current A/c,,16342.96,
02-02-2026,Payment,261,Supplier 04,225537.64,,
02-02-2026,Payment,261,HDFC Bank Current A/c,,225537.64,
02-02-2026,Sales,329,Cash,31717.72,,
02-02-2026,Sales,329,Sales - Local,,31717.72,
03-02-2026,Payment,262,Supplier 04,52807.69,,
03-02-2026,Payment,262,HDFC Bank Current A/c,,52807.69,
03-02-2026,Payment,263,Supplier 02,2713.09,,
03-02-2026,Payment,263,HDFC Bank Current A/c,,2713.09,
03-02-2026,Purchase,154,Purchases - Local,90079.15,,
03-02-2026,Purchase,154,Supplier 04,,90079.15,
04-02-2026,Sales,330,Customer 08,160561.95,,
04-02-2026,Sales,330,Sales - Local,,160561.95,
04-02-2026,Sales,331,Cash,40733.46,,
04-02-2026,Sales,331,Sales - Local,,40733.46,
04-02-2026,Payment,264,Bank Charges,432.97,,
04-02-2026,Payment,264,HDFC Bank Current A/c,,432.97,
05-02-2026,Sales,332,Cash,3749.20,,
05-02-2026,Sales,332,Sales - Local,,3749.20,
05-02-2026,Receipt,218,HDFC Bank Current A/c,101544.71,,
05-02-2026,Receipt,218,Customer 04,,101544.71,
05-02-2026,Payment,265,Staff Welfare,2605.23,,
05-02-2026,Payment,265,Cash,,2605.23,
06-02-2026,Sales,333,Cash,25260.73,,
06-02-2026,Sales,333,Sales - Local,,25260.73,
06-02-2026,Sales,334,Customer 07,181705.12,,
06-02-2026,Sales,334,Sales - Local,,181705.12,
07-02-2026,Purchase,155,Purchases - Local,111792.52,,
07-02-2026,Purchase,155,Supplier 03,,111792.52,
07-02-2026,Receipt,219,Cash,10952.63,,
07-02-2026,Receipt,219,Customer 05,,10952.63,
07-02-2026,Purchase,156,Purchases - Local,79630.69,,
07-02-2026,Purchase,156,Supplier 05,,79630.69,
08-02-2026,Receipt,220,HDFC Bank Current A/c,315263.06,,
08-02-2026,Receipt,220,Customer 04,,315263.06,
08-02-2026,Receipt,221,HDFC Bank Current A/c,405514.60,,
08-02-2026,Receipt,221,Customer 01,,405514.60,
08-02-2026,Receipt,222,HDFC Bank Current A/c,98880.63,,
08-02-2026,Receipt,222,Customer 08,,98880.63,
09-02-2026,Purchase,157,Purchases - Local,103157.01,,
09-02-2026,Purchase,157,Supplier 05,,103157.01,
09-02-2026,Payment,266,Bank Charges,398.29,,
09-02-2026,Payment,266,HDFC Bank Current A/c,,398.29,
10-02-2026,Payment,267,Rent,25000.00,,
10-02-2026,Payment,267,HDFC Bank Current A/c,,25000.00,
10-02-2026,Payment,268,Salary,43431.02,,
10-02-2026,Payment,268,HDFC Bank Current A/c,,43431.02,
10-02-2026,Payment,269,Electricity Charges,5231.89,,
10-02-2026,Payment,269,HDFC Bank Current A/c,,5231.89,
10-02-2026,Journal,11,Interest on Unsecured Loans,3000.00,,
10-02-2026,Journal,11,Unsecured Loan - Rajesh Kumar,,2700.00,
10-02-2026,Journal,11,TDS Payable,,300.00,
10-02-2026,Payment,270,TDS Payable,300.00,,
10-02-2026,Payment,270,HDFC Bank Current A/c,,300.00,
10-02-2026,Purchase,158,Purchases - Local,47204.64,,
10-02-2026,Purchase,158,Supplier 02,,47204.64,
10-02-2026,Sales,335,Cash,24209.38,,
10-02-2026,Sales,335,Sales - Local,,24209.38,
10-02-2026,Payment,271,Bank Charges,159.66,,
10-02-2026,Payment,271,HDFC Bank Current A/c,,159.66,
11-02-2026,Sales,336,Cash,13219.21,,
11-02-2026,Sales,336,Sales - Local,,13219.21,
11-02-2026,Sales,337,Customer 01,76636.18,,
11-02-2026,Sales,337,Sales - Local,,76636.18,
11-02-2026,Purchase,159,Purchases - Local,119484.12,,
11-02-2026,Purchase,159,Supplier 05,,119484.12,
12-02-2026,Sales,338,Cash,42269.41,,
12-02-2026,Sales,338,Sales - Local,,42269.41,
12-02-2026,Purchase,160,Purchases - Local,92325.30,,
12-02-2026,Purchase,160,Supplier 01,,92325.30,
12-02-2026,Purchase,161,Purchases - Local,75044.38,,
12-02-2026,Purchase,161,Supplier 03,,75044.38,
13-02-2026,Receipt,223,HDFC Bank Current A/c,15487.88,,
13-02-2026,Receipt,223,Customer 05,,15487.88,
13-02-2026,Sales,339,Cash,40066.66,,
13-02-2026,Sales,339,Sales - Local,,40066.66,
14-02-2026,Receipt,224,Cash,10727.37,,
14-02-2026,Receipt,224,Customer 01,,10727.37,
14-02-2026,Purchase,162,Purchases - Local,62839.96,,
14-02-2026,Purchase,162,Supplier 03,,62839.96,
14-02-2026,Sales,340,Customer 06,103040.19,,
14-02-2026,Sales,340,Sales - Local,,103040.19,
15-02-2026,Sales,341,Customer 02,67977.31,,
15-02-2026,Sales,341,Sales - Local,,67977.31,
15-02-2026,Purchase,163,Purchases - Local,80755.59,,
15-02-2026,Purchase,163,Supplier 04,,80755.59,
15-02-2026,Sales,342,Cash,22958.27,,
15-02-2026,Sales,342,Sales - Local,,22958.27,
16-02-2026,Sales,343,Customer 06,161881.85,,
16-02-2026,Sales,343,Sales - Local,,161881.85,
16-02-2026,Purchase,164,Purchases - Local,48338.56,,
16-02-2026,Purchase,164,Supplier 01,,48338.56,
16-02-2026,Sales,344,Customer 02,68703.82,,
16-02-2026,Sales,344,Sales - Local,,68703.82,
17-02-2026,Sales,345,Cash,19858.80,,
17-02-2026,Sales,345,Sales - Local,,19858.80,
17-02-2026,Receipt,225,Cash,3565.71,,
17-02-2026,Receipt,225,Customer 04,,3565.71,
17-02-2026,Receipt,226,Cash,8526.18,,
17-02-2026,Receipt,226,Customer 06,,8526.18,
18-02-2026,Payment,272,Office Expenses,4764.33,,
18-02-2026,Payment,272,Cash,,4764.33,
18-02-2026,Purchase,165,Purchases - Local,80287.12,,
18-02-2026,Purchase,165,Supplier 05,,80287.12,
18-02-2026,Sales,346,Customer 07,168210.91,,
18-02-2026,Sales,346,Sales - Local,,168210.91,
19-02-2026,Sales,347,Customer 02,26406.12,,
19-02-2026,Sales,347,Sales - Local,,26406.12,
19-02-2026,Receipt,227,Cash,2028.08,,
19-02-2026,Receipt,227,Customer 01,,2028.08,
19-02-2026,Purchase,166,Purchases - Local,113393.11,,
19-02-2026,Purchase,166,Supplier 03,,113393.11,
20-02-2026,Purchase,167,Purchases - Local,112867.66,,
20-02-2026,Purchase,167,Supplier 04,,112867.66,
20-02-2026,Receipt,228,HDFC Bank Current A/c,35424.24,,
20-02-2026,Receipt,228,Customer 04,,35424.24,
20-02-2026,Sales,348,Cash,18438.78,,
20-02-2026,Sales,348,Sales - Local,,18438.78,
21-02-2026,Payment,273,Office Expenses,3281.91,,
21-02-2026,Payment,273,Cash,,3281.91,
21-02-2026,Sales,349,Customer 07,185556.46,,
21-02-2026,Sales,349,Sales - Local,,185556.46,
21-02-2026,Sales,350,Customer 01,44611.93,,
21-02-2026,Sales,350,Sales - Local,,44611.93,
22-02-2026,Receipt,229,HDFC Bank Current A/c,169992.55,,
22-02-2026,Receipt,229,Customer 08,,169992.55,
22-02-2026,Sales,351,Customer 02,153044.01,,
22-02-2026,Sales,351,Sales - Local,,153044.01,
22-02-2026,Payment,274,Supplier 05,517810.03,,
22-02-2026,Payment,274,HDFC Bank Current A/c,,517810.03,
23-02-2026,Sales,352,Cash,34475.97,,
23-02-2026,Sales,352,Sales - Local,,34475.97,
23-02-2026,Purchase,168,Purchases - Local,78207.43,,
23-02-2026,Purchase,168,Supplier 01,,78207.43,
23-02-2026,Payment,275,Office Expenses,4610.25,,
23-02-2026,Payment,275,Cash,,4610.25,
24-02-2026,Receipt,230,HDFC Bank Current A/c,3658.57,,
24-02-2026,Receipt,230,Customer 05,,3658.57,
24-02-2026,Purchase,169,Purchases - Local,29217.71,,
24-02-2026,Purchase,169,Supplier 02,,29217.71,
24-02-2026,Receipt,231,HDFC Bank Current A/c,105867.81,,
24-02-2026,Receipt,231,Customer 02,,105867.81,
25-02-2026,Purchase,170,Purchases - Local,44205.15,,
25-02-2026,Purchase,170,Supplier 04,,44205.15,
25-02-2026,Sales,353,Cash,20706.00,,
25-02-2026,Sales,353,Sales - Local,,20706.00,
25-02-2026,Receipt,232,HDFC Bank Current A/c,32558.10,,
25-02-2026,Receipt,232,Customer 02,,32558.10,
26-02-2026,Receipt,233,HDFC Bank Current A/c,626445.47,,
26-02-2026,Receipt,233,Customer 06,,626445.47,
26-02-2026,Sales,354,Cash,14437.62,,
26-02-2026,Sales,354,Sales - Local,,14437.62,
26-02-2026,Sales,355,Cash,13879.15,,
26-02-2026,Sales,355,Sales - Local,,13879.15,
27-02-2026,Receipt,234,HDFC Bank Current A/c,642511.94,,
27-02-2026,Receipt,234,Customer 07,,642511.94,
27-02-2026,Purchase,171,Purchases - Local,83660.31,,
27-02-2026,Purchase,171,Supplier 02,,83660.31,
27-02-2026,Sales,356,Cash,16562.72,,
27-02-2026,Sales,356,Sales - Local,,16562.72,
28-02-2026,Sales,357,Customer 07,107583.25,,
28-02-2026,Sales,357,Sales - Local,,107583.25,
28-02-2026,Receipt,235,HDFC Bank Current A/c,1804.91,,
28-02-2026,Receipt,235,Customer 05,,1804.91,
28-02-2026,Receipt,236,HDFC Bank Current A/c,146684.01,,
28-02-2026,Receipt,236,Customer 03,,146684.01,
01-03-2026,Sales,358,Customer 02,174069.22,,
01-03-2026,Sales,358,Sales - Local,,174069.22,
01-03-2026,Payment,276,Supplier 05,3219.05,,
01-03-2026,Payment,276,HDFC Bank Current A/c,,3219.05,
01-03-2026,Receipt,237,HDFC Bank Current A/c,18524.31,,
01-03-2026,Receipt,237,Customer 02,,18524.31,
02-03-2026,Sales,359,Customer 02,48656.66,,
02-03-2026,Sales,359,Sales - Local,,48656.66,
02-03-2026,Payment,277,Office Expenses,4059.93,,
02-03-2026,Payment,277,Cash,,4059.93,
02-03-2026,Purchase,172,Purchases - Local,82091.17,,
02-03-2026,Purchase,172,Supplier 05,,82091.17,
03-03-2026,Sales,360,Customer 08,151799.14,,
03-03-2026,Sales,360,Sales - Local,,151799.14,
03-03-2026,Receipt,238,HDFC Bank Current A/c,6447.92,,
03-03-2026,Receipt,238,Interest Received,,6447.92,
03-03-2026,Payment,278,Telephone Expenses,5764.59,,
03-03-2026,Payment,278,Cash,,5764.59,
04-03-2026,Sales,361,Cash,49325.90,,
04-03-2026,Sales,361,Sales - Local,,49325.90,
04-03-2026,Receipt,239,HDFC Bank Current A/c,136005.00,,
04-03-2026,Receipt,239,Customer 08,,136005.00,
04-03-2026,Purchase,173,Purchases - Local,49919.14,,
04-03-2026,Purchase,173,Supplier 02,,49919.14,
05-03-2026,Receipt,240,Cash,15476.79,,
05-03-2026,Receipt,240,Customer 01,,15476.79,
05-03-2026,Sales,362,Customer 01,176920.87,,
05-03-2026,Sales,362,Sales - Local,,176920.87,
05-03-2026,Payment,279,Supplier 04,245139.56,,
05-03-2026,Payment,279,HDFC Bank Current A/c,,245139.56,
06-03-2026,Sales,363,Customer 06,50726.83,,
06-03-2026,Sales,363,Sales - Local,,50726.83,
06-03-2026,Sales,364,Cash,18058.49,,
06-03-2026,Sales,364,Sales - Local,,18058.49,
06-03-2026,Sales,365,Cash,39065.84,,
06-03-2026,Sales,365,Sales - Local,,39065.84,
07-03-2026,Receipt,241,HDFC Bank Current A/c,344019.37,,
07-03-2026,Receipt,241,Customer 01,,344019.37,
07-03-2026,Receipt,242,HDFC Bank Current A/c,42357.23,,
07-03-2026,Receipt,242,Customer 03,,42357.23,
07-03-2026,Sales,366,Customer 04,18571.79,,
07-03-2026,Sales,366,Sales - Local,,18571.79,
08-03-2026,Payment,280,Conveyance,4688.52,,
08-03-2026,Payment,280,Cash,,4688.52,
08-03-2026,Sales,367,Customer 06,161118.78,,
08-03-2026,Sales,367,Sales - Local,,161118.78,
08-03-2026,Receipt,243,HDFC Bank Current A/c,70287.94,,
08-03-2026,Receipt,243,Customer 01,,70287.94,
09-03-2026,Receipt,244,HDFC Bank Current A/c,19489.70,,
09-03-2026,Receipt,244,Customer 04,,19489.70,
09-03-2026,Payment,281,Office Expenses,6624.71,,
09-03-2026,Payment,281,Cash,,6624.71,
10-03-2026,Receipt,245,HDFC Bank Current A/c,7120.41,,
10-03-2026,Receipt,245,Customer 08,,7120.41,
10-03-2026,Purchase,174,Purchases - Local,110036.96,,
10-03-2026,Purchase,174,Supplier 03,,110036.96,
10-03-2026,Receipt,246,HDFC Bank Current A/c,50103.95,,
10-03-2026,Receipt,246,Customer 03,,50103.95,
11-03-2026,Sales,368,Customer 01,96909.60,,
11-03-2026,Sales,368,Sales - Local,,96909.60,
11-03-2026,Sales,369,Cash,42574.69,,
11-03-2026,Sales,369,Sales - Local,,42574.69,
12-03-2026,Payment,282,Rent,25000.00,,
12-03-2026,Payment,282,HDFC Bank Current A/c,,25000.00,
12-03-2026,Payment,283,Salary,43425.57,,
12-03-2026,Payment,283,HDFC Bank Current A/c,,43425.57,
12-03-2026,Payment,284,Electricity Charges,5681.94,,
12-03-2026,Payment,284,HDFC Bank Current A/c,,5681.94,
12-03-2026,Journal,12,Interest on Unsecured Loans,3000.00,,
12-03-2026,Journal,12,Unsecured Loan - Rajesh Kumar,,2700.00,
12-03-2026,Journal,12,TDS Payable,,300.00,
12-03-2026,Payment,285,TDS Payable,300.00,,
12-03-2026,Payment,285,HDFC Bank Current A/c,,300.00,
12-03-2026,Sales,370,Cash,6497.06,,
12-03-2026,Sales,370,Sales - Local,,6497.06,
12-03-2026,Sales,371,Customer 02,190617.06,,
12-03-2026,Sales,371,Sales - Local,,190617.06,
12-03-2026,Sales,372,Cash,25708.85,,
12-03-2026,Sales,372,Sales - Local,,25708.85,
13-03-2026,Receipt,247,Cash,2979.46,,
13-03-2026,Receipt,247,Customer 03,,2979.46,
13-03-2026,Sales,373,Cash,27738.62,,
13-03-2026,Sales,373,Sales - Local,,27738.62,
13-03-2026,Payment,286,Supplier 04,39722.74,,
13-03-2026,Payment,286,HDFC Bank Current A/c,,39722.74,
14-03-2026,Sales,374,Cash,14261.70,,
14-03-2026,Sales,374,Sales - Local,,14261.70,
14-03-2026,Payment,287,Office Expenses,4855.06,,
14-03-2026,Payment,287,Cash,,4855.06,
14-03-2026,Receipt,248,HDFC Bank Current A/c,9809.30,,
14-03-2026,Receipt,248,Customer 04,,9809.30,
15-03-2026,Sales,375,Cash,36139.04,,
15-03-2026,Sales,375,Sales - Local,,36139.04,
15-03-2026,Payment,288,Supplier 04,24679.63,,
15-03-2026,Payment,288,HDFC Bank Current A/c,,24679.63,
15-03-2026,Receipt,249,HDFC Bank Current A/c,49124.77,,
15-03-2026,Receipt,249,Customer 01,,49124.77,
16-03-2026,Sales,376,Customer 07,86307.49,,
16-03-2026,Sales,376,Sales - Local,,86307.49,
16-03-2026,Payment,289,Supplier 01,139868.31,,
16-03-2026,Payment,289,HDFC Bank Current A/c,,139868.31,
17-03-2026,Payment,290,Bank Charges,382.63,,
17-03-2026,Payment,290,HDFC Bank Current A/c,,382.63,
17-03-2026,Sales,377,Customer 08,76919.29,,
17-03-2026,Sales,377,Sales - Local,,76919.29,
18-03-2026,Payment,291,Office Expenses,2163.55,,
18-03-2026,Payment,291,Cash,,2163.55,
18-03-2026,Purchase,175,Purchases - Local,65105.55,,
18-03-2026,Purchase,175,Supplier 03,,65105.55,
18-03-2026,Receipt,250,HDFC Bank Current A/c,322734.13,,
18-03-2026,Receipt,250,Customer 07,,322734.13,
19-03-2026,Payment,292,Supplier 04,22663.53,,
19-03-2026,Payment,292,HDFC Bank Current A/c,,22663.53,
19-03-2026,Sales,378,Customer 07,130091.17,,
19-03-2026,Sales,378,Sales - Local,,130091.17,
19-03-2026,Sales,379,Cash,21038.29,,
19-03-2026,Sales,379,Sales - Local,,21038.29,
20-03-2026,Sales,380,Customer 03,110269.14,,
20-03-2026,Sales,380,Sales - Local,,110269.14,
20-03-2026,Sales,381,Customer 04,125172.37,,
20-03-2026,Sales,381,Sales - Local,,125172.37,
20-03-2026,Payment,293,Supplier 02,111204.99,,
20-03-2026,Payment,293,HDFC Bank Current A/c,,111204.99,
21-03-2026,Sales,382,Cash,22332.62,,
21-03-2026,Sales,382,Sales - Local,,22332.62,
21-03-2026,Receipt,251,HDFC Bank Current A/c,20670.79,,
21-03-2026,Receipt,251,Customer 07,,20670.79,
22-03-2026,Purchase,176,Purchases - Local,9104.58,,
22-03-2026,Purchase,176,Supplier 03,,9104.58,
22-03-2026,Receipt,252,HDFC Bank Current A/c,48285.76,,
22-03-2026,Receipt,252,Customer 07,,48285.76,
22-03-2026,Receipt,253,HDFC Bank Current A/c,263412.85,,
22-03-2026,Receipt,253,Customer 07,,263412.85,
23-03-2026,Purchase,177,Purchases - Local,55136.06,,
23-03-2026,Purchase,177,Supplier 04,,55136.06,
23-03-2026,Receipt,254,HDFC Bank Current A/c,38912.88,,
23-03-2026,Receipt,254,Customer 07,,38912.88,
23-03-2026,Sales,383,Cash,40686.28,,
23-03-2026,Sales,383,Sales - Local,,40686.28,
24-03-2026,Payment,294,Conveyance,9000.72,,
24-03-2026,Payment,294,Cash,,9000.72,
24-03-2026,Sales,384,Customer 04,86992.41,,
24-03-2026,Sales,384,Sales - Local,,86992.41,
24-03-2026,Receipt,255,HDFC Bank Current A/c,22955.78,,
24-03-2026,Receipt,255,Customer 07,,22955.78,
25-03-2026,Purchase,178,Purchases - Local,75324.28,,
25-03-2026,Purchase,178,Supplier 01,,75324.28,
25-03-2026,Sales,385,Customer 05,115657.80,,
25-03-2026,Sales,385,Sales - Local,,115657.80,
25-03-2026,Receipt,256,Cash,10357.42,,
25-03-2026,Receipt,256,Customer 08,,10357.42,
26-03-2026,Payment,295,Telephone Expenses,9138.39,,
26-03-2026,Payment,295,Cash,,9138.39,
26-03-2026,Sales,386,Customer 02,14169.45,,
26-03-2026,Sales,386,Sales - Local,,14169.45,
26-03-2026,Sales,387,Cash,19200.77,,
26-03-2026,Sales,387,Sales - Local,,19200.77,
27-03-2026,Payment,296,Supplier 01,56302.63,,
27-03-2026,Payment,296,HDFC Bank Current A/c,,56302.63,
27-03-2026,Sales,388,Customer 05,90733.96,,
27-03-2026,Sales,388,Sales - Local,,90733.96,
27-03-2026,Sales,389,Customer 08,195219.11,,
27-03-2026,Sales,389,Sales - Local,,195219.11,
28-03-2026,Receipt,257,Cash,5738.23,,
28-03-2026,Receipt,257,Customer 02,,5738.23,
28-03-2026,Purchase,179,Purchases - Local,112521.33,,
28-03-2026,Purchase,179,Supplier 03,,112521.33,
28-03-2026,Receipt,258,HDFC Bank Current A/c,278732.71,,
28-03-2026,Receipt,258,Customer 02,,278732.71,
29-03-2026,Receipt,259,HDFC Bank Current A/c,222329.72,,
29-03-2026,Receipt,259,Customer 02,,222329.72,
29-03-2026,Purchase,180,Purchases - Local,114636.10,,
29-03-2026,Purchase,180,Supplier 02,,114636.10,
29-03-2026,Sales,390,Cash,34687.86,,
29-03-2026,Sales,390,Sales - Local,,34687.86,
30-03-2026,Payment,297,Supplier 04,73698.86,,
30-03-2026,Payment,297,HDFC Bank Current A/c,,73698.86,
30-03-2026,Payment,298,Supplier 02,158136.27,,
30-03-2026,Payment,298,HDFC Bank Current A/c,,158136.27,
30-03-2026,Sales,391,Cash,47705.15,,
30-03-2026,Sales,391,Sales - Local,,47705.15,
31-03-2026,Sales,392,Cash,24735.00,,
31-03-2026,Sales,392,Sales - Local,,24735.00,
31-03-2026,Payment,299,Telephone Expenses,2890.81,,
31-03-2026,Payment,299,Cash,,2890.81,
31-03-2026,Receipt,260,Cash,16372.67,,
31-03-2026,Receipt,260,Customer 08,,16372.67,
31-03-2026,Journal,13,Depreciation,135000.00,,
31-03-2026,Journal,13,Plant & Machinery,,120000.00,
31-03-2026,Journal,13,Furniture & Fixtures,,15000.00,
31-03-2026,Journal,14,Partners' Remuneration,240000.00,,
31-03-2026,Journal,14,Designated Partner A - Contribution,,120000.00,
31-03-2026,Journal,14,Designated Partner B - Contribution,,120000.00,
31-03-2026,Journal,15,Interest on Partners' Capital,60000.00,,
31-03-2026,Journal,15,Designated Partner A - Contribution,,30000.00,
31-03-2026,Journal,15,Designated Partner B - Contribution,,30000.00,
