Date,Voucher Type,Voucher No,Ledger,Debit,Credit,Narration
01-04-2025,Sales,1,Customer 12,162971.74,,
01-04-2025,Sales,1,Sales - Local,,162971.74,
01-04-2025,Sales,2,Customer 04,23288.63,,
01-04-2025,Sales,2,Sales - Local,,23288.63,
01-04-2025,Sales,3,Cash,40143.68,,
01-04-2025,Sales,3,Sales - Local,,40143.68,
01-04-2025,Sales,4,Cash,26179.53,,
01-04-2025,Sales,4,Sales - Local,,26179.53,
01-04-2025,Payment,1,Supplier 04,4348.00,,
01-04-2025,Payment,1,HDFC Bank Current A/c,,4348.00,
01-04-2025,Sales,5,Customer 12,135536.35,,
01-04-2025,Sales,5,Sales - Local,,135536.35,
02-04-2025,Purchase,1,Purchases - Local,60271.50,,
02-04-2025,Purchase,1,Supplier 02,,60271.50,
02-04-2025,Receipt,1,HDFC Bank Current A/c,197005.20,,
02-04-2025,Receipt,1,Customer 12,,197005.20,
02-04-2025,Payment,2,Printing & Stationery,8390.70,,
02-04-2025,Payment,2,Cash,,8390.70,
02-04-2025,Payment,3,Printing & Stationery,4478.14,,
02-04-2025,Payment,3,Cash,,4478.14,
02-04-2025,Receipt,2,HDFC Bank Current A/c,14321.30,,
02-04-2025,Receipt,2,Customer 11,,14321.30,
02-04-2025,Sales,6,Cash,1239.60,,
02-04-2025,Sales,6,Sales - Local,,1239.60,
03-04-2025,Sales,7,Customer 10,164480.94,,
03-04-2025,Sales,7,Sales - Local,,164480.94,
03-04-2025,Receipt,3,HDFC Bank Current A/c,4709.60,,
03-04-2025,Receipt,3,Interest Received,,4709.60,
03-04-2025,Sales,8,Customer 12,146224.37,,
03-04-2025,Sales,8,Sales - Local,,146224.37,
03-04-2025,Purchase,2,Purchases - Local,21460.39,,
03-04-2025,Purchase,2,Supplier 02,,21460.39,
03-04-2025,Sales,9,Customer 02,171904.83,,
03-04-2025,Sales,9,Sales - Local,,171904.83,
03-04-2025,Payment,4,Printing & Stationery,408.15,,
03-04-2025,Payment,4,Cash,,408.15,
04-04-2025,Sales,10,Customer 12,150225.39,,
04-04-2025,Sales,10,Sales - Local,,150225.39,
04-04-2025,Sales,11,Customer 07,29010.58,,
04-04-2025,Sales,11,Sales - Local,,29010.58,
04-04-2025,Sales,12,Cash,4433.04,,
04-04-2025,Sales,12,Sales - Local,,4433.04,
04-04-2025,Sales,13,Customer 12,104321.28,,
04-04-2025,Sales,13,Sales - Local,,104321.28,
04-04-2025,Receipt,4,HDFC Bank Current A/c,32977.60,,
04-04-2025,Receipt,4,Customer 01,,32977.60,
04-04-2025,Purchase,3,Purchases - Local,113691.36,,
04-04-2025,Purchase,3,Supplier 04,,113691.36,
05-04-2025,Sales,14,Customer 08,185477.00,,
05-04-2025,Sales,14,Sales - Local,,185477.00,
05-04-2025,Receipt,5,HDFC Bank Current A/c,95190.22,,
05-04-2025,Receipt,5,Customer 03,,95190.22,
05-04-2025,Purchase,4,Purchases - Local,111105.85,,
05-04-2025,Purchase,4,Supplier 03,,111105.85,
05-04-2025,Purchase,5,Purchases - Local,13536.75,,
05-04-2025,Purchase,5,Supplier 01,,13536.75,
05-04-2025,Sales,15,Customer 11,199076.94,,
05-04-2025,Sales,15,Sales - Local,,199076.94,
05-04-2025,Receipt,6,HDFC Bank Current A/c,39001.23,,
05-04-2025,Receipt,6,Customer 09,,39001.23,
06-04-2025,Receipt,7,HDFC Bank Current A/c,236227.63,,
06-04-2025,Receipt,7,Customer 02,,236227.63,
06-04-2025,Purchase,6,Purchases - Local,42629.83,,
06-04-2025,Purchase,6,Supplier 03,,42629.83,
06-04-2025,Payment,5,Office Expenses,3042.78,,
06-04-2025,Payment,5,Cash,,3042.78,
06-04-2025,Receipt,8,HDFC Bank Current A/c,218099.71,,
06-04-2025,Receipt,8,Customer 12,,218099.71,
06-04-2025,Sales,16,Customer 08,132609.31,,
06-04-2025,Sales,16,Sales - Local,,132609.31,
06-04-2025,Sales,17,Customer 10,173089.43,,
06-04-2025,Sales,17,Sales - Local,,173089.43,
07-04-2025,Purchase,7,Purchases - Local,104144.08,,
07-04-2025,Purchase,7,Supplier 04,,104144.08,
07-04-2025,Sales,18,Customer 04,76587.17,,
07-04-2025,Sales,18,Sales - Local,,76587.17,
07-04-2025,Sales,19,Customer 07,143936.57,,
07-04-2025,Sales,19,Sales - Local,,143936.57,
07-04-2025,Sales,20,Customer 01,140693.45,,
07-04-2025,Sales,20,Sales - Local,,140693.45,
07-04-2025,Purchase,8,Purchases - Local,80900.31,,
07-04-2025,Purchase,8,Supplier 07,,80900.31,
07-04-2025,Receipt,9,Cash,11267.97,,
07-04-2025,Receipt,9,Customer 10,,11267.97,
08-04-2025,Sales,21,Customer 07,146809.50,,
08-04-2025,Sales,21,Sales - Local,,146809.50,
08-04-2025,Payment,6,Supplier 08,7379.50,,
08-04-2025,Payment,6,HDFC Bank Current A/c,,7379.50,
08-04-2025,Purchase,9,Purchases - Local,18979.22,,
08-04-2025,Purchase,9,Supplier 06,,18979.22,
08-04-2025,Payment,7,Supplier 03,93500.67,,
08-04-2025,Payment,7,HDFC Bank Current A/c,,93500.67,
08-04-2025,Receipt,10,HDFC Bank Current A/c,62616.79,,
08-04-2025,Receipt,10,Customer 10,,62616.79,
08-04-2025,Payment,8,Supplier 02,16111.48,,
08-04-2025,Payment,8,HDFC Bank Current A/c,,16111.48,
09-04-2025,Sales,22,Cash,36648.45,,
09-04-2025,Sales,22,Sales - Local,,36648.45,
09-04-2025,Purchase,10,Purchases - Local,35605.36,,
09-04-2025,Purchase,10,Supplier 05,,35605.36,
09-04-2025,Purchase,11,Purchases - Local,51316.41,,
09-04-2025,Purchase,11,Supplier 02,,51316.41,
09-04-2025,Receipt,11,HDFC Bank Current A/c,11242.53,,
09-04-2025,Receipt,11,Customer 03,,11242.53,
09-04-2025,Sales,23,Customer 08,191130.99,,
09-04-2025,Sales,23,Sales - Local,,191130.99,
09-04-2025,Payment,9,Supplier 03,141139.78,,
09-04-2025,Payment,9,HDFC Bank Current A/c,,141139.78,
10-04-2025,Sales,24,Cash,48080.28,,
10-04-2025,Sales,24,Sales - Local,,48080.28,
10-04-2025,Receipt,12,Cash,14956.40,,
10-04-2025,Receipt,12,Customer 04,,14956.40,
10-04-2025,Receipt,13,HDFC Bank Current A/c,303476.35,,
10-04-2025,Receipt,13,Customer 12,,303476.35,
10-04-2025,Payment,10,Office Expenses,6050.29,,
10-04-2025,Payment,10,Cash,,6050.29,
10-04-2025,Payment,11,Supplier 04,201974.22,,
10-04-2025,Payment,11,HDFC Bank Current A/c,,201974.22,
10-04-2025,Sales,25,Customer 03,31210.02,,
10-04-2025,Sales,25,Sales - Local,,31210.02,
11-04-2025,Purchase,12,Purchases - Local,114830.17,,
11-04-2025,Purchase,12,Supplier 06,,114830.17,
11-04-2025,Payment,12,Bank Charges,87.73,,
11-04-2025,Payment,12,HDFC Bank Current A/c,,87.73,
11-04-2025,Purchase,13,Purchases - Local,118571.37,,
11-04-2025,Purchase,13,Supplier 03,,118571.37,
11-04-2025,Purchase,14,Purchases - Local,68818.31,,
11-04-2025,Purchase,14,Supplier 01,,68818.31,
11-04-2025,Purchase,15,Purchases - Local,84265.99,,
11-04-2025,Purchase,15,Supplier 05,,84265.99,
11-04-2025,Payment,13,Printing & Stationery,3483.49,,
11-04-2025,Payment,13,Cash,,3483.49,
12-04-2025,Sales,26,Customer 06,12225.42,,
12-04-2025,Sales,26,Sales - Local,,12225.42,
12-04-2025,Receipt,14,HDFC Bank Current A/c,8081.03,,
12-04-2025,Receipt,14,Customer 03,,8081.03,
12-04-2025,Sales,27,Customer 04,169975.37,,
12-04-2025,Sales,27,Sales - Local,,169975.37,
12-04-2025,Purchase,16,Purchases - Local,75799.01,,
12-04-2025,Purchase,16,Supplier 02,,75799.01,
12-04-2025,Purchase,17,Purchases - Local,61537.67,,
12-04-2025,Purchase,17,Supplier 04,,61537.67,
12-04-2025,Receipt,15,HDFC Bank Current A/c,224490.81,,
12-04-2025,Receipt,15,Customer 07,,224490.81,
13-04-2025,Receipt,16,HDFC Bank Current A/c,95570.59,,
13-04-2025,Receipt,16,Customer 08,,95570.59,
13-04-2025,Sales,28,Cash,23238.37,,
13-04-2025,Sales,28,Sales - Local,,23238.37,
13-04-2025,Sales,29,Cash,38525.36,,
13-04-2025,Sales,29,Sales - Local,,38525.36,
13-04-2025,Receipt,17,Cash,9950.41,,
13-04-2025,Receipt,17,Customer 02,,9950.41,
13-04-2025,Purchase,18,Purchases - Local,32381.39,,
13-04-2025,Purchase,18,Supplier 04,,32381.39,
13-04-2025,Receipt,18,Cash,16728.07,,
13-04-2025,Receipt,18,Customer 12,,16728.07,
14-04-2025,Sales,30,Customer 09,94135.37,,
14-04-2025,Sales,30,Sales - Local,,94135.37,
14-04-2025,Purchase,19,Purchases - Local,43846.79,,
14-04-2025,Purchase,19,Supplier 07,,43846.79,
14-04-2025,Receipt,19,Cash,7775.58,,
14-04-2025,Receipt,19,Customer 12,,7775.58,
14-04-2025,Sales,31,Customer 08,107708.05,,
14-04-2025,Sales,31,Sales - Local,,107708.05,
14-04-2025,Sales,32,Cash,18257.66,,
14-04-2025,Sales,32,Sales - Local,,18257.66,
14-04-2025,Purchase,20,Purchases - Local,9705.47,,
14-04-2025,Purchase,20,Supplier 05,,9705.47,
15-04-2025,Receipt,20,Cash,10598.97,,
15-04-2025,Receipt,20,Customer 02,,10598.97,
15-04-2025,Receipt,21,HDFC Bank Current A/c,228214.28,,
15-04-2025,Receipt,21,Customer 10,,228214.28,
15-04-2025,Sales,33,Cash,45090.79,,
15-04-2025,Sales,33,Sales - Local,,45090.79,
15-04-2025,Payment,14,Bank Charges,319.07,,
15-04-2025,Payment,14,HDFC Bank Current A/c,,319.07,
15-04-2025,Receipt,22,Cash,10142.15,,
15-04-2025,Receipt,22,Customer 06,,10142.15,
15-04-2025,Sales,34,Cash,31054.42,,
15-04-2025,Sales,34,Sales - Local,,31054.42,
16-04-2025,Payment,15,Rent,25000.00,,
16-04-2025,Payment,15,HDFC Bank Current A/c,,25000.00,
16-04-2025,Payment,16,Salary,47661.52,,
16-04-2025,Payment,16,HDFC Bank Current A/c,,47661.52,
16-04-2025,Payment,17,Electricity Charges,5866.96,,
16-04-2025,Payment,17,HDFC Bank Current A/c,,5866.96,
16-04-2025,Journal,1,Interest on Unsecured Loans,3000.00,,
16-04-2025,Journal,1,Unsecured Loan - Rajesh Kumar,,2700.00,
16-04-2025,Journal,1,TDS Payable,,300.00,
16-04-2025,Payment,18,TDS Payable,300.00,,
16-04-2025,Payment,18,HDFC Bank Current A/c,,300.00,
16-04-2025,Purchase,21,Purchases - Local,76353.79,,
16-04-2025,Purchase,21,Supplier 05,,76353.79,
16-04-2025,Purchase,22,Purchases - Local,72793.17,,
16-04-2025,Purchase,22,Supplier 06,,72793.17,
16-04-2025,Sales,35,Customer 03,199640.74,,
16-04-2025,Sales,35,Sales - Local,,199640.74,
16-04-2025,Sales,36,Cash,43483.49,,
16-04-2025,Sales,36,Sales - Local,,43483.49,
16-04-2025,Sales,37,Cash,27319.16,,
16-04-2025,Sales,37,Sales - Local,,27319.16,
16-04-2025,Sales,38,Cash,16636.79,,
16-04-2025,Sales,38,Sales - Local,,16636.79,
17-04-2025,Payment,19,Supplier 07,113786.46,,
17-04-2025,Payment,19,HDFC Bank Current A/c,,113786.46,
17-04-2025,Payment,20,Supplier 08,32875.12,,
17-04-2025,Payment,20,HDFC Bank Current A/c,,32875.12,
17-04-2025,Receipt,23,Cash,3297.20,,
17-04-2025,Receipt,23,Customer 11,,3297.20,
17-04-2025,Payment,21,Printing & Stationery,1826.23,,
17-04-2025,Payment,21,Cash,,1826.23,
17-04-2025,Sales,39,Customer 11,93389.27,,
17-04-2025,Sales,39,Sales - Local,,93389.27,
17-04-2025,Sales,40,Customer 03,147266.96,,
17-04-2025,Sales,40,Sales - Local,,147266.96,
18-04-2025,Payment,22,Office Expenses,6827.72,,
18-04-2025,Payment,22,Cash,,6827.72,
18-04-2025,Payment,23,Office Expenses,6076.11,,
18-04-2025,Payment,23,Cash,,6076.11,
18-04-2025,Payment,24,Printing & Stationery,1207.12,,
18-04-2025,Payment,24,Cash,,1207.12,
18-04-2025,Sales,41,Customer 12,46343.63,,
18-04-2025,Sales,41,Sales - Local,,46343.63,
18-04-2025,Sales,42,Cash,29328.06,,
18-04-2025,Sales,42,Sales - Local,,29328.06,
18-04-2025,Sales,43,Cash,25093.69,,
18-04-2025,Sales,43,Sales - Local,,25093.69,
19-04-2025,Sales,44,Customer 01,140231.24,,
19-04-2025,Sales,44,Sales - Local,,140231.24,
19-04-2025,Receipt,24,HDFC Bank Current A/c,17851.92,,
19-04-2025,Receipt,24,Customer 06,,17851.92,
19-04-2025,Sales,45,Customer 05,122797.55,,
19-04-2025,Sales,45,Sales - Local,,122797.55,
19-04-2025,Payment,25,Supplier 01,45280.84,,
19-04-2025,Payment,25,HDFC Bank Current A/c,,45280.84,
19-04-2025,Payment,26,Printing & Stationery,6825.02,,
19-04-2025,Payment,26,Cash,,6825.02,
19-04-2025,Payment,27,Conveyance,9570.82,,
19-04-2025,Payment,27,Cash,,9570.82,
20-04-2025,Sales,46,Customer 01,78512.12,,
20-04-2025,Sales,46,Sales - Local,,78512.12,
20-04-2025,Receipt,25,Cash,8644.15,,
20-04-2025,Receipt,25,Customer 05,,8644.15,
20-04-2025,Purchase,23,Purchases - Local,6179.64,,
20-04-2025,Purchase,23,Supplier 01,,6179.64,
20-04-2025,Payment,28,Telephone Expenses,5544.40,,
20-04-2025,Payment,28,Cash,,5544.40,
20-04-2025,Payment,29,Staff Welfare,1703.56,,
20-04-2025,Payment,29,Cash,,1703.56,
20-04-2025,Sales,47,Cash,44041.54,,
20-04-2025,Sales,47,Sales - Local,,44041.54,
21-04-2025,Payment,30,Bank Charges,40.18,,
21-04-2025,Payment,30,HDFC Bank Current A/c,,40.18,
21-04-2025,Payment,31,Supplier 01,59013.90,,
21-04-2025,Payment,31,HDFC Bank Current A/c,,59013.90,
21-04-2025,Payment,32,Office Expenses,8072.47,,
21-04-2025,Payment,32,Cash,,8072.47,
21-04-2025,Sales,48,Customer 11,154406.72,,
21-04-2025,Sales,48,Sales - Local,,154406.72,
21-04-2025,Receipt,26,Cash,18291.86,,
21-04-2025,Receipt,26,Customer 05,,18291.86,
21-04-2025,Receipt,27,HDFC Bank Current A/c,280195.65,,
21-04-2025,Receipt,27,Customer 08,,280195.65,
22-04-2025,Payment,33,Supplier 08,1634.91,,
22-04-2025,Payment,33,HDFC Bank Current A/c,,1634.91,
22-04-2025,Receipt,28,HDFC Bank Current A/c,293948.21,,
22-04-2025,Receipt,28,Customer 11,,293948.21,
22-04-2025,Payment,34,Supplier 03,85106.84,,
22-04-2025,Payment,34,HDFC Bank Current A/c,,85106.84,
22-04-2025,Sales,49,Customer 02,194121.33,,
22-04-2025,Sales,49,Sales - Local,,194121.33,
22-04-2025,Receipt,29,HDFC Bank Current A/c,35324.37,,
22-04-2025,Receipt,29,Customer 10,,35324.37,
22-04-2025,Payment,35,Telephone Expenses,2158.44,,
22-04-2025,Payment,35,Cash,,2158.44,
23-04-2025,Sales,50,Customer 02,32122.93,,
23-04-2025,Sales,50,Sales - Local,,32122.93,
23-04-2025,Payment,36,Supplier 05,79803.60,,
23-04-2025,Payment,36,HDFC Bank Current A/c,,79803.60,
23-04-2025,Receipt,30,HDFC Bank Current A/c,165851.48,,
23-04-2025,Receipt,30,Customer 05,,165851.48,
23-04-2025,Sales,51,Cash,22083.84,,
23-04-2025,Sales,51,Sales - Local,,22083.84,
23-04-2025,Payment,37,Supplier 05,129631.84,,
23-04-2025,Payment,37,HDFC Bank Current A/c,,129631.84,
23-04-2025,Purchase,24,Purchases - Local,102875.61,,
23-04-2025,Purchase,24,Supplier 05,,102875.61,
24-04-2025,Purchase,25,Purchases - Local,101833.39,,
24-04-2025,Purchase,25,Supplier 07,,101833.39,
24-04-2025,Payment,38,Bank Charges,314.63,,
24-04-2025,Payment,38,HDFC Bank Current A/c,,314.63,
24-04-2025,Sales,52,Customer 06,124773.50,,
24-04-2025,Sales,52,Sales - Local,,124773.50,
24-04-2025,Payment,39,Staff Welfare,4540.33,,
24-04-2025,Payment,39,Cash,,4540.33,
24-04-2025,Payment,40,Office Expenses,6747.14,,
24-04-2025,Payment,40,Cash,,6747.14,
24-04-2025,Receipt,31,HDFC Bank Current A/c,216977.92,,
24-04-2025,Receipt,31,Customer 03,,216977.92,
25-04-2025,Sales,53,Cash,24247.12,,
25-04-2025,Sales,53,Sales - Local,,24247.12,
25-04-2025,Receipt,32,HDFC Bank Current A/c,157383.57,,
25-04-2025,Receipt,32,Customer 01,,157383.57,
25-04-2025,Receipt,33,Cash,11878.45,,
25-04-2025,Receipt,33,Customer 06,,11878.45,
25-04-2025,Receipt,34,HDFC Bank Current A/c,3915.72,,
25-04-2025,Receipt,34,Customer 10,,3915.72,
25-04-2025,Receipt,35,HDFC Bank Current A/c,56417.51,,
25-04-2025,Receipt,35,Customer 01,,56417.51,
25-04-2025,Sales,54,Customer 02,67700.47,,
25-04-2025,Sales,54,Sales - Local,,67700.47,
26-04-2025,Payment,41,Office Expenses,4827.53,,
26-04-2025,Payment,41,Cash,,4827.53,
26-04-2025,Receipt,36,HDFC Bank Current A/c,128472.78,,
26-04-2025,Receipt,36,Customer 07,,128472.78,
26-04-2025,Sales,55,Customer 07,128686.80,,
26-04-2025,Sales,55,Sales - Local,,128686.80,
26-04-2025,Purchase,26,Purchases - Local,25903.40,,
26-04-2025,Purchase,26,Supplier 06,,25903.40,
26-04-2025,Receipt,37,HDFC Bank Current A/c,22274.60,,
26-04-2025,Receipt,37,Customer 01,,22274.60,
26-04-2025,Sales,56,Cash,22867.21,,
26-04-2025,Sales,56,Sales - Local,,22867.21,
27-04-2025,Sales,57,Cash,40467.62,,
27-04-2025,Sales,57,Sales - Local,,40467.62,
27-04-2025,Receipt,38,HDFC Bank Current A/c,95869.46,,
27-04-2025,Receipt,38,Customer 12,,95869.46,
27-04-2025,Sales,58,Customer 08,57815.15,,
27-04-2025,Sales,58,Sales - Local,,57815.15,
27-04-2025,Sales,59,Customer 01,159912.29,,
27-04-2025,Sales,59,Sales - Local,,159912.29,
27-04-2025,Sales,60,Cash,29890.02,,
27-04-2025,Sales,60,Sales - Local,,29890.02,
27-04-2025,Sales,61,Customer 08,32209.30,,
27-04-2025,Sales,61,Sales - Local,,32209.30,
28-04-2025,Receipt,39,HDFC Bank Current A/c,3298.77,,
28-04-2025,Receipt,39,Interest Received,,3298.77,
28-04-2025,Payment,42,Supplier 05,62534.73,,
28-04-2025,Payment,42,HDFC Bank Current A/c,,62534.73,
28-04-2025,Receipt,40,HDFC Bank Current A/c,112194.56,,
28-04-2025,Receipt,40,Customer 06,,112194.56,
28-04-2025,Receipt,41,Cash,4313.97,,
28-04-2025,Receipt,41,Customer 09,,4313.97,
28-04-2025,Sales,62,Cash,45288.50,,
28-04-2025,Sales,62,Sales - Local,,45288.50,
28-04-2025,Receipt,42,Cash,6678.33,,
28-04-2025,Receipt,42,Customer 09,,6678.33,
29-04-2025,Sales,63,Customer 12,161245.94,,
29-04-2025,Sales,63,Sales - Local,,161245.94,
29-04-2025,Payment,43,Supplier 07,21771.59,,
29-04-2025,Payment,43,HDFC Bank Current A/c,,21771.59,
29-04-2025,Sales,64,Customer 04,137879.87,,
29-04-2025,Sales,64,Sales - Local,,137879.87,
29-04-2025,Purchase,27,Purchases - Local,30957.45,,
29-04-2025,Purchase,27,Supplier 04,,30957.45,
29-04-2025,Purchase,28,Purchases - Local,22179.74,,
29-04-2025,Purchase,28,Supplier 08,,22179.74,
29-04-2025,Sales,65,Customer 08,84322.90,,
29-04-2025,Sales,65,Sales - Local,,84322.90,
30-04-2025,Receipt,43,Cash,7891.07,,
30-04-2025,Receipt,43,Customer 04,,7891.07,
30-04-2025,Receipt,44,Cash,11964.91,,
30-04-2025,Receipt,44,Customer 01,,11964.91,
30-04-2025,Sales,66,Customer 08,88655.73,,
30-04-2025,Sales,66,Sales - Local,,88655.73,
30-04-2025,Receipt,45,HDFC Bank Current A/c,3129.43,,
30-04-2025,Receipt,45,Customer 10,,3129.43,
30-04-2025,Payment,44,Supplier 06,254687.84,,
30-04-2025,Payment,44,HDFC Bank Current A/c,,254687.84,
30-04-2025,Sales,67,Customer 09,94455.78,,
30-04-2025,Sales,67,Sales - Local,,94455.78,
01-05-2025,Receipt,46,HDFC Bank Current A/c,50000.00,,
01-05-2025,Receipt,46,Loan from Suresh Kumar,,50000.00,
01-05-2025,Sales,68,Customer 04,137816.25,,
01-05-2025,Sales,68,Sales - Local,,137816.25,
01-05-2025,Payment,45,Supplier 05,12125.46,,
01-05-2025,Payment,45,HDFC Bank Current A/c,,12125.46,
01-05-2025,Sales,69,Cash,46222.51,,
01-05-2025,Sales,69,Sales - Local,,46222.51,
01-05-2025,Receipt,47,HDFC Bank Current A/c,11062.07,,
01-05-2025,Receipt,47,Customer 06,,11062.07,
01-05-2025,Purchase,29,Purchases - Local,58544.41,,
01-05-2025,Purchase,29,Supplier 05,,58544.41,
01-05-2025,Payment,46,Supplier 08,22481.80,,
01-05-2025,Payment,46,HDFC Bank Current A/c,,22481.80,
02-05-2025,Receipt,48,Cash,13083.72,,
02-05-2025,Receipt,48,Customer 04,,13083.72,
02-05-2025,Sales,70,Customer 04,34967.44,,
02-05-2025,Sales,70,Sales - Local,,34967.44,
02-05-2025,Sales,71,Customer 06,171075.57,,
02-05-2025,Sales,71,Sales - Local,,171075.57,
02-05-2025,Receipt,49,HDFC Bank Current A/c,1898.56,,
02-05-2025,Receipt,49,Customer 10,,1898.56,
02-05-2025,Purchase,30,Purchases - Local,70538.96,,
02-05-2025,Purchase,30,Supplier 05,,70538.96,
03-05-2025,Purchase,31,Purchases - Local,70098.09,,
03-05-2025,Purchase,31,Supplier 06,,70098.09,
03-05-2025,Sales,72,Customer 04,107366.55,,
03-05-2025,Sales,72,Sales - Local,,107366.55,
03-05-2025,Payment,47,Supplier 05,66473.85,,
03-05-2025,Payment,47,HDFC Bank Current A/c,,66473.85,
03-05-2025,Sales,73,Customer 12,68810.00,,
03-05-2025,Sales,73,Sales - Local,,68810.00,
03-05-2025,Purchase,32,Purchases - Local,18597.99,,
03-05-2025,Purchase,32,Supplier 08,,18597.99,
03-05-2025,Sales,74,Cash,29817.52,,
03-05-2025,Sales,74,Sales - Local,,29817.52,
04-05-2025,Payment,48,Printing & Stationery,8071.42,,
04-05-2025,Payment,48,Cash,,8071.42,
04-05-2025,Receipt,50,HDFC Bank Current A/c,87780.41,,
04-05-2025,Receipt,50,Customer 12,,87780.41,
04-05-2025,Sales,75,Cash,2840.08,,
04-05-2025,Sales,75,Sales - Local,,2840.08,
04-05-2025,Payment,49,Staff Welfare,2332.59,,
04-05-2025,Payment,49,Cash,,2332.59,
04-05-2025,Sales,76,Customer 12,75742.18,,
04-05-2025,Sales,76,Sales - Local,,75742.18,
04-05-2025,Payment,50,Bank Charges,27.49,,
04-05-2025,Payment,50,HDFC Bank Current A/c,,27.49,
05-05-2025,Sales,77,Customer 12,10648.54,,
05-05-2025,Sales,77,Sales - Local,,10648.54,
05-05-2025,Purchase,33,Purchases - Local,98606.50,,
05-05-2025,Purchase,33,Supplier 03,,98606.50,
05-05-2025,Sales,78,Customer 08,79092.52,,
05-05-2025,Sales,78,Sales - Local,,79092.52,
05-05-2025,Purchase,34,Purchases - Local,99023.63,,
05-05-2025,Purchase,34,Supplier 01,,99023.63,
05-05-2025,Payment,51,Supplier 04,64940.78,,
05-05-2025,Payment,51,HDFC Bank Current A/c,,64940.78,
05-05-2025,Payment,52,Supplier 02,180696.01,,
05-05-2025,Payment,52,HDFC Bank Current A/c,,180696.01,
06-05-2025,Sales,79,Customer 04,7136.45,,
06-05-2025,Sales,79,Sales - Local,,7136.45,
06-05-2025,Payment,53,Supplier 05,42210.82,,
06-05-2025,Payment,53,HDFC Bank Current A/c,,42210.82,
06-05-2025,Receipt,51,HDFC Bank Current A/c,113452.90,,
06-05-2025,Receipt,51,Customer 11,,113452.90,
06-05-2025,Sales,80,Cash,10045.77,,
06-05-2025,Sales,80,Sales - Local,,10045.77,
06-05-2025,Sales,81,Cash,44679.61,,
06-05-2025,Sales,81,Sales - Local,,44679.61,
06-05-2025,Payment,54,Telephone Expenses,1890.16,,
06-05-2025,Payment,54,Cash,,1890.16,
07-05-2025,Payment,55,Supplier 02,16342.29,,
07-05-2025,Payment,55,HDFC Bank Current A/c,,16342.29,
07-05-2025,Purchase,35,Purchases - Local,69184.03,,
07-05-2025,Purchase,35,Supplier 07,,69184.03,
07-05-2025,Payment,56,Conveyance,4709.65,,
07-05-2025,Payment,56,Cash,,4709.65,
07-05-2025,Purchase,36,Purchases - Local,57381.70,,
07-05-2025,Purchase,36,Supplier 08,,57381.70,
07-05-2025,Sales,82,Customer 01,70940.87,,
07-05-2025,Sales,82,Sales - Local,,70940.87,
07-05-2025,Sales,83,Customer 08,78479.89,,
07-05-2025,Sales,83,Sales - Local,,78479.89,
08-05-2025,Receipt,52,Cash,14068.84,,
08-05-2025,Receipt,52,Customer 06,,14068.84,
08-05-2025,Purchase,37,Purchases - Local,13283.90,,
08-05-2025,Purchase,37,Supplier 03,,13283.90,
08-05-2025,Payment,57,Bank Charges,364.87,,
08-05-2025,Payment,57,HDFC Bank Current A/c,,364.87,
08-05-2025,Sales,84,Customer 07,119758.18,,
08-05-2025,Sales,84,Sales - Local,,119758.18,
08-05-2025,Sales,85,Customer 12,137577.16,,
08-05-2025,Sales,85,Sales - Local,,137577.16,
08-05-2025,Payment,58,Conveyance,4747.53,,
08-05-2025,Payment,58,Cash,,4747.53,
09-05-2025,Receipt,53,HDFC Bank Current A/c,359483.27,,
09-05-2025,Receipt,53,Customer 01,,359483.27,
09-05-2025,Purchase,38,Purchases - Local,62093.68,,
09-05-2025,Purchase,38,Supplier 04,,62093.68,
09-05-2025,Sales,86,Customer 01,60486.14,,
09-05-2025,Sales,86,Sales - Local,,60486.14,
09-05-2025,Receipt,54,HDFC Bank Current A/c,74991.95,,
09-05-2025,Receipt,54,Customer 01,,74991.95,
09-05-2025,Payment,59,Supplier 07,115554.67,,
09-05-2025,Payment,59,HDFC Bank Current A/c,,115554.67,
09-05-2025,Sales,87,Customer 08,112583.46,,
09-05-2025,Sales,87,Sales - Local,,112583.46,
10-05-2025,Payment,60,Conveyance,2007.60,,
10-05-2025,Payment,60,Cash,,2007.60,
10-05-2025,Purchase,39,Purchases - Local,63369.91,,
10-05-2025,Purchase,39,Supplier 05,,63369.91,
10-05-2025,Sales,88,Customer 11,7913.61,,
10-05-2025,Sales,88,Sales - Local,,7913.61,
10-05-2025,Payment,61,Supplier 03,78745.03,,
10-05-2025,Payment,61,HDFC Bank Current A/c,,78745.03,
10-05-2025,Payment,62,Supplier 07,3295.09,,
10-05-2025,Payment,62,HDFC Bank Current A/c,,3295.09,
10-05-2025,Payment,63,Printing & Stationery,9058.77,,
10-05-2025,Payment,63,Cash,,9058.77,
11-05-2025,Purchase,40,Purchases - Local,20000.00,,
11-05-2025,Purchase,40,Shree Ganesh Hardware,,20000.00,
11-05-2025,Purchase,41,Purchases - Local,15000.00,,
11-05-2025,Purchase,41,Balaji Traders,,15000.00,
11-05-2025,Purchase,42,Freight Inward,80000.00,,
11-05-2025,Purchase,42,Shree Roadlines,,80000.00,
11-05-2025,Sales,89,Customer 01,183081.60,,
11-05-2025,Sales,89,Sales - Local,,183081.60,
11-05-2025,Receipt,55,HDFC Bank Current A/c,1431.62,,
11-05-2025,Receipt,55,Customer 10,,1431.62,
11-05-2025,Payment,64,Conveyance,3215.61,,
11-05-2025,Payment,64,Cash,,3215.61,
11-05-2025,Purchase,43,Purchases - Local,80582.48,,
11-05-2025,Purchase,43,Supplier 05,,80582.48,
11-05-2025,Receipt,56,Cash,6290.02,,
11-05-2025,Receipt,56,Customer 06,,6290.02,
11-05-2025,Payment,65,Supplier 01,79082.99,,
11-05-2025,Payment,65,HDFC Bank Current A/c,,79082.99,
12-05-2025,Receipt,57,Cash,9700.60,,
12-05-2025,Receipt,57,Customer 01,,9700.60,
12-05-2025,Receipt,58,HDFC Bank Current A/c,178793.38,,
12-05-2025,Receipt,58,Customer 02,,178793.38,
12-05-2025,Sales,90,Customer 09,124642.36,,
12-05-2025,Sales,90,Sales - Local,,124642.36,
12-05-2025,Sales,91,Customer 12,168556.39,,
12-05-2025,Sales,91,Sales - Local,,168556.39,
12-05-2025,Receipt,59,HDFC Bank Current A/c,184657.46,,
12-05-2025,Receipt,59,Customer 12,,184657.46,
12-05-2025,Payment,66,Printing & Stationery,915.15,,
12-05-2025,Payment,66,Cash,,915.15,
13-05-2025,Receipt,60,HDFC Bank Current A/c,421594.09,,
13-05-2025,Receipt,60,Customer 04,,421594.09,
13-05-2025,Receipt,61,HDFC Bank Current A/c,26530.82,,
13-05-2025,Receipt,61,Customer 02,,26530.82,
13-05-2025,Receipt,62,HDFC Bank Current A/c,40826.12,,
13-05-2025,Receipt,62,Customer 02,,40826.12,
13-05-2025,Receipt,63,HDFC Bank Current A/c,589651.68,,
13-05-2025,Receipt,63,Customer 08,,589651.68,
13-05-2025,Payment,67,Supplier 04,130962.05,,
13-05-2025,Payment,67,HDFC Bank Current A/c,,130962.05,
13-05-2025,Sales,92,Cash,2779.54,,
13-05-2025,Sales,92,Sales - Local,,2779.54,
14-05-2025,Payment,68,Bank Charges,216.41,,
14-05-2025,Payment,68,HDFC Bank Current A/c,,216.41,
14-05-2025,Payment,69,Telephone Expenses,8092.85,,
14-05-2025,Payment,69,Cash,,8092.85,
14-05-2025,Receipt,64,HDFC Bank Current A/c,1317.05,,
14-05-2025,Receipt,64,Customer 10,,1317.05,
14-05-2025,Sales,93,Customer 09,32756.91,,
14-05-2025,Sales,93,Sales - Local,,32756.91,
14-05-2025,Purchase,44,Purchases - Local,72684.62,,
14-05-2025,Purchase,44,Supplier 02,,72684.62,
14-05-2025,Sales,94,Customer 10,93752.25,,
14-05-2025,Sales,94,Sales - Local,,93752.25,
15-05-2025,Receipt,65,HDFC Bank Current A/c,318185.61,,
15-05-2025,Receipt,65,Customer 09,,318185.61,
15-05-2025,Receipt,66,HDFC Bank Current A/c,43993.45,,
15-05-2025,Receipt,66,Customer 02,,43993.45,
15-05-2025,Payment,70,Printing & Stationery,5240.45,,
15-05-2025,Payment,70,Cash,,5240.45,
15-05-2025,Purchase,45,Purchases - Local,61152.49,,
15-05-2025,Purchase,45,Supplier 01,,61152.49,
15-05-2025,Payment,71,Bank Charges,15.00,,
15-05-2025,Payment,71,HDFC Bank Current A/c,,15.00,
15-05-2025,Payment,72,Supplier 02,85349.88,,
15-05-2025,Payment,72,HDFC Bank Current A/c,,85349.88,
16-05-2025,Payment,73,Shree Ganesh Hardware,6000.00,,
16-05-2025,Payment,73,Cash,,6000.00,
16-05-2025,Payment,74,Shree Ganesh Hardware,7500.00,,
16-05-2025,Payment,74,Cash,,7500.00,
16-05-2025,Payment,75,Rent,25000.00,,
16-05-2025,Payment,75,HDFC Bank Current A/c,,25000.00,
16-05-2025,Payment,76,Salary,51215.43,,
16-05-2025,Payment,76,HDFC Bank Current A/c,,51215.43,
16-05-2025,Payment,77,Electricity Charges,6582.31,,
16-05-2025,Payment,77,HDFC Bank Current A/c,,6582.31,
16-05-2025,Journal,2,Interest on Unsecured Loans,3000.00,,
16-05-2025,Journal,2,Unsecured Loan - Rajesh Kumar,,2700.00,
16-05-2025,Journal,2,TDS Payable,,300.00,
16-05-2025,Payment,78,TDS Payable,300.00,,
16-05-2025,Payment,78,HDFC Bank Current A/c,,300.00,
16-05-2025,Payment,79,Supplier 06,17558.17,,
16-05-2025,Payment,79,HDFC Bank Current A/c,,17558.17,
16-05-2025,Purchase,46,Purchases - Local,111570.88,,
16-05-2025,Purchase,46,Supplier 05,,111570.88,
16-05-2025,Receipt,67,Cash,13101.99,,
16-05-2025,Receipt,67,Customer 05,,13101.99,
16-05-2025,Payment,80,Office Expenses,7410.71,,
16-05-2025,Payment,80,Cash,,7410.71,
16-05-2025,Sales,95,Customer 12,56103.30,,
16-05-2025,Sales,95,Sales - Local,,56103.30,
16-05-2025,Receipt,68,HDFC Bank Current A/c,4129.51,,
16-05-2025,Receipt,68,Customer 05,,4129.51,
17-05-2025,Payment,81,Balaji Traders,9000.00,,
17-05-2025,Payment,81,Cash,,9000.00,
17-05-2025,Receipt,69,HDFC Bank Current A/c,19693.19,,
17-05-2025,Receipt,69,Customer 12,,19693.19,
17-05-2025,Sales,96,Customer 02,167559.76,,
17-05-2025,Sales,96,Sales - Local,,167559.76,
17-05-2025,Sales,97,Customer 02,183198.99,,
17-05-2025,Sales,97,Sales - Local,,183198.99,
17-05-2025,Receipt,70,HDFC Bank Current A/c,191705.07,,
17-05-2025,Receipt,70,Customer 07,,191705.07,
17-05-2025,Sales,98,Customer 02,31371.92,,
17-05-2025,Sales,98,Sales - Local,,31371.92,
17-05-2025,Receipt,71,HDFC Bank Current A/c,320110.32,,
17-05-2025,Receipt,71,Customer 02,,320110.32,
18-05-2025,Payment,82,Conveyance,602.16,,
18-05-2025,Payment,82,Cash,,602.16,
18-05-2025,Payment,83,Supplier 05,261714.18,,
18-05-2025,Payment,83,HDFC Bank Current A/c,,261714.18,
18-05-2025,Sales,99,Customer 07,143267.56,,
18-05-2025,Sales,99,Sales - Local,,143267.56,
18-05-2025,Payment,84,Conveyance,8038.73,,
18-05-2025,Payment,84,Cash,,8038.73,
18-05-2025,Payment,85,Supplier 06,40078.00,,
18-05-2025,Payment,85,HDFC Bank Current A/c,,40078.00,
18-05-2025,Receipt,72,HDFC Bank Current A/c,107126.73,,
18-05-2025,Receipt,72,Customer 08,,107126.73,
19-05-2025,Payment,86,Supplier 05,54658.67,,
19-05-2025,Payment,86,HDFC Bank Current A/c,,54658.67,
19-05-2025,Payment,87,Supplier 04,5934.05,,
19-05-2025,Payment,87,HDFC Bank Current A/c,,5934.05,
19-05-2025,Receipt,73,Cash,8817.08,,
19-05-2025,Receipt,73,Customer 01,,8817.08,
19-05-2025,Sales,100,Customer 07,71593.19,,
19-05-2025,Sales,100,Sales - Local,,71593.19,
19-05-2025,Receipt,74,HDFC Bank Current A/c,164293.64,,
19-05-2025,Receipt,74,Customer 04,,164293.64,
19-05-2025,Payment,88,Printing & Stationery,9108.72,,
19-05-2025,Payment,88,Cash,,9108.72,
20-05-2025,Sales,101,Cash,48916.50,,
20-05-2025,Sales,101,Sales - Local,,48916.50,
20-05-2025,Payment,89,Supplier 08,36825.65,,
20-05-2025,Payment,89,HDFC Bank Current A/c,,36825.65,
20-05-2025,Purchase,47,Purchases - Local,5547.28,,
20-05-2025,Purchase,47,Supplier 06,,5547.28,
20-05-2025,Payment,90,Supplier 06,6043.81,,
20-05-2025,Payment,90,HDFC Bank Current A/c,,6043.81,
20-05-2025,Receipt,75,HDFC Bank Current A/c,35735.26,,
20-05-2025,Receipt,75,Customer 07,,35735.26,
20-05-2025,Purchase,48,Purchases - Local,89038.14,,
20-05-2025,Purchase,48,Supplier 02,,89038.14,
21-05-2025,Payment,91,Repairs & Maintenance,12500.00,,
21-05-2025,Payment,91,Cash,,12500.00,
21-05-2025,Purchase,49,Purchases - Local,76507.51,,
21-05-2025,Purchase,49,Supplier 04,,76507.51,
21-05-2025,Purchase,50,Purchases - Local,17522.95,,
21-05-2025,Purchase,50,Supplier 05,,17522.95,
21-05-2025,Payment,92,Supplier 02,5555.37,,
21-05-2025,Payment,92,HDFC Bank Current A/c,,5555.37,
21-05-2025,Payment,93,Staff Welfare,7741.68,,
21-05-2025,Payment,93,Cash,,7741.68,
21-05-2025,Sales,102,Customer 02,186484.12,,
21-05-2025,Sales,102,Sales - Local,,186484.12,
21-05-2025,Receipt,76,HDFC Bank Current A/c,149044.86,,
21-05-2025,Receipt,76,Customer 03,,149044.86,
22-05-2025,Payment,94,Repairs & Maintenance,10000.00,,
22-05-2025,Payment,94,Cash,,10000.00,
22-05-2025,Receipt,77,Cash,9848.62,,
22-05-2025,Receipt,77,Customer 07,,9848.62,
22-05-2025,Payment,95,Bank Charges,80.65,,
22-05-2025,Payment,95,HDFC Bank Current A/c,,80.65,
22-05-2025,Purchase,51,Purchases - Local,102054.52,,
22-05-2025,Purchase,51,Supplier 06,,102054.52,
22-05-2025,Sales,103,Customer 10,124864.67,,
22-05-2025,Sales,103,Sales - Local,,124864.67,
22-05-2025,Purchase,52,Purchases - Local,69727.92,,
22-05-2025,Purchase,52,Supplier 06,,69727.92,
22-05-2025,Sales,104,Customer 09,36324.62,,
22-05-2025,Sales,104,Sales - Local,,36324.62,
23-05-2025,Purchase,53,Purchases - Local,73570.80,,
23-05-2025,Purchase,53,Supplier 02,,73570.80,
23-05-2025,Receipt,78,Cash,13212.88,,
23-05-2025,Receipt,78,Customer 01,,13212.88,
23-05-2025,Receipt,79,Cash,8338.78,,
23-05-2025,Receipt,79,Customer 10,,8338.78,
23-05-2025,Receipt,80,HDFC Bank Current A/c,4983.65,,
23-05-2025,Receipt,80,Customer 03,,4983.65,
23-05-2025,Sales,105,Customer 01,120661.73,,
23-05-2025,Sales,105,Sales - Local,,120661.73,
23-05-2025,Sales,106,Cash,31384.26,,
23-05-2025,Sales,106,Sales - Local,,31384.26,
24-05-2025,Sales,107,Cash,10617.62,,
24-05-2025,Sales,107,Sales - Local,,10617.62,
24-05-2025,Sales,108,Cash,16684.03,,
24-05-2025,Sales,108,Sales - Local,,16684.03,
24-05-2025,Purchase,54,Purchases - Local,24811.40,,
24-05-2025,Purchase,54,Supplier 01,,24811.40,
24-05-2025,Purchase,55,Purchases - Local,20447.95,,
24-05-2025,Purchase,55,Supplier 04,,20447.95,
24-05-2025,Payment,96,Supplier 01,14892.13,,
24-05-2025,Payment,96,HDFC Bank Current A/c,,14892.13,
24-05-2025,Payment,97,Supplier 08,14830.05,,
24-05-2025,Payment,97,HDFC Bank Current A/c,,14830.05,
25-05-2025,Payment,98,Staff Welfare,5038.15,,
25-05-2025,Payment,98,Cash,,5038.15,
25-05-2025,Payment,99,Office Expenses,367.11,,
25-05-2025,Payment,99,Cash,,367.11,
25-05-2025,Sales,109,Cash,35437.81,,
25-05-2025,Sales,109,Sales - Local,,35437.81,
25-05-2025,Receipt,81,HDFC Bank Current A/c,151082.14,,
25-05-2025,Receipt,81,Customer 06,,151082.14,
25-05-2025,Purchase,56,Purchases - Local,111789.22,,
25-05-2025,Purchase,56,Supplier 08,,111789.22,
25-05-2025,Receipt,82,Cash,2931.92,,
25-05-2025,Receipt,82,Customer 09,,2931.92,
26-05-2025,Payment,100,Office Expenses,4007.17,,
26-05-2025,Payment,100,Cash,,4007.17,
26-05-2025,Payment,101,Supplier 06,18311.94,,
26-05-2025,Payment,101,HDFC Bank Current A/c,,18311.94,
26-05-2025,Sales,110,Customer 04,138999.07,,
26-05-2025,Sales,110,Sales - Local,,138999.07,
26-05-2025,Payment,102,Printing & Stationery,550.17,,
26-05-2025,Payment,102,Cash,,550.17,
26-05-2025,Sales,111,Customer 11,120780.87,,
26-05-2025,Sales,111,Sales - Local,,120780.87,
26-05-2025,Receipt,83,HDFC Bank Current A/c,44255.05,,
26-05-2025,Receipt,83,Customer 11,,44255.05,
27-05-2025,Payment,103,Bank Charges,271.54,,
27-05-2025,Payment,103,HDFC Bank Current A/c,,271.54,
27-05-2025,Purchase,57,Purchases - Local,69865.24,,
27-05-2025,Purchase,57,Supplier 05,,69865.24,
27-05-2025,Sales,112,Cash,868.24,,
27-05-2025,Sales,112,Sales - Local,,868.24,
27-05-2025,Sales,113,Cash,2248.51,,
27-05-2025,Sales,113,Sales - Local,,2248.51,
27-05-2025,Payment,104,Supplier 07,86254.37,,
27-05-2025,Payment,104,HDFC Bank Current A/c,,86254.37,
27-05-2025,Payment,105,Supplier 01,49259.01,,
27-05-2025,Payment,105,HDFC Bank Current A/c,,49259.01,
28-05-2025,Sales,114,Cash,21904.40,,
28-05-2025,Sales,114,Sales - Local,,21904.40,
28-05-2025,Purchase,58,Purchases - Local,37601.11,,
28-05-2025,Purchase,58,Supplier 08,,37601.11,
28-05-2025,Sales,115,Customer 07,48090.90,,
28-05-2025,Sales,115,Sales - Local,,48090.90,
28-05-2025,Payment,106,Bank Charges,234.29,,
28-05-2025,Payment,106,HDFC Bank Current A/c,,234.29,
28-05-2025,Receipt,84,HDFC Bank Current A/c,8901.52,,
28-05-2025,Receipt,84,Interest Received,,8901.52,
28-05-2025,Payment,107,Supplier 02,85636.75,,
28-05-2025,Payment,107,HDFC Bank Current A/c,,85636.75,
29-05-2025,Purchase,59,Purchases - Local,34455.20,,
29-05-2025,Purchase,59,Supplier 01,,34455.20,
29-05-2025,Purchase,60,Purchases - Local,42931.37,,
29-05-2025,Purchase,60,Supplier 05,,42931.37,
29-05-2025,Sales,116,Customer 10,186435.16,,
29-05-2025,Sales,116,Sales - Local,,186435.16,
29-05-2025,Sales,117,Customer 06,80505.18,,
29-05-2025,Sales,117,Sales - Local,,80505.18,
29-05-2025,Purchase,61,Purchases - Local,44151.42,,
29-05-2025,Purchase,61,Supplier 08,,44151.42,
29-05-2025,Receipt,85,HDFC Bank Current A/c,49816.69,,
29-05-2025,Receipt,85,Customer 09,,49816.69,
30-05-2025,Payment,108,Conveyance,4523.26,,
30-05-2025,Payment,108,Cash,,4523.26,
30-05-2025,Payment,109,Printing & Stationery,9093.77,,
30-05-2025,Payment,109,Cash,,9093.77,
30-05-2025,Sales,118,Cash,25774.68,,
30-05-2025,Sales,118,Sales - Local,,25774.68,
30-05-2025,Sales,119,Cash,44936.81,,
30-05-2025,Sales,119,Sales - Local,,44936.81,
30-05-2025,Payment,110,Supplier 02,59208.12,,
30-05-2025,Payment,110,HDFC Bank Current A/c,,59208.12,
30-05-2025,Payment,111,Bank Charges,174.17,,
30-05-2025,Payment,111,HDFC Bank Current A/c,,174.17,
31-05-2025,Payment,112,Shree Roadlines,30000.00,,
31-05-2025,Payment,112,Cash,,30000.00,
31-05-2025,Receipt,86,Cash,6495.89,,
31-05-2025,Receipt,86,Customer 09,,6495.89,
31-05-2025,Purchase,62,Purchases - Local,75081.28,,
31-05-2025,Purchase,62,Supplier 07,,75081.28,
31-05-2025,Payment,113,Bank Charges,373.34,,
31-05-2025,Payment,113,HDFC Bank Current A/c,,373.34,
31-05-2025,Sales,120,Customer 01,95578.06,,
31-05-2025,Sales,120,Sales - Local,,95578.06,
31-05-2025,Receipt,87,Cash,16419.44,,
31-05-2025,Receipt,87,Customer 09,,16419.44,
31-05-2025,Sales,121,Customer 09,174269.18,,
31-05-2025,Sales,121,Sales - Local,,174269.18,
01-06-2025,Payment,114,Shree Roadlines,40000.00,,
01-06-2025,Payment,114,Cash,,40000.00,
01-06-2025,Payment,115,Office Expenses,9065.82,,
01-06-2025,Payment,115,Cash,,9065.82,
01-06-2025,Payment,116,Supplier 07,67862.87,,
01-06-2025,Payment,116,HDFC Bank Current A/c,,67862.87,
01-06-2025,Receipt,88,HDFC Bank Current A/c,198246.42,,
01-06-2025,Receipt,88,Customer 09,,198246.42,
01-06-2025,Purchase,63,Purchases - Local,38358.51,,
01-06-2025,Purchase,63,Supplier 02,,38358.51,
01-06-2025,Sales,122,Cash,46108.99,,
01-06-2025,Sales,122,Sales - Local,,46108.99,
01-06-2025,Sales,123,Cash,29627.53,,
01-06-2025,Sales,123,Sales - Local,,29627.53,
02-06-2025,Sales,124,Customer 02,150400.31,,
02-06-2025,Sales,124,Sales - Local,,150400.31,
02-06-2025,Sales,125,Cash,16415.91,,
02-06-2025,Sales,125,Sales - Local,,16415.91,
02-06-2025,Sales,126,Cash,42335.05,,
02-06-2025,Sales,126,Sales - Local,,42335.05,
02-06-2025,Payment,117,Supplier 08,29126.62,,
02-06-2025,Payment,117,HDFC Bank Current A/c,,29126.62,
02-06-2025,Receipt,89,Cash,5858.32,,
02-06-2025,Receipt,89,Customer 10,,5858.32,
02-06-2025,Purchase,64,Purchases - Local,61315.17,,
02-06-2025,Purchase,64,Supplier 03,,61315.17,
03-06-2025,Payment,118,Staff Welfare,476.14,,
03-06-2025,Payment,118,Cash,,476.14,
03-06-2025,Payment,119,Supplier 01,85029.35,,
03-06-2025,Payment,119,HDFC Bank Current A/c,,85029.35,
03-06-2025,Payment,120,Telephone Expenses,6432.53,,
03-06-2025,Payment,120,Cash,,6432.53,
03-06-2025,Sales,127,Customer 10,164431.42,,
03-06-2025,Sales,127,Sales - Local,,164431.42,
03-06-2025,Payment,121,Supplier 07,15128.53,,
03-06-2025,Payment,121,HDFC Bank Current A/c,,15128.53,
03-06-2025,Sales,128,Cash,45787.85,,
03-06-2025,Sales,128,Sales - Local,,45787.85,
04-06-2025,Sales,129,Cash,46504.86,,
04-06-2025,Sales,129,Sales - Local,,46504.86,
04-06-2025,Sales,130,Customer 03,71696.93,,
04-06-2025,Sales,130,Sales - Local,,71696.93,
04-06-2025,Payment,122,Office Expenses,6774.31,,
04-06-2025,Payment,122,Cash,,6774.31,
04-06-2025,Sales,131,Customer 04,139695.79,,
04-06-2025,Sales,131,Sales - Local,,139695.79,
04-06-2025,Sales,132,Cash,7162.94,,
04-06-2025,Sales,132,Sales - Local,,7162.94,
04-06-2025,Receipt,90,HDFC Bank Current A/c,2157.41,,
04-06-2025,Receipt,90,Customer 05,,2157.41,
05-06-2025,Payment,123,Office Expenses,685.64,,
05-06-2025,Payment,123,Cash,,685.64,
05-06-2025,Receipt,91,HDFC Bank Current A/c,44107.44,,
05-06-2025,Receipt,91,Customer 02,,44107.44,
05-06-2025,Receipt,92,HDFC Bank Current A/c,164305.39,,
05-06-2025,Receipt,92,Customer 10,,164305.39,
05-06-2025,Sales,133,Customer 08,97198.41,,
05-06-2025,Sales,133,Sales - Local,,97198.41,
06-06-2025,Receipt,93,HDFC Bank Current A/c,8996.53,,
06-06-2025,Receipt,93,Interest Received,,8996.53,
06-06-2025,Receipt,94,Cash,15544.68,,
06-06-2025,Receipt,94,Customer 03,,15544.68,
06-06-2025,Purchase,65,Purchases - Local,25834.71,,
06-06-2025,Purchase,65,Supplier 08,,25834.71,
06-06-2025,Purchase,66,Purchases - Local,107100.28,,
06-06-2025,Purchase,66,Supplier 04,,107100.28,
06-06-2025,Purchase,67,Purchases - Local,55864.84,,
06-06-2025,Purchase,67,Supplier 07,,55864.84,
06-06-2025,Sales,134,Cash,5268.78,,
06-06-2025,Sales,134,Sales - Local,,5268.78,
07-06-2025,Sales,135,Customer 09,135383.30,,
07-06-2025,Sales,135,Sales - Local,,135383.30,
07-06-2025,Purchase,68,Purchases - Local,58792.59,,
07-06-2025,Purchase,68,Supplier 03,,58792.59,
07-06-2025,Sales,136,Customer 06,43988.06,,
07-06-2025,Sales,136,Sales - Local,,43988.06,
07-06-2025,Purchase,69,Purchases - Local,73653.39,,
07-06-2025,Purchase,69,Supplier 01,,73653.39,
07-06-2025,Sales,137,Cash,48594.01,,
07-06-2025,Sales,137,Sales - Local,,48594.01,
07-06-2025,Purchase,70,Purchases - Local,42805.90,,
07-06-2025,Purchase,70,Supplier 01,,42805.90,
08-06-2025,Receipt,95,HDFC Bank Current A/c,18804.97,,
08-06-2025,Receipt,95,Customer 06,,18804.97,
08-06-2025,Sales,138,Customer 12,71480.59,,
08-06-2025,Sales,138,Sales - Local,,71480.59,
08-06-2025,Payment,124,Office Expenses,1006.06,,
08-06-2025,Payment,124,Cash,,1006.06,
08-06-2025,Payment,125,Conveyance,4310.40,,
08-06-2025,Payment,125,Cash,,4310.40,
08-06-2025,Purchase,71,Purchases - Local,90827.74,,
08-06-2025,Purchase,71,Supplier 08,,90827.74,
08-06-2025,Purchase,72,Purchases - Local,40239.49,,
08-06-2025,Purchase,72,Supplier 05,,40239.49,
09-06-2025,Sales,139,Customer 09,173542.68,,
09-06-2025,Sales,139,Sales - Local,,173542.68,
09-06-2025,Payment,126,Staff Welfare,4862.97,,
09-06-2025,Payment,126,Cash,,4862.97,
09-06-2025,Purchase,73,Purchases - Local,20574.73,,
09-06-2025,Purchase,73,Supplier 02,,20574.73,
09-06-2025,Purchase,74,Purchases - Local,77030.69,,
09-06-2025,Purchase,74,Supplier 07,,77030.69,
09-06-2025,Receipt,96,HDFC Bank Current A/c,54787.50,,
09-06-2025,Receipt,96,Customer 07,,54787.50,
09-06-2025,Sales,140,Customer 07,102017.86,,
09-06-2025,Sales,140,Sales - Local,,102017.86,
10-06-2025,Receipt,97,Cash,25000.00,,
10-06-2025,Receipt,97,Loan from Mahesh Patil,,25000.00,
10-06-2025,Purchase,75,Purchases - Local,41944.12,,
10-06-2025,Purchase,75,Supplier 04,,41944.12,
10-06-2025,Receipt,98,HDFC Bank Current A/c,107207.84,,
10-06-2025,Receipt,98,Customer 02,,107207.84,
10-06-2025,Sales,141,Cash,42420.29,,
10-06-2025,Sales,141,Sales - Local,,42420.29,
10-06-2025,Sales,142,Cash,23510.43,,
10-06-2025,Sales,142,Sales - Local,,23510.43,
10-06-2025,Purchase,76,Purchases - Local,43487.44,,
10-06-2025,Purchase,76,Supplier 08,,43487.44,
10-06-2025,Payment,127,Supplier 07,33360.38,,
10-06-2025,Payment,127,HDFC Bank Current A/c,,33360.38,
11-06-2025,Payment,128,Conveyance,504.67,,
11-06-2025,Payment,128,Cash,,504.67,
11-06-2025,Purchase,77,Purchases - Local,88257.17,,
11-06-2025,Purchase,77,Supplier 01,,88257.17,
11-06-2025,Purchase,78,Purchases - Local,26126.41,,
11-06-2025,Purchase,78,Supplier 04,,26126.41,
11-06-2025,Sales,143,Customer 03,108939.45,,
11-06-2025,Sales,143,Sales - Local,,108939.45,
11-06-2025,Sales,144,Customer 01,123694.37,,
11-06-2025,Sales,144,Sales - Local,,123694.37,
11-06-2025,Purchase,79,Purchases - Local,11214.63,,
11-06-2025,Purchase,79,Supplier 04,,11214.63,
12-06-2025,Purchase,80,Purchases - Local,105886.83,,
12-06-2025,Purchase,80,Supplier 06,,105886.83,
12-06-2025,Sales,145,Customer 07,145354.49,,
12-06-2025,Sales,145,Sales - Local,,145354.49,
12-06-2025,Sales,146,Customer 11,124883.84,,
12-06-2025,Sales,146,Sales - Local,,124883.84,
12-06-2025,Payment,129,Supplier 08,319859.81,,
12-06-2025,Payment,129,HDFC Bank Current A/c,,319859.81,
12-06-2025,Sales,147,Customer 10,98469.47,,
12-06-2025,Sales,147,Sales - Local,,98469.47,
12-06-2025,Receipt,99,Cash,769.18,,
12-06-2025,Receipt,99,Customer 04,,769.18,
13-06-2025,Sales,148,Customer 12,9239.75,,
13-06-2025,Sales,148,Sales - Local,,9239.75,
13-06-2025,Purchase,81,Purchases - Local,62052.57,,
13-06-2025,Purchase,81,Supplier 06,,62052.57,
13-06-2025,Receipt,100,HDFC Bank Current A/c,44905.57,,
13-06-2025,Receipt,100,Customer 03,,44905.57,
13-06-2025,Receipt,101,HDFC Bank Current A/c,122175.02,,
13-06-2025,Receipt,101,Customer 03,,122175.02,
13-06-2025,Receipt,102,HDFC Bank Current A/c,258408.11,,
13-06-2025,Receipt,102,Customer 07,,258408.11,
14-06-2025,Sales,149,Cash,6438.54,,
14-06-2025,Sales,149,Sales - Local,,6438.54,
14-06-2025,Receipt,103,HDFC Bank Current A/c,164857.76,,
14-06-2025,Receipt,103,Customer 07,,164857.76,
14-06-2025,Sales,150,Customer 06,44750.11,,
14-06-2025,Sales,150,Sales - Local,,44750.11,
14-06-2025,Payment,130,Conveyance,5526.37,,
14-06-2025,Payment,130,Cash,,5526.37,
14-06-2025,Sales,151,Cash,34325.29,,
14-06-2025,Sales,151,Sales - Local,,34325.29,
14-06-2025,Payment,131,Supplier 03,138816.46,,
14-06-2025,Payment,131,HDFC Bank Current A/c,,138816.46,
15-06-2025,Payment,132,Rent,25000.00,,
15-06-2025,Payment,132,HDFC Bank Current A/c,,25000.00,
15-06-2025,Payment,133,Salary,53770.66,,
15-06-2025,Payment,133,HDFC Bank Current A/c,,53770.66,
15-06-2025,Payment,134,Electricity Charges,5447.51,,
15-06-2025,Payment,134,HDFC Bank Current A/c,,5447.51,
15-06-2025,Journal,3,Interest on Unsecured Loans,3000.00,,
15-06-2025,Journal,3,Unsecured Loan - Rajesh Kumar,,2700.00,
15-06-2025,Journal,3,TDS Payable,,300.00,
15-06-2025,Payment,135,TDS Payable,300.00,,
15-06-2025,Payment,135,HDFC Bank Current A/c,,300.00,
15-06-2025,Sales,152,Cash,20724.33,,
15-06-2025,Sales,152,Sales - Local,,20724.33,
15-06-2025,Receipt,104,HDFC Bank Current A/c,148246.20,,
15-06-2025,Receipt,104,Customer 02,,148246.20,
15-06-2025,Purchase,82,Purchases - Local,96083.09,,
15-06-2025,Purchase,82,Supplier 04,,96083.09,
15-06-2025,Purchase,83,Purchases - Local,106685.68,,
15-06-2025,Purchase,83,Supplier 04,,106685.68,
15-06-2025,Sales,153,Customer 04,140839.20,,
15-06-2025,Sales,153,Sales - Local,,140839.20,
15-06-2025,Purchase,84,Purchases - Local,15560.32,,
15-06-2025,Purchase,84,Supplier 01,,15560.32,
16-06-2025,Sales,154,Customer 09,74234.35,,
16-06-2025,Sales,154,Sales - Local,,74234.35,
16-06-2025,Payment,136,Supplier 02,44167.17,,
16-06-2025,Payment,136,HDFC Bank Current A/c,,44167.17,
16-06-2025,Payment,137,Supplier 03,52308.83,,
16-06-2025,Payment,137,HDFC Bank Current A/c,,52308.83,
16-06-2025,Purchase,85,Purchases - Local,75994.76,,
16-06-2025,Purchase,85,Supplier 07,,75994.76,
16-06-2025,Sales,155,Cash,8406.46,,
16-06-2025,Sales,155,Sales - Local,,8406.46,
16-06-2025,Sales,156,Customer 01,112903.32,,
16-06-2025,Sales,156,Sales - Local,,112903.32,
17-06-2025,Receipt,105,HDFC Bank Current A/c,224648.44,,
17-06-2025,Receipt,105,Customer 04,,224648.44,
17-06-2025,Sales,157,Customer 12,24832.72,,
17-06-2025,Sales,157,Sales - Local,,24832.72,
17-06-2025,Payment,138,Staff Welfare,2721.35,,
17-06-2025,Payment,138,Cash,,2721.35,
17-06-2025,Purchase,86,Purchases - Local,67700.14,,
17-06-2025,Purchase,86,Supplier 01,,67700.14,
17-06-2025,Receipt,106,HDFC Bank Current A/c,220325.05,,
17-06-2025,Receipt,106,Customer 04,,220325.05,
18-06-2025,Receipt,107,HDFC Bank Current A/c,74113.04,,
18-06-2025,Receipt,107,Customer 08,,74113.04,
18-06-2025,Purchase,87,Purchases - Local,74739.47,,
18-06-2025,Purchase,87,Supplier 07,,74739.47,
18-06-2025,Purchase,88,Purchases - Local,67891.96,,
18-06-2025,Purchase,88,Supplier 03,,67891.96,
18-06-2025,Sales,158,Cash,25487.75,,
18-06-2025,Sales,158,Sales - Local,,25487.75,
18-06-2025,Receipt,108,HDFC Bank Current A/c,456759.63,,
18-06-2025,Receipt,108,Customer 12,,456759.63,
19-06-2025,Payment,139,Conveyance,6926.51,,
19-06-2025,Payment,139,Cash,,6926.51,
19-06-2025,Sales,159,Customer 12,82065.61,,
19-06-2025,Sales,159,Sales - Local,,82065.61,
19-06-2025,Sales,160,Cash,12058.36,,
19-06-2025,Sales,160,Sales - Local,,12058.36,
19-06-2025,Payment,140,Supplier 03,43861.54,,
19-06-2025,Payment,140,HDFC Bank Current A/c,,43861.54,
19-06-2025,Sales,161,Cash,20745.24,,
19-06-2025,Sales,161,Sales - Local,,20745.24,
19-06-2025,Sales,162,Customer 12,134389.69,,
19-06-2025,Sales,162,Sales - Local,,134389.69,
20-06-2025,Receipt,109,Cash,15000.00,,
20-06-2025,Receipt,109,Loan from Anil Joshi,,15000.00,
20-06-2025,Purchase,89,Purchases - Local,118097.48,,
20-06-2025,Purchase,89,Supplier 05,,118097.48,
20-06-2025,Payment,141,Supplier 08,4784.46,,
20-06-2025,Payment,141,HDFC Bank Current A/c,,4784.46,
20-06-2025,Receipt,110,Cash,6881.97,,
20-06-2025,Receipt,110,Customer 11,,6881.97,
20-06-2025,Sales,163,Customer 10,47173.29,,
20-06-2025,Sales,163,Sales - Local,,47173.29,
20-06-2025,Payment,142,Supplier 05,267849.40,,
20-06-2025,Payment,142,HDFC Bank Current A/c,,267849.40,
20-06-2025,Sales,164,Customer 12,43013.71,,
20-06-2025,Sales,164,Sales - Local,,43013.71,
21-06-2025,Payment,143,Supplier 04,473034.87,,
21-06-2025,Payment,143,HDFC Bank Current A/c,,473034.87,
21-06-2025,Purchase,90,Purchases - Local,84049.05,,
21-06-2025,Purchase,90,Supplier 04,,84049.05,
21-06-2025,Purchase,91,Purchases - Local,61675.59,,
21-06-2025,Purchase,91,Supplier 05,,61675.59,
21-06-2025,Payment,144,Conveyance,2566.86,,
21-06-2025,Payment,144,Cash,,2566.86,
21-06-2025,Payment,145,Telephone Expenses,9109.14,,
21-06-2025,Payment,145,Cash,,9109.14,
21-06-2025,Sales,165,Cash,10444.12,,
21-06-2025,Sales,165,Sales - Local,,10444.12,
22-06-2025,Purchase,92,Purchases - Local,53619.29,,
22-06-2025,Purchase,92,Supplier 05,,53619.29,
22-06-2025,Payment,146,Supplier 04,107204.83,,
22-06-2025,Payment,146,HDFC Bank Current A/c,,107204.83,
22-06-2025,Payment,147,Telephone Expenses,1837.35,,
22-06-2025,Payment,147,Cash,,1837.35,
22-06-2025,Payment,148,Supplier 08,13324.32,,
22-06-2025,Payment,148,HDFC Bank Current A/c,,13324.32,
22-06-2025,Sales,166,Customer 06,47366.99,,
22-06-2025,Sales,166,Sales - Local,,47366.99,
22-06-2025,Receipt,111,HDFC Bank Current A/c,244174.81,,
22-06-2025,Receipt,111,Customer 11,,244174.81,
23-06-2025,Receipt,112,Cash,7189.82,,
23-06-2025,Receipt,112,Customer 11,,7189.82,
23-06-2025,Sales,167,Cash,47613.84,,
23-06-2025,Sales,167,Sales - Local,,47613.84,
23-06-2025,Sales,168,Cash,36145.17,,
23-06-2025,Sales,168,Sales - Local,,36145.17,
23-06-2025,Purchase,93,Purchases - Local,39019.38,,
23-06-2025,Purchase,93,Supplier 02,,39019.38,
23-06-2025,Sales,169,Cash,11494.31,,
23-06-2025,Sales,169,Sales - Local,,11494.31,
23-06-2025,Purchase,94,Purchases - Local,88866.28,,
23-06-2025,Purchase,94,Supplier 06,,88866.28,
24-06-2025,Sales,170,Customer 10,117168.08,,
24-06-2025,Sales,170,Sales - Local,,117168.08,
24-06-2025,Sales,171,Cash,4049.41,,
24-06-2025,Sales,171,Sales - Local,,4049.41,
24-06-2025,Sales,172,Customer 10,45049.32,,
24-06-2025,Sales,172,Sales - Local,,45049.32,
24-06-2025,Payment,149,Supplier 08,5796.68,,
24-06-2025,Payment,149,HDFC Bank Current A/c,,5796.68,
24-06-2025,Payment,150,Conveyance,9390.10,,
24-06-2025,Payment,150,Cash,,9390.10,
25-06-2025,Receipt,113,Cash,19999.00,,
25-06-2025,Receipt,113,Loan from Kiran Rao,,19999.00,
25-06-2025,Sales,173,Cash,33330.07,,
25-06-2025,Sales,173,Sales - Local,,33330.07,
25-06-2025,Sales,174,Customer 11,115228.55,,
25-06-2025,Sales,174,Sales - Local,,115228.55,
25-06-2025,Payment,151,Printing & Stationery,6811.99,,
25-06-2025,Payment,151,Cash,,6811.99,
25-06-2025,Receipt,114,Cash,4627.16,,
25-06-2025,Receipt,114,Customer 02,,4627.16,
25-06-2025,Payment,152,Office Expenses,453.77,,
25-06-2025,Payment,152,Cash,,453.77,
26-06-2025,Sales,175,Customer 09,8624.24,,
26-06-2025,Sales,175,Sales - Local,,8624.24,
26-06-2025,Payment,153,Supplier 07,117983.59,,
26-06-2025,Payment,153,HDFC Bank Current A/c,,117983.59,
26-06-2025,Payment,154,Supplier 03,26346.87,,
26-06-2025,Payment,154,HDFC Bank Current A/c,,26346.87,
26-06-2025,Purchase,95,Purchases - Local,78640.52,,
26-06-2025,Purchase,95,Supplier 06,,78640.52,
26-06-2025,Receipt,115,HDFC Bank Current A/c,1891.60,,
26-06-2025,Receipt,115,Interest Received,,1891.60,
26-06-2025,Purchase,96,Purchases - Local,12716.14,,
26-06-2025,Purchase,96,Supplier 05,,12716.14,
27-06-2025,Purchase,97,Purchases - Local,116542.24,,
27-06-2025,Purchase,97,Supplier 05,,116542.24,
27-06-2025,Payment,155,Supplier 03,1568.05,,
27-06-2025,Payment,155,HDFC Bank Current A/c,,1568.05,
27-06-2025,Sales,176,Cash,41201.71,,
27-06-2025,Sales,176,Sales - Local,,41201.71,
27-06-2025,Payment,156,Office Expenses,8416.63,,
27-06-2025,Payment,156,Cash,,8416.63,
27-06-2025,Receipt,116,Cash,11649.55,,
27-06-2025,Receipt,116,Customer 07,,11649.55,
27-06-2025,Sales,177,Customer 01,98331.82,,
27-06-2025,Sales,177,Sales - Local,,98331.82,
28-06-2025,Payment,157,Office Expenses,3294.37,,
28-06-2025,Payment,157,Cash,,3294.37,
28-06-2025,Receipt,117,HDFC Bank Current A/c,260628.74,,
28-06-2025,Receipt,117,Customer 09,,260628.74,
28-06-2025,Sales,178,Customer 04,48404.58,,
28-06-2025,Sales,178,Sales - Local,,48404.58,
28-06-2025,Sales,179,Customer 07,145328.48,,
28-06-2025,Sales,179,Sales - Local,,145328.48,
28-06-2025,Payment,158,Printing & Stationery,5191.16,,
28-06-2025,Payment,158,Cash,,5191.16,
28-06-2025,Sales,180,Cash,30275.95,,
28-06-2025,Sales,180,Sales - Local,,30275.95,
29-06-2025,Sales,181,Cash,35639.78,,
29-06-2025,Sales,181,Sales - Local,,35639.78,
29-06-2025,Receipt,118,Cash,18080.52,,
29-06-2025,Receipt,118,Customer 06,,18080.52,
29-06-2025,Receipt,119,HDFC Bank Current A/c,66969.20,,
29-06-2025,Receipt,119,Customer 11,,66969.20,
29-06-2025,Payment,159,Telephone Expenses,9551.44,,
29-06-2025,Payment,159,Cash,,9551.44,
29-06-2025,Receipt,120,HDFC Bank Current A/c,192352.35,,
29-06-2025,Receipt,120,Customer 10,,192352.35,
30-06-2025,Receipt,121,Cash,10000.00,,
30-06-2025,Receipt,121,Loan from Anil Joshi,,10000.00,
30-06-2025,Payment,160,Supplier 06,88628.76,,
30-06-2025,Payment,160,HDFC Bank Current A/c,,88628.76,
30-06-2025,Purchase,98,Purchases - Local,21801.03,,
30-06-2025,Purchase,98,Supplier 02,,21801.03,
30-06-2025,Payment,161,Telephone Expenses,5347.48,,
30-06-2025,Payment,161,Cash,,5347.48,
30-06-2025,Payment,162,Office Expenses,3589.08,,
30-06-2025,Payment,162,Cash,,3589.08,
30-06-2025,Receipt,122,Cash,1961.96,,
30-06-2025,Receipt,122,Customer 06,,1961.96,
30-06-2025,Sales,182,Cash,18732.13,,
30-06-2025,Sales,182,Sales - Local,,18732.13,
01-07-2025,Payment,163,Supplier 02,39683.45,,
01-07-2025,Payment,163,HDFC Bank Current A/c,,39683.45,
01-07-2025,Sales,183,Customer 08,31163.15,,
01-07-2025,Sales,183,Sales - Local,,31163.15,
01-07-2025,Payment,164,Bank Charges,109.09,,
01-07-2025,Payment,164,HDFC Bank Current A/c,,109.09,
01-07-2025,Receipt,123,HDFC Bank Current A/c,71975.49,,
01-07-2025,Receipt,123,Customer 04,,71975.49,
01-07-2025,Receipt,124,HDFC Bank Current A/c,138450.75,,
01-07-2025,Receipt,124,Customer 08,,138450.75,
01-07-2025,Receipt,125,HDFC Bank Current A/c,28412.54,,
01-07-2025,Receipt,125,Customer 11,,28412.54,
02-07-2025,Receipt,126,HDFC Bank Current A/c,34264.17,,
02-07-2025,Receipt,126,Customer 08,,34264.17,
02-07-2025,Receipt,127,HDFC Bank Current A/c,387016.01,,
02-07-2025,Receipt,127,Customer 01,,387016.01,
02-07-2025,Receipt,128,HDFC Bank Current A/c,117041.00,,
02-07-2025,Receipt,128,Customer 02,,117041.00,
02-07-2025,Sales,184,Customer 06,11780.63,,
02-07-2025,Sales,184,Sales - Local,,11780.63,
02-07-2025,Receipt,129,HDFC Bank Current A/c,16745.22,,
02-07-2025,Receipt,129,Customer 04,,16745.22,
02-07-2025,Receipt,130,HDFC Bank Current A/c,3180.24,,
02-07-2025,Receipt,130,Customer 02,,3180.24,
03-07-2025,Purchase,99,Purchases - Local,76713.43,,
03-07-2025,Purchase,99,Supplier 01,,76713.43,
03-07-2025,Sales,185,Customer 08,184380.52,,
03-07-2025,Sales,185,Sales - Local,,184380.52,
03-07-2025,Payment,165,Supplier 02,56907.24,,
03-07-2025,Payment,165,HDFC Bank Current A/c,,56907.24,
03-07-2025,Sales,186,Customer 07,175898.83,,
03-07-2025,Sales,186,Sales - Local,,175898.83,
03-07-2025,Purchase,100,Purchases - Local,37042.11,,
03-07-2025,Purchase,100,Supplier 05,,37042.11,
03-07-2025,Payment,166,Supplier 06,345400.82,,
03-07-2025,Payment,166,HDFC Bank Current A/c,,345400.82,
04-07-2025,Sales,187,Customer 08,71573.58,,
04-07-2025,Sales,187,Sales - Local,,71573.58,
04-07-2025,Sales,188,Cash,43770.95,,
04-07-2025,Sales,188,Sales - Local,,43770.95,
04-07-2025,Payment,167,Conveyance,7204.81,,
04-07-2025,Payment,167,Cash,,7204.81,
04-07-2025,Receipt,131,HDFC Bank Current A/c,228267.53,,
04-07-2025,Receipt,131,Customer 01,,228267.53,
05-07-2025,Sales,189,Customer 04,93374.48,,
05-07-2025,Sales,189,Sales - Local,,93374.48,
05-07-2025,Sales,190,Customer 10,163993.27,,
05-07-2025,Sales,190,Sales - Local,,163993.27,
05-07-2025,Payment,168,Bank Charges,84.17,,
05-07-2025,Payment,168,HDFC Bank Current A/c,,84.17,
05-07-2025,Receipt,132,HDFC Bank Current A/c,570013.11,,
05-07-2025,Receipt,132,Customer 10,,570013.11,
05-07-2025,Receipt,133,HDFC Bank Current A/c,64415.96,,
05-07-2025,Receipt,133,Customer 01,,64415.96,
06-07-2025,Purchase,101,Purchases - Local,105788.00,,
06-07-2025,Purchase,101,Supplier 08,,105788.00,
06-07-2025,Receipt,134,HDFC Bank Current A/c,115870.02,,
06-07-2025,Receipt,134,Customer 08,,115870.02,
06-07-2025,Payment,169,Supplier 03,1368.19,,
06-07-2025,Payment,169,HDFC Bank Current A/c,,1368.19,
06-07-2025,Purchase,102,Purchases - Local,31803.43,,
06-07-2025,Purchase,102,Supplier 07,,31803.43,
06-07-2025,Receipt,135,HDFC Bank Current A/c,169551.22,,
06-07-2025,Receipt,135,Customer 06,,169551.22,
07-07-2025,Sales,191,Customer 03,180055.80,,
07-07-2025,Sales,191,Sales - Local,,180055.80,
07-07-2025,Sales,192,Customer 03,188629.84,,
07-07-2025,Sales,192,Sales - Local,,188629.84,
07-07-2025,Sales,193,Customer 03,197225.36,,
07-07-2025,Sales,193,Sales - Local,,197225.36,
07-07-2025,Payment,170,Printing & Stationery,943.08,,
07-07-2025,Payment,170,Cash,,943.08,
07-07-2025,Payment,171,Supplier 03,2054.30,,
07-07-2025,Payment,171,HDFC Bank Current A/c,,2054.30,
07-07-2025,Payment,172,Office Expenses,2740.46,,
07-07-2025,Payment,172,Cash,,2740.46,
08-07-2025,Purchase,103,Purchases - Local,51849.93,,
08-07-2025,Purchase,103,Supplier 02,,51849.93,
08-07-2025,Purchase,104,Purchases - Local,14126.87,,
08-07-2025,Purchase,104,Supplier 08,,14126.87,
08-07-2025,Receipt,136,HDFC Bank Current A/c,6452.69,,
08-07-2025,Receipt,136,Customer 06,,6452.69,
08-07-2025,Purchase,105,Purchases - Local,12406.53,,
08-07-2025,Purchase,105,Supplier 01,,12406.53,
08-07-2025,Purchase,106,Purchases - Local,82211.87,,
08-07-2025,Purchase,106,Supplier 05,,82211.87,
08-07-2025,Purchase,107,Purchases - Local,108400.49,,
08-07-2025,Purchase,107,Supplier 03,,108400.49,
09-07-2025,Sales,194,Customer 06,82029.75,,
09-07-2025,Sales,194,Sales - Local,,82029.75,
09-07-2025,Sales,195,Customer 10,175955.52,,
09-07-2025,Sales,195,Sales - Local,,175955.52,
09-07-2025,Payment,173,Supplier 03,84470.88,,
09-07-2025,Payment,173,HDFC Bank Current A/c,,84470.88,
09-07-2025,Sales,196,Cash,20023.69,,
09-07-2025,Sales,196,Sales - Local,,20023.69,
09-07-2025,Receipt,137,Cash,17689.78,,
09-07-2025,Receipt,137,Customer 01,,17689.78,
09-07-2025,Receipt,138,HDFC Bank Current A/c,32982.21,,
09-07-2025,Receipt,138,Customer 01,,32982.21,
10-07-2025,Journal,4,Interest on Unsecured Loans,5000.00,,
10-07-2025,Journal,4,Loan from Ravi Mehta,,5000.00,
10-07-2025,Payment,174,Supplier 01,13555.03,,
10-07-2025,Payment,174,HDFC Bank Current A/c,,13555.03,
10-07-2025,Sales,197,Customer 05,174000.79,,
10-07-2025,Sales,197,Sales - Local,,174000.79,
10-07-2025,Purchase,108,Purchases - Local,112972.81,,
10-07-2025,Purchase,108,Supplier 05,,112972.81,
10-07-2025,Receipt,139,HDFC Bank Current A/c,74187.67,,
10-07-2025,Receipt,139,Customer 06,,74187.67,
10-07-2025,Receipt,140,HDFC Bank Current A/c,111280.98,,
10-07-2025,Receipt,140,Customer 03,,111280.98,
10-07-2025,Purchase,109,Purchases - Local,66745.73,,
10-07-2025,Purchase,109,Supplier 01,,66745.73,
11-07-2025,Receipt,141,Cash,9047.93,,
11-07-2025,Receipt,141,Customer 11,,9047.93,
11-07-2025,Sales,198,Customer 12,29822.80,,
11-07-2025,Sales,198,Sales - Local,,29822.80,
11-07-2025,Receipt,142,HDFC Bank Current A/c,8124.30,,
11-07-2025,Receipt,142,Interest Received,,8124.30,
11-07-2025,Sales,199,Customer 07,61296.56,,
11-07-2025,Sales,199,Sales - Local,,61296.56,
11-07-2025,Payment,175,Bank Charges,440.90,,
11-07-2025,Payment,175,HDFC Bank Current A/c,,440.90,
11-07-2025,Receipt,143,HDFC Bank Current A/c,179341.68,,
11-07-2025,Receipt,143,Customer 12,,179341.68,
12-07-2025,Receipt,144,Cash,16156.06,,
12-07-2025,Receipt,144,Customer 07,,16156.06,
12-07-2025,Sales,200,Cash,47746.43,,
12-07-2025,Sales,200,Sales - Local,,47746.43,
12-07-2025,Receipt,145,HDFC Bank Current A/c,111571.11,,
12-07-2025,Receipt,145,Customer 05,,111571.11,
12-07-2025,Sales,201,Cash,37987.84,,
12-07-2025,Sales,201,Sales - Local,,37987.84,
12-07-2025,Purchase,110,Purchases - Local,8023.67,,
12-07-2025,Purchase,110,Supplier 08,,8023.67,
12-07-2025,Sales,202,Customer 05,25364.59,,
12-07-2025,Sales,202,Sales - Local,,25364.59,
13-07-2025,Receipt,146,Cash,10153.02,,
13-07-2025,Receipt,146,Customer 06,,10153.02,
13-07-2025,Payment,176,Supplier 05,278424.78,,
13-07-2025,Payment,176,HDFC Bank Current A/c,,278424.78,
13-07-2025,Sales,203,Cash,36727.44,,
13-07-2025,Sales,203,Sales - Local,,36727.44,
13-07-2025,Receipt,147,HDFC Bank Current A/c,2609.86,,
13-07-2025,Receipt,147,Interest Received,,2609.86,
13-07-2025,Payment,177,Supplier 05,121918.78,,
13-07-2025,Payment,177,HDFC Bank Current A/c,,121918.78,
13-07-2025,Receipt,148,HDFC Bank Current A/c,7030.42,,
13-07-2025,Receipt,148,Customer 06,,7030.42,
14-07-2025,Sales,204,Customer 10,80548.11,,
14-07-2025,Sales,204,Sales - Local,,80548.11,
14-07-2025,Sales,205,Cash,799.09,,
14-07-2025,Sales,205,Sales - Local,,799.09,
14-07-2025,Sales,206,Customer 09,85560.40,,
14-07-2025,Sales,206,Sales - Local,,85560.40,
14-07-2025,Receipt,149,HDFC Bank Current A/c,106247.12,,
14-07-2025,Receipt,149,Customer 08,,106247.12,
14-07-2025,Payment,178,Conveyance,2327.88,,
14-07-2025,Payment,178,Cash,,2327.88,
14-07-2025,Purchase,111,Purchases - Local,5964.64,,
14-07-2025,Purchase,111,Supplier 07,,5964.64,
15-07-2025,Payment,179,Rent,25000.00,,
15-07-2025,Payment,179,HDFC Bank Current A/c,,25000.00,
15-07-2025,Payment,180,Salary,46717.63,,
15-07-2025,Payment,180,HDFC Bank Current A/c,,46717.63,
15-07-2025,Payment,181,Electricity Charges,5873.54,,
15-07-2025,Payment,181,HDFC Bank Current A/c,,5873.54,
15-07-2025,Journal,5,Interest on Unsecured Loans,3000.00,,
15-07-2025,Journal,5,Unsecured Loan - Rajesh Kumar,,2700.00,
15-07-2025,Journal,5,TDS Payable,,300.00,
15-07-2025,Payment,182,TDS Payable,300.00,,
15-07-2025,Payment,182,HDFC Bank Current A/c,,300.00,
15-07-2025,Sales,207,Cash,28982.04,,
15-07-2025,Sales,207,Sales - Local,,28982.04,
15-07-2025,Sales,208,Customer 12,174758.79,,
15-07-2025,Sales,208,Sales - Local,,174758.79,
15-07-2025,Purchase,112,Purchases - Local,44251.54,,
15-07-2025,Purchase,112,Supplier 03,,44251.54,
15-07-2025,Receipt,150,HDFC Bank Current A/c,22228.59,,
15-07-2025,Receipt,150,Customer 04,,22228.59,
15-07-2025,Payment,183,Staff Welfare,8031.63,,
15-07-2025,Payment,183,Cash,,8031.63,
15-07-2025,Sales,209,Customer 05,161315.37,,
15-07-2025,Sales,209,Sales - Local,,161315.37,
16-07-2025,Sales,210,Customer 10,39317.39,,
16-07-2025,Sales,210,Sales - Local,,39317.39,
16-07-2025,Sales,211,Customer 12,173426.15,,
16-07-2025,Sales,211,Sales - Local,,173426.15,
16-07-2025,Payment,184,Telephone Expenses,1957.72,,
16-07-2025,Payment,184,Cash,,1957.72,
16-07-2025,Payment,185,Supplier 01,183743.29,,
16-07-2025,Payment,185,HDFC Bank Current A/c,,183743.29,
16-07-2025,Purchase,113,Purchases - Local,79131.76,,
16-07-2025,Purchase,113,Supplier 05,,79131.76,
16-07-2025,Payment,186,Supplier 02,24253.85,,
16-07-2025,Payment,186,HDFC Bank Current A/c,,24253.85,
17-07-2025,Sales,212,Cash,9504.62,,
17-07-2025,Sales,212,Sales - Local,,9504.62,
17-07-2025,Sales,213,Customer 11,78426.98,,
17-07-2025,Sales,213,Sales - Local,,78426.98,
17-07-2025,Purchase,114,Purchases - Local,23629.31,,
17-07-2025,Purchase,114,Supplier 08,,23629.31,
17-07-2025,Sales,214,Cash,39248.64,,
17-07-2025,Sales,214,Sales - Local,,39248.64,
17-07-2025,Payment,187,Supplier 07,58050.60,,
17-07-2025,Payment,187,HDFC Bank Current A/c,,58050.60,
17-07-2025,Sales,215,Customer 05,31425.51,,
17-07-2025,Sales,215,Sales - Local,,31425.51,
18-07-2025,Payment,188,Staff Welfare,918.80,,
18-07-2025,Payment,188,Cash,,918.80,
18-07-2025,Purchase,115,Purchases - Local,60446.54,,
18-07-2025,Purchase,115,Supplier 04,,60446.54,
18-07-2025,Sales,216,Cash,21864.46,,
18-07-2025,Sales,216,Sales - Local,,21864.46,
18-07-2025,Sales,217,Customer 11,186104.77,,
18-07-2025,Sales,217,Sales - Local,,186104.77,
18-07-2025,Sales,218,Customer 10,21315.92,,
18-07-2025,Sales,218,Sales - Local,,21315.92,
18-07-2025,Sales,219,Customer 03,101289.53,,
18-07-2025,Sales,219,Sales - Local,,101289.53,
19-07-2025,Receipt,151,HDFC Bank Current A/c,29400.89,,
19-07-2025,Receipt,151,Customer 04,,29400.89,
19-07-2025,Sales,220,Customer 08,175280.19,,
19-07-2025,Sales,220,Sales - Local,,175280.19,
19-07-2025,Payment,189,Telephone Expenses,2473.19,,
19-07-2025,Payment,189,Cash,,2473.19,
19-07-2025,Sales,221,Customer 02,198862.31,,
19-07-2025,Sales,221,Sales - Local,,198862.31,
19-07-2025,Purchase,116,Purchases - Local,84267.88,,
19-07-2025,Purchase,116,Supplier 08,,84267.88,
19-07-2025,Payment,190,Conveyance,2339.18,,
19-07-2025,Payment,190,Cash,,2339.18,
20-07-2025,Receipt,152,Cash,1500.00,,
20-07-2025,Receipt,152,Loan from Ravi Mehta,,1500.00,
20-07-2025,Sales,222,Customer 08,29212.60,,
20-07-2025,Sales,222,Sales - Local,,29212.60,
20-07-2025,Sales,223,Cash,30122.54,,
20-07-2025,Sales,223,Sales - Local,,30122.54,
20-07-2025,Sales,224,Customer 07,98594.71,,
20-07-2025,Sales,224,Sales - Local,,98594.71,
20-07-2025,Receipt,153,HDFC Bank Current A/c,59450.72,,
20-07-2025,Receipt,153,Customer 02,,59450.72,
20-07-2025,Purchase,117,Purchases - Local,30727.91,,
20-07-2025,Purchase,117,Supplier 02,,30727.91,
20-07-2025,Sales,225,Cash,19380.04,,
20-07-2025,Sales,225,Sales - Local,,19380.04,
21-07-2025,Purchase,118,Purchases - Local,116089.38,,
21-07-2025,Purchase,118,Supplier 03,,116089.38,
21-07-2025,Sales,226,Customer 07,169124.89,,
21-07-2025,Sales,226,Sales - Local,,169124.89,
21-07-2025,Purchase,119,Purchases - Local,107035.24,,
21-07-2025,Purchase,119,Supplier 07,,107035.24,
21-07-2025,Payment,191,Printing & Stationery,3103.96,,
21-07-2025,Payment,191,Cash,,3103.96,
21-07-2025,Purchase,120,Purchases - Local,116266.53,,
21-07-2025,Purchase,120,Supplier 07,,116266.53,
21-07-2025,Receipt,154,Cash,4617.12,,
21-07-2025,Receipt,154,Customer 12,,4617.12,
22-07-2025,Payment,192,Supplier 05,46312.67,,
22-07-2025,Payment,192,HDFC Bank Current A/c,,46312.67,
22-07-2025,Sales,227,Cash,16620.49,,
22-07-2025,Sales,227,Sales - Local,,16620.49,
22-07-2025,Purchase,121,Purchases - Local,93418.85,,
22-07-2025,Purchase,121,Supplier 07,,93418.85,
22-07-2025,Purchase,122,Purchases - Local,15840.65,,
22-07-2025,Purchase,122,Supplier 03,,15840.65,
22-07-2025,Payment,193,Office Expenses,6657.34,,
22-07-2025,Payment,193,Cash,,6657.34,
22-07-2025,Sales,228,Customer 02,138642.74,,
22-07-2025,Sales,228,Sales - Local,,138642.74,
23-07-2025,Receipt,155,HDFC Bank Current A/c,29669.68,,
23-07-2025,Receipt,155,Customer 04,,29669.68,
23-07-2025,Sales,229,Cash,48495.03,,
23-07-2025,Sales,229,Sales - Local,,48495.03,
23-07-2025,Receipt,156,HDFC Bank Current A/c,156560.41,,
23-07-2025,Receipt,156,Customer 11,,156560.41,
23-07-2025,Receipt,157,HDFC Bank Current A/c,4007.08,,
23-07-2025,Receipt,157,Customer 06,,4007.08,
23-07-2025,Receipt,158,HDFC Bank Current A/c,28601.76,,
23-07-2025,Receipt,158,Customer 04,,28601.76,
23-07-2025,Purchase,123,Purchases - Local,93457.31,,
23-07-2025,Purchase,123,Supplier 01,,93457.31,
24-07-2025,Receipt,159,HDFC Bank Current A/c,348620.70,,
24-07-2025,Receipt,159,Customer 03,,348620.70,
24-07-2025,Payment,194,Conveyance,9836.51,,
24-07-2025,Payment,194,Cash,,9836.51,
24-07-2025,Sales,230,Cash,23766.11,,
24-07-2025,Sales,230,Sales - Local,,23766.11,
24-07-2025,Receipt,160,Cash,15514.85,,
24-07-2025,Receipt,160,Customer 11,,15514.85,
24-07-2025,Sales,231,Customer 04,103054.00,,
24-07-2025,Sales,231,Sales - Local,,103054.00,
25-07-2025,Purchase,124,Purchases - Local,107490.38,,
25-07-2025,Purchase,124,Supplier 04,,107490.38,
25-07-2025,Receipt,161,Cash,2791.80,,
25-07-2025,Receipt,161,Customer 09,,2791.80,
25-07-2025,Sales,232,Cash,25104.54,,
25-07-2025,Sales,232,Sales - Local,,25104.54,
25-07-2025,Sales,233,Customer 10,93528.83,,
25-07-2025,Sales,233,Sales - Local,,93528.83,
25-07-2025,Purchase,125,Purchases - Local,98312.79,,
25-07-2025,Purchase,125,Supplier 01,,98312.79,
25-07-2025,Payment,195,Conveyance,5920.51,,
25-07-2025,Payment,195,Cash,,5920.51,
26-07-2025,Sales,234,Customer 03,102627.59,,
26-07-2025,Sales,234,Sales - Local,,102627.59,
26-07-2025,Purchase,126,Purchases - Local,14782.83,,
26-07-2025,Purchase,126,Supplier 05,,14782.83,
26-07-2025,Sales,235,Cash,24767.14,,
26-07-2025,Sales,235,Sales - Local,,24767.14,
26-07-2025,Sales,236,Cash,9150.02,,
26-07-2025,Sales,236,Sales - Local,,9150.02,
26-07-2025,Payment,196,Bank Charges,50.03,,
26-07-2025,Payment,196,HDFC Bank Current A/c,,50.03,
26-07-2025,Receipt,162,HDFC Bank Current A/c,105230.35,,
26-07-2025,Receipt,162,Customer 12,,105230.35,
27-07-2025,Sales,237,Customer 12,88431.22,,
27-07-2025,Sales,237,Sales - Local,,88431.22,
27-07-2025,Sales,238,Cash,29433.35,,
27-07-2025,Sales,238,Sales - Local,,29433.35,
27-07-2025,Purchase,127,Purchases - Local,62343.54,,
27-07-2025,Purchase,127,Supplier 08,,62343.54,
27-07-2025,Payment,197,Supplier 03,65118.63,,
27-07-2025,Payment,197,HDFC Bank Current A/c,,65118.63,
27-07-2025,Receipt,163,HDFC Bank Current A/c,5774.66,,
27-07-2025,Receipt,163,Interest Received,,5774.66,
27-07-2025,Purchase,128,Purchases - Local,13430.90,,
27-07-2025,Purchase,128,Supplier 02,,13430.90,
28-07-2025,Receipt,164,Cash,2829.10,,
28-07-2025,Receipt,164,Customer 12,,2829.10,
28-07-2025,Sales,239,Customer 08,174464.17,,
28-07-2025,Sales,239,Sales - Local,,174464.17,
28-07-2025,Sales,240,Customer 02,24969.24,,
28-07-2025,Sales,240,Sales - Local,,24969.24,
28-07-2025,Receipt,165,HDFC Bank Current A/c,204970.32,,
28-07-2025,Receipt,165,Customer 02,,204970.32,
28-07-2025,Sales,241,Customer 08,106166.97,,
28-07-2025,Sales,241,Sales - Local,,106166.97,
29-07-2025,Sales,242,Customer 03,90323.02,,
29-07-2025,Sales,242,Sales - Local,,90323.02,
29-07-2025,Receipt,166,HDFC Bank Current A/c,43585.90,,
29-07-2025,Receipt,166,Customer 12,,43585.90,
29-07-2025,Sales,243,Customer 10,77136.45,,
29-07-2025,Sales,243,Sales - Local,,77136.45,
29-07-2025,Purchase,129,Purchases - Local,45604.76,,
29-07-2025,Purchase,129,Supplier 01,,45604.76,
29-07-2025,Receipt,167,HDFC Bank Current A/c,86420.28,,
29-07-2025,Receipt,167,Customer 04,,86420.28,
29-07-2025,Sales,244,Cash,41559.57,,
29-07-2025,Sales,244,Sales - Local,,41559.57,
30-07-2025,Payment,198,Loan from Ravi Mehta,2000.00,,
30-07-2025,Payment,198,Cash,,2000.00,
30-07-2025,Purchase,130,Purchases - Local,33380.36,,
30-07-2025,Purchase,130,Supplier 07,,33380.36,
30-07-2025,Purchase,131,Purchases - Local,56902.71,,
30-07-2025,Purchase,131,Supplier 07,,56902.71,
30-07-2025,Purchase,132,Purchases - Local,58556.64,,
30-07-2025,Purchase,132,Supplier 03,,58556.64,
30-07-2025,Sales,245,Customer 02,161127.19,,
30-07-2025,Sales,245,Sales - Local,,161127.19,
30-07-2025,Sales,246,Customer 06,91349.53,,
30-07-2025,Sales,246,Sales - Local,,91349.53,
30-07-2025,Sales,247,Customer 04,175763.22,,
30-07-2025,Sales,247,Sales - Local,,175763.22,
31-07-2025,Purchase,133,Purchases - Local,117387.24,,
31-07-2025,Purchase,133,Supplier 06,,117387.24,
31-07-2025,Purchase,134,Purchases - Local,19016.89,,
31-07-2025,Purchase,134,Supplier 03,,19016.89,
31-07-2025,Payment,199,Supplier 06,54447.28,,
31-07-2025,Payment,199,HDFC Bank Current A/c,,54447.28,
31-07-2025,Receipt,168,HDFC Bank Current A/c,165574.00,,
31-07-2025,Receipt,168,Customer 05,,165574.00,
31-07-2025,Receipt,169,HDFC Bank Current A/c,3204.85,,
31-07-2025,Receipt,169,Customer 01,,3204.85,
31-07-2025,Payment,200,Staff Welfare,9214.06,,
31-07-2025,Payment,200,Cash,,9214.06,
01-08-2025,Payment,201,Staff Welfare,9562.02,,
01-08-2025,Payment,201,Cash,,9562.02,
01-08-2025,Sales,248,Cash,20302.00,,
01-08-2025,Sales,248,Sales - Local,,20302.00,
01-08-2025,Receipt,170,HDFC Bank Current A/c,3493.57,,
01-08-2025,Receipt,170,Customer 09,,3493.57,
01-08-2025,Payment,202,Supplier 03,154333.57,,
01-08-2025,Payment,202,HDFC Bank Current A/c,,154333.57,
01-08-2025,Receipt,171,HDFC Bank Current A/c,292364.34,,
01-08-2025,Receipt,171,Customer 08,,292364.34,
01-08-2025,Receipt,172,HDFC Bank Current A/c,330216.75,,
01-08-2025,Receipt,172,Customer 07,,330216.75,
02-08-2025,Payment,203,Staff Welfare,7555.26,,
02-08-2025,Payment,203,Cash,,7555.26,
02-08-2025,Payment,204,Office Expenses,5926.30,,
02-08-2025,Payment,204,Cash,,5926.30,
02-08-2025,Sales,249,Customer 11,148083.04,,
02-08-2025,Sales,249,Sales - Local,,148083.04,
02-08-2025,Sales,250,Cash,3716.21,,
02-08-2025,Sales,250,Sales - Local,,3716.21,
02-08-2025,Sales,251,Customer 11,21807.97,,
02-08-2025,Sales,251,Sales - Local,,21807.97,
02-08-2025,Purchase,135,Purchases - Local,11175.58,,
02-08-2025,Purchase,135,Supplier 01,,11175.58,
03-08-2025,Receipt,173,HDFC Bank Current A/c,1239.57,,
03-08-2025,Receipt,173,Interest Received,,1239.57,
03-08-2025,Payment,205,Telephone Expenses,8725.68,,
03-08-2025,Payment,205,Cash,,8725.68,
03-08-2025,Purchase,136,Purchases - Local,48626.70,,
03-08-2025,Purchase,136,Supplier 04,,48626.70,
03-08-2025,Payment,206,Supplier 05,134950.71,,
03-08-2025,Payment,206,HDFC Bank Current A/c,,134950.71,
03-08-2025,Purchase,137,Purchases - Local,57652.83,,
03-08-2025,Purchase,137,Supplier 05,,57652.83,
03-08-2025,Payment,207,Conveyance,4533.51,,
03-08-2025,Payment,207,Cash,,4533.51,
04-08-2025,Payment,208,Telephone Expenses,6043.00,,
04-08-2025,Payment,208,Cash,,6043.00,
04-08-2025,Sales,252,Customer 09,70690.70,,
04-08-2025,Sales,252,Sales - Local,,70690.70,
04-08-2025,Receipt,174,Cash,713.01,,
04-08-2025,Receipt,174,Customer 07,,713.01,
04-08-2025,Payment,209,Bank Charges,76.34,,
04-08-2025,Payment,209,HDFC Bank Current A/c,,76.34,
04-08-2025,Receipt,175,HDFC Bank Current A/c,1015.21,,
04-08-2025,Receipt,175,Interest Received,,1015.21,
04-08-2025,Payment,210,Telephone Expenses,7932.53,,
04-08-2025,Payment,210,Cash,,7932.53,
05-08-2025,Payment,211,Supplier 03,45048.80,,
05-08-2025,Payment,211,HDFC Bank Current A/c,,45048.80,
05-08-2025,Sales,253,Customer 10,180089.36,,
05-08-2025,Sales,253,Sales - Local,,180089.36,
05-08-2025,Payment,212,Supplier 07,36702.49,,
05-08-2025,Payment,212,HDFC Bank Current A/c,,36702.49,
05-08-2025,Payment,213,Office Expenses,1172.26,,
05-08-2025,Payment,213,Cash,,1172.26,
05-08-2025,Payment,214,Printing & Stationery,1559.57,,
05-08-2025,Payment,214,Cash,,1559.57,
05-08-2025,Sales,254,Cash,41896.36,,
05-08-2025,Sales,254,Sales - Local,,41896.36,
06-08-2025,Sales,255,Cash,13389.15,,
06-08-2025,Sales,255,Sales - Local,,13389.15,
06-08-2025,Sales,256,Customer 02,74251.30,,
06-08-2025,Sales,256,Sales - Local,,74251.30,
06-08-2025,Payment,215,Conveyance,4870.90,,
06-08-2025,Payment,215,Cash,,4870.90,
06-08-2025,Sales,257,Customer 05,26738.97,,
06-08-2025,Sales,257,Sales - Local,,26738.97,
06-08-2025,Receipt,176,HDFC Bank Current A/c,39090.37,,
06-08-2025,Receipt,176,Customer 05,,39090.37,
06-08-2025,Receipt,177,HDFC Bank Current A/c,6845.18,,
06-08-2025,Receipt,177,Customer 04,,6845.18,
07-08-2025,Sales,258,Customer 01,60130.46,,
07-08-2025,Sales,258,Sales - Local,,60130.46,
07-08-2025,Payment,216,Conveyance,6332.16,,
07-08-2025,Payment,216,Cash,,6332.16,
07-08-2025,Receipt,178,Cash,13786.76,,
07-08-2025,Receipt,178,Customer 03,,13786.76,
07-08-2025,Payment,217,Bank Charges,144.46,,
07-08-2025,Payment,217,HDFC Bank Current A/c,,144.46,
07-08-2025,Purchase,138,Purchases - Local,38766.28,,
07-08-2025,Purchase,138,Supplier 04,,38766.28,
07-08-2025,Payment,218,Bank Charges,297.97,,
07-08-2025,Payment,218,HDFC Bank Current A/c,,297.97,
08-08-2025,Purchase,139,Purchases - Local,75665.19,,
08-08-2025,Purchase,139,Supplier 08,,75665.19,
08-08-2025,Sales,259,Customer 05,188698.18,,
08-08-2025,Sales,259,Sales - Local,,188698.18,
08-08-2025,Payment,219,Telephone Expenses,4841.59,,
08-08-2025,Payment,219,Cash,,4841.59,
08-08-2025,Payment,220,Supplier 07,247326.94,,
08-08-2025,Payment,220,HDFC Bank Current A/c,,247326.94,
08-08-2025,Purchase,140,Purchases - Local,78878.24,,
08-08-2025,Purchase,140,Supplier 08,,78878.24,
08-08-2025,Sales,260,Customer 03,157050.64,,
08-08-2025,Sales,260,Sales - Local,,157050.64,
09-08-2025,Payment,221,Loan from Vinod Shah,15000.00,,
09-08-2025,Payment,221,Cash,,15000.00,
09-08-2025,Purchase,141,Purchases - Local,109820.65,,
09-08-2025,Purchase,141,Supplier 06,,109820.65,
09-08-2025,Sales,261,Customer 03,190865.55,,
09-08-2025,Sales,261,Sales - Local,,190865.55,
09-08-2025,Sales,262,Customer 11,165253.94,,
09-08-2025,Sales,262,Sales - Local,,165253.94,
09-08-2025,Sales,263,Customer 02,145162.63,,
09-08-2025,Sales,263,Sales - Local,,145162.63,
09-08-2025,Receipt,179,HDFC Bank Current A/c,39665.86,,
09-08-2025,Receipt,179,Customer 11,,39665.86,
09-08-2025,Purchase,142,Purchases - Local,103662.97,,
09-08-2025,Purchase,142,Supplier 07,,103662.97,
10-08-2025,Payment,222,Conveyance,904.95,,
10-08-2025,Payment,222,Cash,,904.95,
10-08-2025,Sales,264,Customer 03,164264.61,,
10-08-2025,Sales,264,Sales - Local,,164264.61,
10-08-2025,Purchase,143,Purchases - Local,110843.02,,
10-08-2025,Purchase,143,Supplier 07,,110843.02,
10-08-2025,Receipt,180,HDFC Bank Current A/c,76642.97,,
10-08-2025,Receipt,180,Customer 06,,76642.97,
10-08-2025,Sales,265,Customer 09,155502.66,,
10-08-2025,Sales,265,Sales - Local,,155502.66,
10-08-2025,Payment,223,Printing & Stationery,1770.01,,
10-08-2025,Payment,223,Cash,,1770.01,
11-08-2025,Sales,266,Cash,22281.01,,
11-08-2025,Sales,266,Sales - Local,,22281.01,
11-08-2025,Receipt,181,Cash,13039.24,,
11-08-2025,Receipt,181,Customer 07,,13039.24,
11-08-2025,Sales,267,Customer 09,23837.04,,
11-08-2025,Sales,267,Sales - Local,,23837.04,
11-08-2025,Purchase,144,Purchases - Local,109722.29,,
11-08-2025,Purchase,144,Supplier 04,,109722.29,
11-08-2025,Receipt,182,HDFC Bank Current A/c,44110.00,,
11-08-2025,Receipt,182,Customer 05,,44110.00,
11-08-2025,Sales,268,Cash,16550.96,,
11-08-2025,Sales,268,Sales - Local,,16550.96,
12-08-2025,Payment,224,Supplier 04,111332.21,,
12-08-2025,Payment,224,HDFC Bank Current A/c,,111332.21,
12-08-2025,Payment,225,Printing & Stationery,7509.67,,
12-08-2025,Payment,225,Cash,,7509.67,
12-08-2025,Receipt,183,HDFC Bank Current A/c,101557.29,,
12-08-2025,Receipt,183,Customer 11,,101557.29,
12-08-2025,Payment,226,Conveyance,5949.23,,
12-08-2025,Payment,226,Cash,,5949.23,
12-08-2025,Sales,269,Customer 03,152629.86,,
12-08-2025,Sales,269,Sales - Local,,152629.86,
12-08-2025,Payment,227,Conveyance,1274.94,,
12-08-2025,Payment,227,Cash,,1274.94,
13-08-2025,Receipt,184,HDFC Bank Current A/c,107487.77,,
13-08-2025,Receipt,184,Customer 08,,107487.77,
13-08-2025,Sales,270,Customer 02,170072.73,,
13-08-2025,Sales,270,Sales - Local,,170072.73,
13-08-2025,Receipt,185,HDFC Bank Current A/c,568222.66,,
13-08-2025,Receipt,185,Customer 03,,568222.66,
13-08-2025,Payment,228,Supplier 06,19989.97,,
13-08-2025,Payment,228,HDFC Bank Current A/c,,19989.97,
13-08-2025,Sales,271,Cash,28959.64,,
13-08-2025,Sales,271,Sales - Local,,28959.64,
13-08-2025,Sales,272,Customer 08,11183.62,,
13-08-2025,Sales,272,Sales - Local,,11183.62,
14-08-2025,Payment,229,Loan from Sunil Patel,12000.00,,
14-08-2025,Payment,229,Cash,,12000.00,
14-08-2025,Payment,230,Rent,25000.00,,
14-08-2025,Payment,230,HDFC Bank Current A/c,,25000.00,
14-08-2025,Payment,231,Salary,54074.29,,
14-08-2025,Payment,231,HDFC Bank Current A/c,,54074.29,
14-08-2025,Payment,232,Electricity Charges,5112.02,,
14-08-2025,Payment,232,HDFC Bank Current A/c,,5112.02,
14-08-2025,Journal,6,Interest on Unsecured Loans,3000.00,,
14-08-2025,Journal,6,Unsecured Loan - Rajesh Kumar,,2700.00,
14-08-2025,Journal,6,TDS Payable,,300.00,
14-08-2025,Payment,233,TDS Payable,300.00,,
14-08-2025,Payment,233,HDFC Bank Current A/c,,300.00,
14-08-2025,Payment,234,Conveyance,5395.87,,
14-08-2025,Payment,234,Cash,,5395.87,
14-08-2025,Sales,273,Cash,5578.68,,
14-08-2025,Sales,273,Sales - Local,,5578.68,
14-08-2025,Purchase,145,Purchases - Local,23565.13,,
14-08-2025,Purchase,145,Supplier 08,,23565.13,
14-08-2025,Sales,274,Customer 06,141478.44,,
14-08-2025,Sales,274,Sales - Local,,141478.44,
14-08-2025,Receipt,186,HDFC Bank Current A/c,323384.25,,
14-08-2025,Receipt,186,Customer 09,,323384.25,
14-08-2025,Payment,235,Conveyance,218.08,,
14-08-2025,Payment,235,Cash,,218.08,
15-08-2025,Sales,275,Customer 12,154718.15,,
15-08-2025,Sales,275,Sales - Local,,154718.15,
15-08-2025,Sales,276,Cash,18270.24,,
15-08-2025,Sales,276,Sales - Local,,18270.24,
15-08-2025,Purchase,146,Purchases - Local,117487.81,,
15-08-2025,Purchase,146,Supplier 02,,117487.81,
15-08-2025,Receipt,187,HDFC Bank Current A/c,6344.67,,
15-08-2025,Receipt,187,Interest Received,,6344.67,
15-08-2025,Payment,236,Conveyance,2915.66,,
15-08-2025,Payment,236,Cash,,2915.66,
15-08-2025,Receipt,188,Cash,18621.05,,
15-08-2025,Receipt,188,Customer 09,,18621.05,
16-08-2025,Receipt,189,Cash,13700.08,,
16-08-2025,Receipt,189,Customer 10,,13700.08,
16-08-2025,Sales,277,Customer 08,134719.59,,
16-08-2025,Sales,277,Sales - Local,,134719.59,
16-08-2025,Receipt,190,Cash,2566.78,,
16-08-2025,Receipt,190,Customer 11,,2566.78,
16-08-2025,Sales,278,Customer 07,162759.55,,
16-08-2025,Sales,278,Sales - Local,,162759.55,
16-08-2025,Receipt,191,HDFC Bank Current A/c,22057.78,,
16-08-2025,Receipt,191,Customer 09,,22057.78,
16-08-2025,Payment,237,Office Expenses,9042.77,,
16-08-2025,Payment,237,Cash,,9042.77,
17-08-2025,Purchase,147,Purchases - Local,80992.78,,
17-08-2025,Purchase,147,Supplier 05,,80992.78,
17-08-2025,Purchase,148,Purchases - Local,94876.43,,
17-08-2025,Purchase,148,Supplier 05,,94876.43,
17-08-2025,Payment,238,Telephone Expenses,4338.16,,
17-08-2025,Payment,238,Cash,,4338.16,
17-08-2025,Sales,279,Customer 06,82237.73,,
17-08-2025,Sales,279,Sales - Local,,82237.73,
17-08-2025,Receipt,192,HDFC Bank Current A/c,386740.93,,
17-08-2025,Receipt,192,Customer 03,,386740.93,
17-08-2025,Sales,280,Cash,20594.77,,
17-08-2025,Sales,280,Sales - Local,,20594.77,
18-08-2025,Purchase,149,Purchases - Local,50387.76,,
18-08-2025,Purchase,149,Supplier 01,,50387.76,
18-08-2025,Receipt,193,HDFC Bank Current A/c,146019.83,,
18-08-2025,Receipt,193,Customer 06,,146019.83,
18-08-2025,Sales,281,Cash,24268.79,,
18-08-2025,Sales,281,Sales - Local,,24268.79,
18-08-2025,Sales,282,Customer 11,33453.06,,
18-08-2025,Sales,282,Sales - Local,,33453.06,
18-08-2025,Purchase,150,Purchases - Local,94316.36,,
18-08-2025,Purchase,150,Supplier 04,,94316.36,
18-08-2025,Purchase,151,Purchases - Local,117707.57,,
18-08-2025,Purchase,151,Supplier 05,,117707.57,
19-08-2025,Journal,7,Rent,30000.00,,
19-08-2025,Journal,7,Loan from Prakash Jain,,30000.00,
19-08-2025,Sales,283,Customer 05,179055.28,,
19-08-2025,Sales,283,Sales - Local,,179055.28,
19-08-2025,Receipt,194,Cash,18858.37,,
19-08-2025,Receipt,194,Customer 06,,18858.37,
19-08-2025,Purchase,152,Purchases - Local,22742.59,,
19-08-2025,Purchase,152,Supplier 01,,22742.59,
19-08-2025,Sales,284,Customer 05,130152.32,,
19-08-2025,Sales,284,Sales - Local,,130152.32,
19-08-2025,Purchase,153,Purchases - Local,108910.62,,
19-08-2025,Purchase,153,Supplier 01,,108910.62,
19-08-2025,Sales,285,Customer 08,159880.52,,
19-08-2025,Sales,285,Sales - Local,,159880.52,
20-08-2025,Payment,239,Supplier 03,9960.37,,
20-08-2025,Payment,239,HDFC Bank Current A/c,,9960.37,
20-08-2025,Receipt,195,HDFC Bank Current A/c,49264.96,,
20-08-2025,Receipt,195,Customer 06,,49264.96,
20-08-2025,Sales,286,Cash,35100.59,,
20-08-2025,Sales,286,Sales - Local,,35100.59,
20-08-2025,Payment,240,Supplier 07,373887.63,,
20-08-2025,Payment,240,HDFC Bank Current A/c,,373887.63,
20-08-2025,Payment,241,Supplier 06,84370.38,,
20-08-2025,Payment,241,HDFC Bank Current A/c,,84370.38,
20-08-2025,Sales,287,Customer 01,7519.99,,
20-08-2025,Sales,287,Sales - Local,,7519.99,
21-08-2025,Sales,288,Customer 07,13991.55,,
21-08-2025,Sales,288,Sales - Local,,13991.55,
21-08-2025,Purchase,154,Purchases - Local,116672.63,,
21-08-2025,Purchase,154,Supplier 02,,116672.63,
21-08-2025,Receipt,196,HDFC Bank Current A/c,430556.96,,
21-08-2025,Receipt,196,Customer 08,,430556.96,
21-08-2025,Payment,242,Conveyance,9491.55,,
21-08-2025,Payment,242,Cash,,9491.55,
21-08-2025,Payment,243,Bank Charges,477.85,,
21-08-2025,Payment,243,HDFC Bank Current A/c,,477.85,
21-08-2025,Sales,289,Customer 02,188611.41,,
21-08-2025,Sales,289,Sales - Local,,188611.41,
22-08-2025,Receipt,197,HDFC Bank Current A/c,65572.79,,
22-08-2025,Receipt,197,Customer 04,,65572.79,
22-08-2025,Sales,290,Customer 06,50265.34,,
22-08-2025,Sales,290,Sales - Local,,50265.34,
22-08-2025,Payment,244,Printing & Stationery,4516.86,,
22-08-2025,Payment,244,Cash,,4516.86,
22-08-2025,Purchase,155,Purchases - Local,76602.10,,
22-08-2025,Purchase,155,Supplier 07,,76602.10,
22-08-2025,Sales,291,Cash,9066.96,,
22-08-2025,Sales,291,Sales - Local,,9066.96,
22-08-2025,Purchase,156,Purchases - Local,111934.09,,
22-08-2025,Purchase,156,Supplier 06,,111934.09,
23-08-2025,Sales,292,Customer 04,22382.02,,
23-08-2025,Sales,292,Sales - Local,,22382.02,
23-08-2025,Receipt,198,HDFC Bank Current A/c,15976.49,,
23-08-2025,Receipt,198,Customer 03,,15976.49,
23-08-2025,Payment,245,Supplier 05,119651.13,,
23-08-2025,Payment,245,HDFC Bank Current A/c,,119651.13,
23-08-2025,Purchase,157,Purchases - Local,22864.58,,
23-08-2025,Purchase,157,Supplier 03,,22864.58,
23-08-2025,Payment,246,Supplier 01,18551.31,,
23-08-2025,Payment,246,HDFC Bank Current A/c,,18551.31,
23-08-2025,Sales,293,Customer 05,15968.21,,
23-08-2025,Sales,293,Sales - Local,,15968.21,
24-08-2025,Sales,294,Customer 12,125647.50,,
24-08-2025,Sales,294,Sales - Local,,125647.50,
24-08-2025,Sales,295,Customer 12,69178.74,,
24-08-2025,Sales,295,Sales - Local,,69178.74,
24-08-2025,Receipt,199,HDFC Bank Current A/c,5287.68,,
24-08-2025,Receipt,199,Customer 09,,5287.68,
24-08-2025,Sales,296,Customer 10,154785.74,,
24-08-2025,Sales,296,Sales - Local,,154785.74,
24-08-2025,Receipt,200,HDFC Bank Current A/c,6682.79,,
24-08-2025,Receipt,200,Customer 09,,6682.79,
24-08-2025,Payment,247,Staff Welfare,5728.64,,
24-08-2025,Payment,247,Cash,,5728.64,
25-08-2025,Receipt,201,HDFC Bank Current A/c,21936.62,,
25-08-2025,Receipt,201,Customer 06,,21936.62,
25-08-2025,Purchase,158,Purchases - Local,9997.23,,
25-08-2025,Purchase,158,Supplier 08,,9997.23,
25-08-2025,Purchase,159,Purchases - Local,6506.45,,
25-08-2025,Purchase,159,Supplier 01,,6506.45,
25-08-2025,Payment,248,Conveyance,9820.74,,
25-08-2025,Payment,248,Cash,,9820.74,
25-08-2025,Sales,297,Customer 01,8565.96,,
25-08-2025,Sales,297,Sales - Local,,8565.96,
25-08-2025,Sales,298,Customer 11,152558.92,,
25-08-2025,Sales,298,Sales - Local,,152558.92,
26-08-2025,Purchase,160,Purchases - Local,114031.91,,
26-08-2025,Purchase,160,Supplier 01,,114031.91,
26-08-2025,Sales,299,Cash,14169.35,,
26-08-2025,Sales,299,Sales - Local,,14169.35,
26-08-2025,Purchase,161,Purchases - Local,101548.92,,
26-08-2025,Purchase,161,Supplier 03,,101548.92,
26-08-2025,Sales,300,Customer 07,137351.93,,
26-08-2025,Sales,300,Sales - Local,,137351.93,
26-08-2025,Payment,249,Telephone Expenses,754.10,,
26-08-2025,Payment,249,Cash,,754.10,
26-08-2025,Receipt,202,HDFC Bank Current A/c,629912.06,,
26-08-2025,Receipt,202,Customer 07,,629912.06,
27-08-2025,Payment,250,Printing & Stationery,1778.95,,
27-08-2025,Payment,250,Cash,,1778.95,
27-08-2025,Payment,251,Supplier 04,129272.67,,
27-08-2025,Payment,251,HDFC Bank Current A/c,,129272.67,
27-08-2025,Purchase,162,Purchases - Local,56918.56,,
27-08-2025,Purchase,162,Supplier 02,,56918.56,
27-08-2025,Receipt,203,HDFC Bank Current A/c,13145.32,,
27-08-2025,Receipt,203,Customer 09,,13145.32,
27-08-2025,Receipt,204,HDFC Bank Current A/c,821852.25,,
27-08-2025,Receipt,204,Customer 10,,821852.25,
27-08-2025,Sales,301,Customer 01,133070.60,,
27-08-2025,Sales,301,Sales - Local,,133070.60,
28-08-2025,Sales,302,Cash,20678.07,,
28-08-2025,Sales,302,Sales - Local,,20678.07,
28-08-2025,Sales,303,Customer 07,80133.63,,
28-08-2025,Sales,303,Sales - Local,,80133.63,
28-08-2025,Receipt,205,HDFC Bank Current A/c,463807.48,,
28-08-2025,Receipt,205,Customer 11,,463807.48,
28-08-2025,Receipt,206,HDFC Bank Current A/c,74694.07,,
28-08-2025,Receipt,206,Customer 10,,74694.07,
28-08-2025,Purchase,163,Purchases - Local,53955.02,,
28-08-2025,Purchase,163,Supplier 05,,53955.02,
28-08-2025,Receipt,207,HDFC Bank Current A/c,2398.77,,
28-08-2025,Receipt,207,Customer 08,,2398.77,
29-08-2025,Sales,304,Om Sai Enterprises,300000.00,,
29-08-2025,Sales,304,Sales - Local,,300000.00,
29-08-2025,Sales,305,Sai Krupa Stores,250000.00,,
29-08-2025,Sales,305,Sales - Local,,250000.00,
29-08-2025,Sales,306,Patil Agro Industries,10000.00,,
29-08-2025,Sales,306,Sales - Local,,10000.00,
29-08-2025,Payment,252,Supplier 06,200153.52,,
29-08-2025,Payment,252,HDFC Bank Current A/c,,200153.52,
29-08-2025,Sales,307,Customer 06,63691.13,,
29-08-2025,Sales,307,Sales - Local,,63691.13,
29-08-2025,Sales,308,Cash,19316.73,,
29-08-2025,Sales,308,Sales - Local,,19316.73,
29-08-2025,Payment,253,Supplier 02,308961.98,,
29-08-2025,Payment,253,HDFC Bank Current A/c,,308961.98,
29-08-2025,Sales,309,Customer 01,99963.08,,
29-08-2025,Sales,309,Sales - Local,,99963.08,
29-08-2025,Sales,310,Cash,21760.18,,
29-08-2025,Sales,310,Sales - Local,,21760.18,
30-08-2025,Receipt,208,Cash,16344.74,,
30-08-2025,Receipt,208,Customer 02,,16344.74,
30-08-2025,Sales,311,Cash,37380.03,,
30-08-2025,Sales,311,Sales - Local,,37380.03,
30-08-2025,Sales,312,Customer 06,52487.37,,
30-08-2025,Sales,312,Sales - Local,,52487.37,
30-08-2025,Payment,254,Staff Welfare,3063.31,,
30-08-2025,Payment,254,Cash,,3063.31,
30-08-2025,Sales,313,Customer 02,138907.33,,
30-08-2025,Sales,313,Sales - Local,,138907.33,
30-08-2025,Purchase,164,Purchases - Local,114244.72,,
30-08-2025,Purchase,164,Supplier 03,,114244.72,
31-08-2025,Sales,314,Cash,30369.21,,
31-08-2025,Sales,314,Sales - Local,,30369.21,
31-08-2025,Sales,315,Cash,37669.21,,
31-08-2025,Sales,315,Sales - Local,,37669.21,
31-08-2025,Payment,255,Office Expenses,9956.07,,
31-08-2025,Payment,255,Cash,,9956.07,
31-08-2025,Sales,316,Customer 09,81224.62,,
31-08-2025,Sales,316,Sales - Local,,81224.62,
31-08-2025,Payment,256,Office Expenses,5832.17,,
31-08-2025,Payment,256,Cash,,5832.17,
31-08-2025,Sales,317,Customer 07,108819.00,,
31-08-2025,Sales,317,Sales - Local,,108819.00,
01-09-2025,Receipt,209,HDFC Bank Current A/c,7145.68,,
01-09-2025,Receipt,209,Customer 10,,7145.68,
01-09-2025,Receipt,210,HDFC Bank Current A/c,117197.99,,
01-09-2025,Receipt,210,Customer 09,,117197.99,
01-09-2025,Payment,257,Printing & Stationery,1932.12,,
01-09-2025,Payment,257,Cash,,1932.12,
01-09-2025,Purchase,165,Purchases - Local,77191.74,,
01-09-2025,Purchase,165,Supplier 07,,77191.74,
01-09-2025,Sales,318,Customer 12,14193.17,,
01-09-2025,Sales,318,Sales - Local,,14193.17,
01-09-2025,Receipt,211,HDFC Bank Current A/c,147313.50,,
01-09-2025,Receipt,211,Customer 05,,147313.50,
02-09-2025,Receipt,212,Cash,14310.36,,
02-09-2025,Receipt,212,Customer 06,,14310.36,
02-09-2025,Sales,319,Customer 07,29612.06,,
02-09-2025,Sales,319,Sales - Local,,29612.06,
02-09-2025,Payment,258,Supplier 01,24389.92,,
02-09-2025,Payment,258,HDFC Bank Current A/c,,24389.92,
02-09-2025,Sales,320,Customer 03,39253.59,,
02-09-2025,Sales,320,Sales - Local,,39253.59,
02-09-2025,Sales,321,Customer 04,114744.10,,
02-09-2025,Sales,321,Sales - Local,,114744.10,
02-09-2025,Purchase,166,Purchases - Local,29103.47,,
02-09-2025,Purchase,166,Supplier 02,,29103.47,
03-09-2025,Receipt,213,Cash,120000.00,,
03-09-2025,Receipt,213,Om Sai Enterprises,,120000.00,
03-09-2025,Receipt,214,Cash,90000.00,,
03-09-2025,Receipt,214,Om Sai Enterprises,,90000.00,
03-09-2025,Receipt,215,HDFC Bank Current A/c,25000.00,,
03-09-2025,Receipt,215,Patil Agro Industries,,25000.00,
03-09-2025,Receipt,216,HDFC Bank Current A/c,53557.61,,
03-09-2025,Receipt,216,Customer 09,,53557.61,
03-09-2025,Receipt,217,HDFC Bank Current A/c,372608.07,,
03-09-2025,Receipt,217,Customer 05,,372608.07,
03-09-2025,Sales,322,Customer 05,167839.00,,
03-09-2025,Sales,322,Sales - Local,,167839.00,
03-09-2025,Receipt,218,HDFC Bank Current A/c,149854.39,,
03-09-2025,Receipt,218,Customer 01,,149854.39,
03-09-2025,Receipt,219,Cash,12047.80,,
03-09-2025,Receipt,219,Customer 02,,12047.80,
03-09-2025,Payment,259,Supplier 01,474452.94,,
03-09-2025,Payment,259,HDFC Bank Current A/c,,474452.94,
04-09-2025,Receipt,220,Cash,199999.00,,
04-09-2025,Receipt,220,Sai Krupa Stores,,199999.00,
04-09-2025,Receipt,221,Cash,12159.77,,
04-09-2025,Receipt,221,Customer 06,,12159.77,
04-09-2025,Sales,323,Customer 03,123931.29,,
04-09-2025,Sales,323,Sales - Local,,123931.29,
04-09-2025,Sales,324,Customer 04,80992.43,,
04-09-2025,Sales,324,Sales - Local,,80992.43,
04-09-2025,Purchase,167,Purchases - Local,94425.88,,
04-09-2025,Purchase,167,Supplier 04,,94425.88,
04-09-2025,Sales,325,Customer 03,160389.87,,
04-09-2025,Sales,325,Sales - Local,,160389.87,
04-09-2025,Sales,326,Cash,49462.30,,
04-09-2025,Sales,326,Sales - Local,,49462.30,
05-09-2025,Receipt,222,HDFC Bank Current A/c,6721.37,,
05-09-2025,Receipt,222,Customer 10,,6721.37,
05-09-2025,Sales,327,Cash,36268.96,,
05-09-2025,Sales,327,Sales - Local,,36268.96,
05-09-2025,Sales,328,Customer 10,43150.63,,
05-09-2025,Sales,328,Sales - Local,,43150.63,
05-09-2025,Sales,329,Customer 12,12629.41,,
05-09-2025,Sales,329,Sales - Local,,12629.41,
05-09-2025,Payment,260,Conveyance,8228.54,,
05-09-2025,Payment,260,Cash,,8228.54,
05-09-2025,Payment,261,Printing & Stationery,7805.81,,
05-09-2025,Payment,261,Cash,,7805.81,
06-09-2025,Sales,330,Customer 04,40692.47,,
06-09-2025,Sales,330,Sales - Local,,40692.47,
06-09-2025,Payment,262,Supplier 05,117601.72,,
06-09-2025,Payment,262,HDFC Bank Current A/c,,117601.72,
06-09-2025,Payment,263,Supplier 05,48319.99,,
06-09-2025,Payment,263,HDFC Bank Current A/c,,48319.99,
06-09-2025,Purchase,168,Purchases - Local,48825.82,,
06-09-2025,Purchase,168,Supplier 04,,48825.82,
06-09-2025,Purchase,169,Purchases - Local,116994.19,,
06-09-2025,Purchase,169,Supplier 06,,116994.19,
06-09-2025,Purchase,170,Purchases - Local,92328.85,,
06-09-2025,Purchase,170,Supplier 04,,92328.85,
07-09-2025,Sales,331,Customer 06,127721.37,,
07-09-2025,Sales,331,Sales - Local,,127721.37,
07-09-2025,Receipt,223,HDFC Bank Current A/c,35277.72,,
07-09-2025,Receipt,223,Customer 10,,35277.72,
07-09-2025,Sales,332,Cash,37317.66,,
07-09-2025,Sales,332,Sales - Local,,37317.66,
07-09-2025,Payment,264,Supplier 01,88307.02,,
07-09-2025,Payment,264,HDFC Bank Current A/c,,88307.02,
07-09-2025,Purchase,171,Purchases - Local,62376.54,,
07-09-2025,Purchase,171,Supplier 03,,62376.54,
08-09-2025,Sales,333,Cash,250000.00,,
08-09-2025,Sales,333,Sales - Local,,250000.00,
08-09-2025,Payment,265,Purchases - Local,100000.00,,
08-09-2025,Payment,265,State Bank of India CC A/c,,100000.00,
08-09-2025,Journal,8,Office Expenses,1234.00,,
08-09-2025,Journal,8,Suspense A/c,,1234.00,
08-09-2025,Journal,9,Customer 06,1800.00,,
08-09-2025,Journal,9,GST Payable - Old,,1800.00,
08-09-2025,Payment,266,Laptop Purchase,65000.00,,
08-09-2025,Payment,266,HDFC Bank Current A/c,,65000.00,
08-09-2025,Sales,334,Customer 03,163613.82,,
08-09-2025,Sales,334,Sales - Local,,163613.82,
08-09-2025,Purchase,172,Purchases - Local,88816.71,,
08-09-2025,Purchase,172,Supplier 03,,88816.71,
08-09-2025,Sales,335,Customer 01,61876.20,,
08-09-2025,Sales,335,Sales - Local,,61876.20,
08-09-2025,Receipt,224,HDFC Bank Current A/c,77654.11,,
08-09-2025,Receipt,224,Customer 01,,77654.11,
08-09-2025,Payment,267,Staff Welfare,1461.77,,
08-09-2025,Payment,267,Cash,,1461.77,
08-09-2025,Payment,268,Supplier 08,127246.33,,
08-09-2025,Payment,268,HDFC Bank Current A/c,,127246.33,
09-09-2025,Sales,336,Cash,33130.59,,
09-09-2025,Sales,336,Sales - Local,,33130.59,
09-09-2025,Payment,269,Staff Welfare,235.12,,
09-09-2025,Payment,269,Cash,,235.12,
09-09-2025,Payment,270,Supplier 03,340948.43,,
09-09-2025,Payment,270,HDFC Bank Current A/c,,340948.43,
09-09-2025,Sales,337,Customer 08,109966.39,,
09-09-2025,Sales,337,Sales - Local,,109966.39,
09-09-2025,Payment,271,Office Expenses,1011.37,,
09-09-2025,Payment,271,Cash,,1011.37,
09-09-2025,Sales,338,Cash,49456.13,,
09-09-2025,Sales,338,Sales - Local,,49456.13,
10-09-2025,Sales,339,Cash,31212.19,,
10-09-2025,Sales,339,Sales - Local,,31212.19,
10-09-2025,Receipt,225,Cash,682.67,,
10-09-2025,Receipt,225,Customer 02,,682.67,
10-09-2025,Sales,340,Customer 05,191745.23,,
10-09-2025,Sales,340,Sales - Local,,191745.23,
10-09-2025,Receipt,226,Cash,5265.08,,
10-09-2025,Receipt,226,Customer 10,,5265.08,
10-09-2025,Receipt,227,HDFC Bank Current A/c,111012.48,,
10-09-2025,Receipt,227,Customer 03,,111012.48,
10-09-2025,Receipt,228,HDFC Bank Current A/c,28582.04,,
10-09-2025,Receipt,228,Customer 09,,28582.04,
11-09-2025,Receipt,229,HDFC Bank Current A/c,197311.17,,
11-09-2025,Receipt,229,Customer 12,,197311.17,
11-09-2025,Purchase,173,Purchases - Local,44665.01,,
11-09-2025,Purchase,173,Supplier 07,,44665.01,
11-09-2025,Receipt,230,HDFC Bank Current A/c,20151.62,,
11-09-2025,Receipt,230,Customer 08,,20151.62,
11-09-2025,Purchase,174,Purchases - Local,5153.13,,
11-09-2025,Purchase,174,Supplier 04,,5153.13,
11-09-2025,Receipt,231,HDFC Bank Current A/c,2776.07,,
11-09-2025,Receipt,231,Customer 09,,2776.07,
11-09-2025,Sales,341,Cash,40831.53,,
11-09-2025,Sales,341,Sales - Local,,40831.53,
12-09-2025,Sales,342,Customer 10,32601.93,,
12-09-2025,Sales,342,Sales - Local,,32601.93,
12-09-2025,Sales,343,Customer 11,173298.71,,
12-09-2025,Sales,343,Sales - Local,,173298.71,
12-09-2025,Receipt,232,HDFC Bank Current A/c,122689.08,,
12-09-2025,Receipt,232,Customer 02,,122689.08,
12-09-2025,Payment,272,Supplier 04,226408.36,,
12-09-2025,Payment,272,HDFC Bank Current A/c,,226408.36,
12-09-2025,Payment,273,Printing & Stationery,565.87,,
12-09-2025,Payment,273,Cash,,565.87,
12-09-2025,Payment,274,Supplier 04,146806.76,,
12-09-2025,Payment,274,HDFC Bank Current A/c,,146806.76,
13-09-2025,Payment,275,Rent,25000.00,,
13-09-2025,Payment,275,HDFC Bank Current A/c,,25000.00,
13-09-2025,Payment,276,Salary,43150.98,,
13-09-2025,Payment,276,HDFC Bank Current A/c,,43150.98,
13-09-2025,Payment,277,Electricity Charges,6142.45,,
13-09-2025,Payment,277,HDFC Bank Current A/c,,6142.45,
13-09-2025,Journal,10,Interest on Unsecured Loans,3000.00,,
13-09-2025,Journal,10,Unsecured Loan - Rajesh Kumar,,2700.00,
13-09-2025,Journal,10,TDS Payable,,300.00,
13-09-2025,Payment,278,TDS Payable,300.00,,
13-09-2025,Payment,278,HDFC Bank Current A/c,,300.00,
13-09-2025,Payment,279,Staff Welfare,1280.44,,
13-09-2025,Payment,279,Cash,,1280.44,
13-09-2025,Sales,344,Customer 08,180040.52,,
13-09-2025,Sales,344,Sales - Local,,180040.52,
13-09-2025,Receipt,233,Cash,12011.05,,
13-09-2025,Receipt,233,Customer 02,,12011.05,
13-09-2025,Sales,345,Cash,34721.55,,
13-09-2025,Sales,345,Sales - Local,,34721.55,
13-09-2025,Purchase,175,Purchases - Local,24297.86,,
13-09-2025,Purchase,175,Supplier 02,,24297.86,
13-09-2025,Purchase,176,Purchases - Local,30603.43,,
13-09-2025,Purchase,176,Supplier 02,,30603.43,
14-09-2025,Sales,346,Customer 12,48777.51,,
14-09-2025,Sales,346,Sales - Local,,48777.51,
14-09-2025,Sales,347,Customer 09,140033.61,,
14-09-2025,Sales,347,Sales - Local,,140033.61,
14-09-2025,Payment,280,Staff Welfare,9807.18,,
14-09-2025,Payment,280,Cash,,9807.18,
14-09-2025,Purchase,177,Purchases - Local,118947.73,,
14-09-2025,Purchase,177,Supplier 06,,118947.73,
14-09-2025,Purchase,178,Purchases - Local,21311.92,,
14-09-2025,Purchase,178,Supplier 06,,21311.92,
14-09-2025,Purchase,179,Purchases - Local,93572.83,,
14-09-2025,Purchase,179,Supplier 05,,93572.83,
15-09-2025,Payment,281,Supplier 06,21024.65,,
15-09-2025,Payment,281,HDFC Bank Current A/c,,21024.65,
15-09-2025,Purchase,180,Purchases - Local,10287.40,,
15-09-2025,Purchase,180,Supplier 01,,10287.40,
15-09-2025,Payment,282,Staff Welfare,8541.91,,
15-09-2025,Payment,282,Cash,,8541.91,
15-09-2025,Sales,348,Customer 09,6393.50,,
15-09-2025,Sales,348,Sales - Local,,6393.50,
15-09-2025,Receipt,234,Cash,6932.64,,
15-09-2025,Receipt,234,Customer 12,,6932.64,
15-09-2025,Sales,349,Cash,21331.84,,
15-09-2025,Sales,349,Sales - Local,,21331.84,
16-09-2025,Sales,350,Cash,49062.73,,
16-09-2025,Sales,350,Sales - Local,,49062.73,
16-09-2025,Sales,351,Customer 02,112169.88,,
16-09-2025,Sales,351,Sales - Local,,112169.88,
16-09-2025,Sales,352,Cash,20253.24,,
16-09-2025,Sales,352,Sales - Local,,20253.24,
16-09-2025,Payment,283,Supplier 08,239627.61,,
16-09-2025,Payment,283,HDFC Bank Current A/c,,239627.61,
16-09-2025,Sales,353,Customer 10,192289.25,,
16-09-2025,Sales,353,Sales - Local,,192289.25,
16-09-2025,Payment,284,Supplier 04,9026.93,,
16-09-2025,Payment,284,HDFC Bank Current A/c,,9026.93,
17-09-2025,Payment,285,Supplier 03,40251.92,,
17-09-2025,Payment,285,HDFC Bank Current A/c,,40251.92,
17-09-2025,Sales,354,Customer 11,170997.87,,
17-09-2025,Sales,354,Sales - Local,,170997.87,
17-09-2025,Payment,286,Office Expenses,5828.60,,
17-09-2025,Payment,286,Cash,,5828.60,
17-09-2025,Payment,287,Supplier 01,94431.55,,
17-09-2025,Payment,287,HDFC Bank Current A/c,,94431.55,
17-09-2025,Payment,288,Supplier 07,154049.73,,
17-09-2025,Payment,288,HDFC Bank Current A/c,,154049.73,
17-09-2025,Receipt,235,HDFC Bank Current A/c,44181.28,,
17-09-2025,Receipt,235,Customer 09,,44181.28,
18-09-2025,Sales,355,Customer 11,155757.13,,
18-09-2025,Sales,355,Sales - Local,,155757.13,
18-09-2025,Receipt,236,HDFC Bank Current A/c,428497.93,,
18-09-2025,Receipt,236,Customer 02,,428497.93,
18-09-2025,Receipt,237,HDFC Bank Current A/c,60412.23,,
18-09-2025,Receipt,237,Customer 07,,60412.23,
18-09-2025,Receipt,238,HDFC Bank Current A/c,198031.02,,
18-09-2025,Receipt,238,Customer 06,,198031.02,
18-09-2025,Payment,289,Conveyance,1735.81,,
18-09-2025,Payment,289,Cash,,1735.81,
18-09-2025,Payment,290,Telephone Expenses,8989.69,,
18-09-2025,Payment,290,Cash,,8989.69,
18-09-2025,Contra,1,HDFC Bank Current A/c,3861849.73,,
18-09-2025,Contra,1,Cash,,3861849.73,
19-09-2025,Contra,2,Cash,60000.00,,
19-09-2025,Contra,2,HDFC Bank Current A/c,,60000.00,
19-09-2025,Receipt,239,Cash,1584.05,,
19-09-2025,Receipt,239,Customer 08,,1584.05,
19-09-2025,Payment,291,Conveyance,8916.77,,
19-09-2025,Payment,291,Cash,,8916.77,
19-09-2025,Receipt,240,HDFC Bank Current A/c,343368.96,,
19-09-2025,Receipt,240,Customer 04,,343368.96,
19-09-2025,Sales,356,Customer 12,150052.30,,
19-09-2025,Sales,356,Sales - Local,,150052.30,
19-09-2025,Purchase,181,Purchases - Local,64841.80,,
19-09-2025,Purchase,181,Supplier 08,,64841.80,
19-09-2025,Receipt,241,HDFC Bank Current A/c,42397.03,,
19-09-2025,Receipt,241,Customer 10,,42397.03,
20-09-2025,Sales,357,Customer 07,10357.93,,
20-09-2025,Sales,357,Sales - Local,,10357.93,
20-09-2025,Purchase,182,Purchases - Local,100222.02,,
20-09-2025,Purchase,182,Supplier 01,,100222.02,
20-09-2025,Sales,358,Cash,20740.39,,
20-09-2025,Sales,358,Sales - Local,,20740.39,
20-09-2025,Purchase,183,Purchases - Local,62811.56,,
20-09-2025,Purchase,183,Supplier 02,,62811.56,
20-09-2025,Payment,292,Telephone Expenses,6533.00,,
20-09-2025,Payment,292,Cash,,6533.00,
20-09-2025,Purchase,184,Purchases - Local,25866.42,,
20-09-2025,Purchase,184,Supplier 08,,25866.42,
21-09-2025,Sales,359,Cash,9967.16,,
21-09-2025,Sales,359,Sales - Local,,9967.16,
21-09-2025,Payment,293,Conveyance,2637.55,,
21-09-2025,Payment,293,Cash,,2637.55,
21-09-2025,Purchase,185,Purchases - Local,85107.14,,
21-09-2025,Purchase,185,Supplier 08,,85107.14,
21-09-2025,Payment,294,Supplier 05,62670.71,,
21-09-2025,Payment,294,HDFC Bank Current A/c,,62670.71,
21-09-2025,Purchase,186,Purchases - Local,81929.43,,
21-09-2025,Purchase,186,Supplier 08,,81929.43,
21-09-2025,Purchase,187,Purchases - Local,36421.17,,
21-09-2025,Purchase,187,Supplier 04,,36421.17,
22-09-2025,Sales,360,Cash,4674.21,,
22-09-2025,Sales,360,Sales - Local,,4674.21,
22-09-2025,Payment,295,Printing & Stationery,6326.59,,
22-09-2025,Payment,295,Cash,,6326.59,
22-09-2025,Purchase,188,Purchases - Local,7976.42,,
22-09-2025,Purchase,188,Supplier 08,,7976.42,
22-09-2025,Receipt,242,HDFC Bank Current A/c,251906.68,,
22-09-2025,Receipt,242,Customer 11,,251906.68,
22-09-2025,Payment,296,Supplier 08,130855.91,,
22-09-2025,Payment,296,HDFC Bank Current A/c,,130855.91,
22-09-2025,Payment,297,Supplier 02,188671.97,,
22-09-2025,Payment,297,HDFC Bank Current A/c,,188671.97,
23-09-2025,Purchase,189,Purchases - Local,10084.29,,
23-09-2025,Purchase,189,Supplier 02,,10084.29,
23-09-2025,Payment,298,Printing & Stationery,2374.70,,
23-09-2025,Payment,298,Cash,,2374.70,
23-09-2025,Purchase,190,Purchases - Local,52307.32,,
23-09-2025,Purchase,190,Supplier 05,,52307.32,
23-09-2025,Sales,361,Customer 11,130792.60,,
23-09-2025,Sales,361,Sales - Local,,130792.60,
23-09-2025,Payment,299,Staff Welfare,8462.71,,
23-09-2025,Payment,299,Cash,,8462.71,
23-09-2025,Sales,362,Customer 09,139405.17,,
23-09-2025,Sales,362,Sales - Local,,139405.17,
24-09-2025,Purchase,191,Purchases - Local,65561.90,,
24-09-2025,Purchase,191,Supplier 06,,65561.90,
24-09-2025,Receipt,243,HDFC Bank Current A/c,267234.05,,
24-09-2025,Receipt,243,Customer 02,,267234.05,
24-09-2025,Payment,300,Supplier 02,1238.81,,
24-09-2025,Payment,300,HDFC Bank Current A/c,,1238.81,
24-09-2025,Sales,363,Customer 10,101279.54,,
24-09-2025,Sales,363,Sales - Local,,101279.54,
24-09-2025,Purchase,192,Purchases - Local,43046.82,,
24-09-2025,Purchase,192,Supplier 02,,43046.82,
24-09-2025,Sales,364,Cash,9957.29,,
24-09-2025,Sales,364,Sales - Local,,9957.29,
25-09-2025,Purchase,193,Purchases - Local,94858.31,,
25-09-2025,Purchase,193,Supplier 02,,94858.31,
25-09-2025,Payment,301,Staff Welfare,7981.39,,
25-09-2025,Payment,301,Cash,,7981.39,
25-09-2025,Receipt,244,HDFC Bank Current A/c,33923.44,,
25-09-2025,Receipt,244,Customer 09,,33923.44,
25-09-2025,Purchase,194,Purchases - Local,67266.91,,
25-09-2025,Purchase,194,Supplier 04,,67266.91,
25-09-2025,Sales,365,Customer 05,114424.32,,
25-09-2025,Sales,365,Sales - Local,,114424.32,
25-09-2025,Receipt,245,Cash,17143.57,,
25-09-2025,Receipt,245,Customer 08,,17143.57,
26-09-2025,Payment,302,Supplier 04,38325.96,,
26-09-2025,Payment,302,HDFC Bank Current A/c,,38325.96,
26-09-2025,Receipt,246,HDFC Bank Current A/c,26252.08,,
26-09-2025,Receipt,246,Customer 06,,26252.08,
26-09-2025,Sales,366,Customer 11,88308.55,,
26-09-2025,Sales,366,Sales - Local,,88308.55,
26-09-2025,Payment,303,Supplier 02,22941.41,,
26-09-2025,Payment,303,HDFC Bank Current A/c,,22941.41,
26-09-2025,Purchase,195,Purchases - Local,119710.05,,
26-09-2025,Purchase,195,Supplier 05,,119710.05,
26-09-2025,Receipt,247,HDFC Bank Current A/c,414797.47,,
26-09-2025,Receipt,247,Customer 11,,414797.47,
27-09-2025,Sales,367,Customer 06,16964.26,,
27-09-2025,Sales,367,Sales - Local,,16964.26,
27-09-2025,Sales,368,Customer 07,161698.90,,
27-09-2025,Sales,368,Sales - Local,,161698.90,
27-09-2025,Payment,304,Bank Charges,448.78,,
27-09-2025,Payment,304,HDFC Bank Current A/c,,448.78,
27-09-2025,Purchase,196,Purchases - Local,47322.97,,
27-09-2025,Purchase,196,Supplier 04,,47322.97,
27-09-2025,Sales,369,Customer 05,87009.28,,
27-09-2025,Sales,369,Sales - Local,,87009.28,
27-09-2025,Sales,370,Customer 04,16423.07,,
27-09-2025,Sales,370,Sales - Local,,16423.07,
28-09-2025,Sales,371,Cash,9724.90,,
28-09-2025,Sales,371,Sales - Local,,9724.90,
28-09-2025,Payment,305,Supplier 08,248706.23,,
28-09-2025,Payment,305,HDFC Bank Current A/c,,248706.23,
28-09-2025,Sales,372,Cash,4737.54,,
28-09-2025,Sales,372,Sales - Local,,4737.54,
28-09-2025,Sales,373,Cash,7835.42,,
28-09-2025,Sales,373,Sales - Local,,7835.42,
28-09-2025,Receipt,248,HDFC Bank Current A/c,45089.85,,
28-09-2025,Receipt,248,Customer 06,,45089.85,
28-09-2025,Sales,374,Cash,28472.53,,
28-09-2025,Sales,374,Sales - Local,,28472.53,
29-09-2025,Receipt,249,HDFC Bank Current A/c,20966.87,,
29-09-2025,Receipt,249,Customer 06,,20966.87,
29-09-2025,Sales,375,Customer 05,77355.11,,
29-09-2025,Sales,375,Sales - Local,,77355.11,
29-09-2025,Receipt,250,HDFC Bank Current A/c,11676.77,,
29-09-2025,Receipt,250,Customer 11,,11676.77,
29-09-2025,Sales,376,Customer 08,16089.70,,
29-09-2025,Sales,376,Sales - Local,,16089.70,
29-09-2025,Sales,377,Customer 06,31841.10,,
29-09-2025,Sales,377,Sales - Local,,31841.10,
29-09-2025,Sales,378,Cash,25537.90,,
29-09-2025,Sales,378,Sales - Local,,25537.90,
30-09-2025,Receipt,251,HDFC Bank Current A/c,14528.28,,
30-09-2025,Receipt,251,Customer 01,,14528.28,
30-09-2025,Purchase,197,Purchases - Local,94895.41,,
30-09-2025,Purchase,197,Supplier 05,,94895.41,
30-09-2025,Purchase,198,Purchases - Local,52731.00,,
30-09-2025,Purchase,198,Supplier 05,,52731.00,
30-09-2025,Sales,379,Customer 09,46295.72,,
30-09-2025,Sales,379,Sales - Local,,46295.72,
30-09-2025,Sales,380,Cash,13335.04,,
30-09-2025,Sales,380,Sales - Local,,13335.04,
30-09-2025,Payment,306,Staff Welfare,8684.34,,
30-09-2025,Payment,306,Cash,,8684.34,
01-10-2025,Receipt,252,HDFC Bank Current A/c,36653.38,,
01-10-2025,Receipt,252,Customer 10,,36653.38,
01-10-2025,Payment,307,Bank Charges,275.80,,
01-10-2025,Payment,307,HDFC Bank Current A/c,,275.80,
01-10-2025,Sales,381,Customer 03,63525.46,,
01-10-2025,Sales,381,Sales - Local,,63525.46,
01-10-2025,Purchase,199,Purchases - Local,34967.52,,
01-10-2025,Purchase,199,Supplier 04,,34967.52,
01-10-2025,Payment,308,Supplier 03,8213.62,,
01-10-2025,Payment,308,HDFC Bank Current A/c,,8213.62,
01-10-2025,Sales,382,Customer 07,144671.96,,
01-10-2025,Sales,382,Sales - Local,,144671.96,
02-10-2025,Receipt,253,Cash,16958.57,,
02-10-2025,Receipt,253,Customer 09,,16958.57,
02-10-2025,Receipt,254,Cash,14696.52,,
02-10-2025,Receipt,254,Customer 05,,14696.52,
02-10-2025,Receipt,255,HDFC Bank Current A/c,32613.03,,
02-10-2025,Receipt,255,Customer 06,,32613.03,
02-10-2025,Sales,383,Cash,20901.91,,
02-10-2025,Sales,383,Sales - Local,,20901.91,
02-10-2025,Payment,309,Supplier 05,68307.92,,
02-10-2025,Payment,309,HDFC Bank Current A/c,,68307.92,
02-10-2025,Purchase,200,Purchases - Local,116272.52,,
02-10-2025,Purchase,200,Supplier 04,,116272.52,
03-10-2025,Sales,384,Customer 10,108715.92,,
03-10-2025,Sales,384,Sales - Local,,108715.92,
03-10-2025,Purchase,201,Purchases - Local,97349.67,,
03-10-2025,Purchase,201,Supplier 01,,97349.67,
03-10-2025,Sales,385,Customer 04,169178.15,,
03-10-2025,Sales,385,Sales - Local,,169178.15,
03-10-2025,Payment,310,Supplier 01,312312.14,,
03-10-2025,Payment,310,HDFC Bank Current A/c,,312312.14,
03-10-2025,Receipt,256,HDFC Bank Current A/c,248375.83,,
03-10-2025,Receipt,256,Customer 12,,248375.83,
03-10-2025,Payment,311,Supplier 05,306549.54,,
03-10-2025,Payment,311,HDFC Bank Current A/c,,306549.54,
04-10-2025,Sales,386,Customer 06,90482.21,,
04-10-2025,Sales,386,Sales - Local,,90482.21,
04-10-2025,Payment,312,Printing & Stationery,324.22,,
04-10-2025,Payment,312,Cash,,324.22,
04-10-2025,Sales,387,Customer 04,29210.11,,
04-10-2025,Sales,387,Sales - Local,,29210.11,
04-10-2025,Sales,388,Customer 05,101681.84,,
04-10-2025,Sales,388,Sales - Local,,101681.84,
04-10-2025,Payment,313,Supplier 06,208472.11,,
04-10-2025,Payment,313,HDFC Bank Current A/c,,208472.11,
04-10-2025,Payment,314,Bank Charges,160.80,,
04-10-2025,Payment,314,HDFC Bank Current A/c,,160.80,
05-10-2025,Purchase,202,Purchases - Local,90753.03,,
05-10-2025,Purchase,202,Supplier 05,,90753.03,
05-10-2025,Receipt,257,HDFC Bank Current A/c,580106.51,,
05-10-2025,Receipt,257,Customer 05,,580106.51,
05-10-2025,Payment,315,Supplier 04,84144.58,,
05-10-2025,Payment,315,HDFC Bank Current A/c,,84144.58,
05-10-2025,Payment,316,Supplier 01,8772.16,,
05-10-2025,Payment,316,HDFC Bank Current A/c,,8772.16,
05-10-2025,Receipt,258,HDFC Bank Current A/c,19744.82,,
05-10-2025,Receipt,258,Customer 02,,19744.82,
05-10-2025,Sales,389,Cash,44766.43,,
05-10-2025,Sales,389,Sales - Local,,44766.43,
06-10-2025,Sales,390,Customer 09,141486.79,,
06-10-2025,Sales,390,Sales - Local,,141486.79,
06-10-2025,Sales,391,Customer 01,9093.47,,
06-10-2025,Sales,391,Sales - Local,,9093.47,
06-10-2025,Payment,317,Bank Charges,254.71,,
06-10-2025,Payment,317,HDFC Bank Current A/c,,254.71,
06-10-2025,Payment,318,Supplier 04,85974.40,,
06-10-2025,Payment,318,HDFC Bank Current A/c,,85974.40,
06-10-2025,Sales,392,Customer 01,70878.35,,
06-10-2025,Sales,392,Sales - Local,,70878.35,
06-10-2025,Purchase,203,Purchases - Local,74098.87,,
06-10-2025,Purchase,203,Supplier 01,,74098.87,
07-10-2025,Receipt,259,HDFC Bank Current A/c,13139.36,,
07-10-2025,Receipt,259,Customer 07,,13139.36,
07-10-2025,Sales,393,Cash,11840.40,,
07-10-2025,Sales,393,Sales - Local,,11840.40,
07-10-2025,Payment,319,Supplier 04,9838.94,,
07-10-2025,Payment,319,HDFC Bank Current A/c,,9838.94,
07-10-2025,Payment,320,Supplier 03,3781.37,,
07-10-2025,Payment,320,HDFC Bank Current A/c,,3781.37,
07-10-2025,Payment,321,Supplier 08,8094.02,,
07-10-2025,Payment,321,HDFC Bank Current A/c,,8094.02,
07-10-2025,Sales,394,Customer 05,47190.86,,
07-10-2025,Sales,394,Sales - Local,,47190.86,
08-10-2025,Payment,322,Furniture & Fixtures,18000.00,,
08-10-2025,Payment,322,Cash,,18000.00,
08-10-2025,Payment,323,Office Expenses,7543.89,,
08-10-2025,Payment,323,Cash,,7543.89,
08-10-2025,Payment,324,Supplier 06,119595.64,,
08-10-2025,Payment,324,HDFC Bank Current A/c,,119595.64,
08-10-2025,Receipt,260,HDFC Bank Current A/c,195640.80,,
08-10-2025,Receipt,260,Customer 05,,195640.80,
08-10-2025,Sales,395,Customer 10,61366.22,,
08-10-2025,Sales,395,Sales - Local,,61366.22,
08-10-2025,Sales,396,Customer 12,55781.95,,
08-10-2025,Sales,396,Sales - Local,,55781.95,
09-10-2025,Receipt,261,HDFC Bank Current A/c,50171.94,,
09-10-2025,Receipt,261,Customer 06,,50171.94,
09-10-2025,Payment,325,Supplier 08,1161.42,,
09-10-2025,Payment,325,HDFC Bank Current A/c,,1161.42,
09-10-2025,Payment,326,Printing & Stationery,5877.76,,
09-10-2025,Payment,326,Cash,,5877.76,
09-10-2025,Purchase,204,Purchases - Local,65698.83,,
09-10-2025,Purchase,204,Supplier 08,,65698.83,
09-10-2025,Payment,327,Telephone Expenses,5349.02,,
09-10-2025,Payment,327,Cash,,5349.02,
09-10-2025,Purchase,205,Purchases - Local,64478.19,,
09-10-2025,Purchase,205,Supplier 03,,64478.19,
10-10-2025,Receipt,262,HDFC Bank Current A/c,75748.67,,
10-10-2025,Receipt,262,Customer 01,,75748.67,
10-10-2025,Receipt,263,HDFC Bank Current A/c,130911.59,,
10-10-2025,Receipt,263,Customer 01,,130911.59,
10-10-2025,Payment,328,Telephone Expenses,600.12,,
10-10-2025,Payment,328,Cash,,600.12,
10-10-2025,Payment,329,Office Expenses,403.81,,
10-10-2025,Payment,329,Cash,,403.81,
10-10-2025,Sales,397,Customer 02,165104.44,,
10-10-2025,Sales,397,Sales - Local,,165104.44,
10-10-2025,Payment,330,Conveyance,877.99,,
10-10-2025,Payment,330,Cash,,877.99,
11-10-2025,Receipt,264,HDFC Bank Current A/c,403753.51,,
11-10-2025,Receipt,264,Customer 03,,403753.51,
11-10-2025,Receipt,265,HDFC Bank Current A/c,70885.26,,
11-10-2025,Receipt,265,Customer 04,,70885.26,
11-10-2025,Purchase,206,Purchases - Local,89321.17,,
11-10-2025,Purchase,206,Supplier 06,,89321.17,
11-10-2025,Receipt,266,HDFC Bank Current A/c,4489.03,,
11-10-2025,Receipt,266,Interest Received,,4489.03,
11-10-2025,Sales,398,Cash,47358.80,,
11-10-2025,Sales,398,Sales - Local,,47358.80,
11-10-2025,Payment,331,Supplier 06,106395.63,,
11-10-2025,Payment,331,HDFC Bank Current A/c,,106395.63,
12-10-2025,Sales,399,Customer 10,11954.93,,
12-10-2025,Sales,399,Sales - Local,,11954.93,
12-10-2025,Sales,400,Cash,3540.17,,
12-10-2025,Sales,400,Sales - Local,,3540.17,
12-10-2025,Sales,401,Cash,31382.52,,
12-10-2025,Sales,401,Sales - Local,,31382.52,
12-10-2025,Receipt,267,HDFC Bank Current A/c,371735.63,,
12-10-2025,Receipt,267,Customer 07,,371735.63,
12-10-2025,Receipt,268,HDFC Bank Current A/c,7078.54,,
12-10-2025,Receipt,268,Customer 10,,7078.54,
12-10-2025,Sales,402,Cash,32087.14,,
12-10-2025,Sales,402,Sales - Local,,32087.14,
13-10-2025,Payment,332,Rent,25000.00,,
13-10-2025,Payment,332,HDFC Bank Current A/c,,25000.00,
13-10-2025,Payment,333,Salary,50274.75,,
13-10-2025,Payment,333,HDFC Bank Current A/c,,50274.75,
13-10-2025,Payment,334,Electricity Charges,4374.77,,
13-10-2025,Payment,334,HDFC Bank Current A/c,,4374.77,
13-10-2025,Journal,11,Interest on Unsecured Loans,3000.00,,
13-10-2025,Journal,11,Unsecured Loan - Rajesh Kumar,,2700.00,
13-10-2025,Journal,11,TDS Payable,,300.00,
13-10-2025,Payment,335,TDS Payable,300.00,,
13-10-2025,Payment,335,HDFC Bank Current A/c,,300.00,
13-10-2025,Payment,336,Supplier 06,3006.42,,
13-10-2025,Payment,336,HDFC Bank Current A/c,,3006.42,
13-10-2025,Sales,403,Cash,13577.15,,
13-10-2025,Sales,403,Sales - Local,,13577.15,
13-10-2025,Payment,337,Printing & Stationery,4178.46,,
13-10-2025,Payment,337,Cash,,4178.46,
13-10-2025,Payment,338,Telephone Expenses,5795.09,,
13-10-2025,Payment,338,Cash,,5795.09,
13-10-2025,Sales,404,Cash,47827.38,,
13-10-2025,Sales,404,Sales - Local,,47827.38,
13-10-2025,Receipt,269,HDFC Bank Current A/c,4987.18,,
13-10-2025,Receipt,269,Interest Received,,4987.18,
14-10-2025,Sales,405,Customer 04,91306.10,,
14-10-2025,Sales,405,Sales - Local,,91306.10,
14-10-2025,Purchase,207,Purchases - Local,59954.45,,
14-10-2025,Purchase,207,Supplier 04,,59954.45,
14-10-2025,Payment,339,Supplier 06,1196.56,,
14-10-2025,Payment,339,HDFC Bank Current A/c,,1196.56,
14-10-2025,Payment,340,Supplier 08,48617.09,,
14-10-2025,Payment,340,HDFC Bank Current A/c,,48617.09,
14-10-2025,Sales,406,Customer 01,178675.49,,
14-10-2025,Sales,406,Sales - Local,,178675.49,
14-10-2025,Purchase,208,Purchases - Local,23298.70,,
14-10-2025,Purchase,208,Supplier 02,,23298.70,
15-10-2025,Payment,341,Staff Welfare,9651.05,,
15-10-2025,Payment,341,Cash,,9651.05,
15-10-2025,Sales,407,Customer 06,77665.99,,
15-10-2025,Sales,407,Sales - Local,,77665.99,
15-10-2025,Payment,342,Supplier 03,52910.66,,
15-10-2025,Payment,342,HDFC Bank Current A/c,,52910.66,
15-10-2025,Purchase,209,Purchases - Local,56527.14,,
15-10-2025,Purchase,209,Supplier 04,,56527.14,
15-10-2025,Sales,408,Customer 11,14813.88,,
15-10-2025,Sales,408,Sales - Local,,14813.88,
15-10-2025,Sales,409,Customer 06,71474.80,,
15-10-2025,Sales,409,Sales - Local,,71474.80,
16-10-2025,Payment,343,Supplier 03,5521.85,,
16-10-2025,Payment,343,HDFC Bank Current A/c,,5521.85,
16-10-2025,Payment,344,Staff Welfare,1692.85,,
16-10-2025,Payment,344,Cash,,1692.85,
16-10-2025,Sales,410,Cash,25893.99,,
16-10-2025,Sales,410,Sales - Local,,25893.99,
16-10-2025,Payment,345,Conveyance,3805.40,,
16-10-2025,Payment,345,Cash,,3805.40,
16-10-2025,Payment,346,Conveyance,7465.04,,
16-10-2025,Payment,346,Cash,,7465.04,
16-10-2025,Receipt,270,Cash,12995.05,,
16-10-2025,Receipt,270,Customer 07,,12995.05,
17-10-2025,Payment,347,Printing & Stationery,7165.55,,
17-10-2025,Payment,347,Cash,,7165.55,
17-10-2025,Receipt,271,HDFC Bank Current A/c,17979.13,,
17-10-2025,Receipt,271,Customer 11,,17979.13,
17-10-2025,Sales,411,Cash,11115.78,,
17-10-2025,Sales,411,Sales - Local,,11115.78,
17-10-2025,Payment,348,Supplier 07,22995.73,,
17-10-2025,Payment,348,HDFC Bank Current A/c,,22995.73,
17-10-2025,Payment,349,Conveyance,6260.85,,
17-10-2025,Payment,349,Cash,,6260.85,
17-10-2025,Payment,350,Printing & Stationery,5332.39,,
17-10-2025,Payment,350,Cash,,5332.39,
18-10-2025,Payment,351,Loan from Suresh Kumar,25000.00,,
18-10-2025,Payment,351,Cash,,25000.00,
18-10-2025,Sales,412,Customer 07,47123.45,,
18-10-2025,Sales,412,Sales - Local,,47123.45,
18-10-2025,Sales,413,Customer 07,47123.45,,
18-10-2025,Sales,413,Sales - Local,,47123.45,
18-10-2025,Sales,414,Cash,37240.66,,
18-10-2025,Sales,414,Sales - Local,,37240.66,
18-10-2025,Sales,415,Cash,22332.07,,
18-10-2025,Sales,415,Sales - Local,,22332.07,
18-10-2025,Sales,416,Cash,39817.69,,
18-10-2025,Sales,416,Sales - Local,,39817.69,
18-10-2025,Sales,417,Customer 06,175121.97,,
18-10-2025,Sales,417,Sales - Local,,175121.97,
18-10-2025,Sales,418,Customer 01,179984.63,,
18-10-2025,Sales,418,Sales - Local,,179984.63,
18-10-2025,Purchase,210,Purchases - Local,49675.66,,
18-10-2025,Purchase,210,Supplier 01,,49675.66,
19-10-2025,Sales,419,Cash,12238.57,,
19-10-2025,Sales,419,Sales - Local,,12238.57,
19-10-2025,Sales,420,Cash,21453.44,,
19-10-2025,Sales,420,Sales - Local,,21453.44,
19-10-2025,Sales,421,Customer 11,70388.48,,
19-10-2025,Sales,421,Sales - Local,,70388.48,
19-10-2025,Sales,422,Customer 12,63023.95,,
19-10-2025,Sales,422,Sales - Local,,63023.95,
19-10-2025,Sales,423,Customer 01,26010.04,,
19-10-2025,Sales,423,Sales - Local,,26010.04,
20-10-2025,Receipt,272,HDFC Bank Current A/c,153948.90,,
20-10-2025,Receipt,272,Customer 07,,153948.90,
20-10-2025,Payment,352,Staff Welfare,8317.04,,
20-10-2025,Payment,352,Cash,,8317.04,
20-10-2025,Purchase,211,Purchases - Local,94412.89,,
20-10-2025,Purchase,211,Supplier 01,,94412.89,
20-10-2025,Receipt,273,HDFC Bank Current A/c,264615.67,,
20-10-2025,Receipt,273,Customer 12,,264615.67,
20-10-2025,Purchase,212,Purchases - Local,99575.12,,
20-10-2025,Purchase,212,Supplier 06,,99575.12,
20-10-2025,Receipt,274,HDFC Bank Current A/c,193749.70,,
20-10-2025,Receipt,274,Customer 06,,193749.70,
21-10-2025,Purchase,213,Purchases - Local,61791.22,,
21-10-2025,Purchase,213,Supplier 08,,61791.22,
21-10-2025,Payment,353,Supplier 03,2664.88,,
21-10-2025,Payment,353,HDFC Bank Current A/c,,2664.88,
21-10-2025,Sales,424,Customer 03,20058.32,,
21-10-2025,Sales,424,Sales - Local,,20058.32,
21-10-2025,Sales,425,Customer 01,165417.17,,
21-10-2025,Sales,425,Sales - Local,,165417.17,
21-10-2025,Purchase,214,Purchases - Local,14416.88,,
21-10-2025,Purchase,214,Supplier 03,,14416.88,
21-10-2025,Purchase,215,Purchases - Local,101848.89,,
21-10-2025,Purchase,215,Supplier 05,,101848.89,
22-10-2025,Receipt,275,Cash,14030.49,,
22-10-2025,Receipt,275,Customer 08,,14030.49,
22-10-2025,Sales,426,Customer 02,165448.65,,
22-10-2025,Sales,426,Sales - Local,,165448.65,
22-10-2025,Sales,427,Cash,11599.08,,
22-10-2025,Sales,427,Sales - Local,,11599.08,
22-10-2025,Sales,428,Customer 01,136645.00,,
22-10-2025,Sales,428,Sales - Local,,136645.00,
22-10-2025,Sales,429,Cash,13463.08,,
22-10-2025,Sales,429,Sales - Local,,13463.08,
22-10-2025,Sales,430,Cash,28141.71,,
22-10-2025,Sales,430,Sales - Local,,28141.71,
23-10-2025,Receipt,276,HDFC Bank Current A/c,26822.72,,
23-10-2025,Receipt,276,Customer 08,,26822.72,
23-10-2025,Purchase,216,Purchases - Local,78770.94,,
23-10-2025,Purchase,216,Supplier 01,,78770.94,
23-10-2025,Sales,431,Cash,11611.53,,
23-10-2025,Sales,431,Sales - Local,,11611.53,
23-10-2025,Sales,432,Customer 07,48722.08,,
23-10-2025,Sales,432,Sales - Local,,48722.08,
23-10-2025,Receipt,277,HDFC Bank Current A/c,228944.44,,
23-10-2025,Receipt,277,Customer 04,,228944.44,
23-10-2025,Sales,433,Customer 12,160241.53,,
23-10-2025,Sales,433,Sales - Local,,160241.53,
24-10-2025,Payment,354,Supplier 07,94545.88,,
24-10-2025,Payment,354,HDFC Bank Current A/c,,94545.88,
24-10-2025,Purchase,217,Purchases - Local,84589.43,,
24-10-2025,Purchase,217,Supplier 03,,84589.43,
24-10-2025,Purchase,218,Purchases - Local,95285.85,,
24-10-2025,Purchase,218,Supplier 06,,95285.85,
24-10-2025,Receipt,278,HDFC Bank Current A/c,16923.44,,
24-10-2025,Receipt,278,Customer 03,,16923.44,
24-10-2025,Payment,355,Staff Welfare,5406.92,,
24-10-2025,Payment,355,Cash,,5406.92,
24-10-2025,Sales,434,Customer 10,53595.97,,
24-10-2025,Sales,434,Sales - Local,,53595.97,
25-10-2025,Payment,356,Bank Charges,384.03,,
25-10-2025,Payment,356,HDFC Bank Current A/c,,384.03,
25-10-2025,Sales,435,Customer 11,164560.47,,
25-10-2025,Sales,435,Sales - Local,,164560.47,
25-10-2025,Purchase,219,Purchases - Local,82179.18,,
25-10-2025,Purchase,219,Supplier 01,,82179.18,
25-10-2025,Sales,436,Cash,21485.34,,
25-10-2025,Sales,436,Sales - Local,,21485.34,
25-10-2025,Payment,357,Supplier 05,34670.16,,
25-10-2025,Payment,357,HDFC Bank Current A/c,,34670.16,
25-10-2025,Payment,358,Printing & Stationery,5189.46,,
25-10-2025,Payment,358,Cash,,5189.46,
26-10-2025,Receipt,279,Cash,15036.57,,
26-10-2025,Receipt,279,Customer 11,,15036.57,
26-10-2025,Payment,359,Supplier 08,71555.77,,
26-10-2025,Payment,359,HDFC Bank Current A/c,,71555.77,
26-10-2025,Sales,437,Customer 02,150303.67,,
26-10-2025,Sales,437,Sales - Local,,150303.67,
26-10-2025,Sales,438,Customer 07,138157.80,,
26-10-2025,Sales,438,Sales - Local,,138157.80,
26-10-2025,Sales,439,Customer 01,133767.69,,
26-10-2025,Sales,439,Sales - Local,,133767.69,
26-10-2025,Receipt,280,Cash,14045.41,,
26-10-2025,Receipt,280,Customer 09,,14045.41,
27-10-2025,Receipt,281,Cash,2550.88,,
27-10-2025,Receipt,281,Customer 08,,2550.88,
27-10-2025,Payment,360,Bank Charges,381.37,,
27-10-2025,Payment,360,HDFC Bank Current A/c,,381.37,
27-10-2025,Purchase,220,Purchases - Local,78068.72,,
27-10-2025,Purchase,220,Supplier 07,,78068.72,
27-10-2025,Payment,361,Supplier 03,79272.26,,
27-10-2025,Payment,361,HDFC Bank Current A/c,,79272.26,
27-10-2025,Receipt,282,Cash,13805.67,,
27-10-2025,Receipt,282,Customer 01,,13805.67,
27-10-2025,Receipt,283,HDFC Bank Current A/c,76293.77,,
27-10-2025,Receipt,283,Customer 11,,76293.77,
28-10-2025,Purchase,221,Purchases - Local,92948.41,,
28-10-2025,Purchase,221,Supplier 04,,92948.41,
28-10-2025,Purchase,222,Purchases - Local,118882.99,,
28-10-2025,Purchase,222,Supplier 04,,118882.99,
28-10-2025,Receipt,284,Cash,1732.27,,
28-10-2025,Receipt,284,Customer 12,,1732.27,
28-10-2025,Payment,362,Bank Charges,464.37,,
28-10-2025,Payment,362,HDFC Bank Current A/c,,464.37,
28-10-2025,Sales,440,Customer 11,146586.87,,
28-10-2025,Sales,440,Sales - Local,,146586.87,
28-10-2025,Sales,441,Cash,22964.63,,
28-10-2025,Sales,441,Sales - Local,,22964.63,
29-10-2025,Payment,363,Bank Charges,224.97,,
29-10-2025,Payment,363,HDFC Bank Current A/c,,224.97,
29-10-2025,Payment,364,Office Expenses,3288.98,,
29-10-2025,Payment,364,Cash,,3288.98,
29-10-2025,Receipt,285,HDFC Bank Current A/c,172495.26,,
29-10-2025,Receipt,285,Customer 07,,172495.26,
29-10-2025,Receipt,286,HDFC Bank Current A/c,45173.77,,
29-10-2025,Receipt,286,Customer 05,,45173.77,
29-10-2025,Receipt,287,HDFC Bank Current A/c,93862.22,,
29-10-2025,Receipt,287,Customer 08,,93862.22,
29-10-2025,Purchase,223,Purchases - Local,13685.55,,
29-10-2025,Purchase,223,Supplier 06,,13685.55,
30-10-2025,Purchase,224,Purchases - Local,47017.35,,
30-10-2025,Purchase,224,Supplier 02,,47017.35,
30-10-2025,Receipt,288,HDFC Bank Current A/c,21250.11,,
30-10-2025,Receipt,288,Customer 07,,21250.11,
30-10-2025,Receipt,289,HDFC Bank Current A/c,264582.90,,
30-10-2025,Receipt,289,Customer 10,,264582.90,
30-10-2025,Purchase,225,Purchases - Local,81209.28,,
30-10-2025,Purchase,225,Supplier 05,,81209.28,
30-10-2025,Payment,365,Staff Welfare,8299.53,,
30-10-2025,Payment,365,Cash,,8299.53,
30-10-2025,Sales,442,Customer 11,183731.67,,
30-10-2025,Sales,442,Sales - Local,,183731.67,
31-10-2025,Sales,443,Cash,4656.92,,
31-10-2025,Sales,443,Sales - Local,,4656.92,
31-10-2025,Payment,366,Supplier 05,53535.64,,
31-10-2025,Payment,366,HDFC Bank Current A/c,,53535.64,
31-10-2025,Receipt,290,HDFC Bank Current A/c,519057.22,,
31-10-2025,Receipt,290,Customer 12,,519057.22,
31-10-2025,Receipt,291,HDFC Bank Current A/c,523734.31,,
31-10-2025,Receipt,291,Customer 11,,523734.31,
31-10-2025,Payment,367,Printing & Stationery,1004.11,,
31-10-2025,Payment,367,Cash,,1004.11,
01-11-2025,Sales,444,Cash,6349.61,,
01-11-2025,Sales,444,Sales - Local,,6349.61,
01-11-2025,Sales,445,Customer 11,68670.73,,
01-11-2025,Sales,445,Sales - Local,,68670.73,
01-11-2025,Purchase,226,Purchases - Local,14224.46,,
01-11-2025,Purchase,226,Supplier 02,,14224.46,
01-11-2025,Sales,446,Cash,11155.14,,
01-11-2025,Sales,446,Sales - Local,,11155.14,
01-11-2025,Purchase,227,Purchases - Local,115893.46,,
01-11-2025,Purchase,227,Supplier 01,,115893.46,
01-11-2025,Purchase,228,Purchases - Local,100125.77,,
01-11-2025,Purchase,228,Supplier 02,,100125.77,
02-11-2025,Receipt,292,HDFC Bank Current A/c,29444.04,,
02-11-2025,Receipt,292,Customer 11,,29444.04,
02-11-2025,Purchase,229,Purchases - Local,77092.29,,
02-11-2025,Purchase,229,Supplier 07,,77092.29,
02-11-2025,Purchase,230,Purchases - Local,111426.82,,
02-11-2025,Purchase,230,Supplier 06,,111426.82,
02-11-2025,Sales,447,Cash,22003.78,,
02-11-2025,Sales,447,Sales - Local,,22003.78,
02-11-2025,Payment,368,Supplier 03,20996.46,,
02-11-2025,Payment,368,HDFC Bank Current A/c,,20996.46,
02-11-2025,Payment,369,Bank Charges,384.16,,
02-11-2025,Payment,369,HDFC Bank Current A/c,,384.16,
03-11-2025,Sales,448,Cash,1952.05,,
03-11-2025,Sales,448,Sales - Local,,1952.05,
03-11-2025,Sales,449,Customer 06,164849.65,,
03-11-2025,Sales,449,Sales - Local,,164849.65,
03-11-2025,Payment,370,Supplier 03,2290.40,,
03-11-2025,Payment,370,HDFC Bank Current A/c,,2290.40,
03-11-2025,Sales,450,Customer 02,153925.24,,
03-11-2025,Sales,450,Sales - Local,,153925.24,
03-11-2025,Receipt,293,HDFC Bank Current A/c,24673.08,,
03-11-2025,Receipt,293,Customer 11,,24673.08,
03-11-2025,Payment,371,Office Expenses,6403.69,,
03-11-2025,Payment,371,Cash,,6403.69,
04-11-2025,Receipt,294,HDFC Bank Current A/c,76747.06,,
04-11-2025,Receipt,294,Customer 02,,76747.06,
04-11-2025,Receipt,295,HDFC Bank Current A/c,1654.20,,
04-11-2025,Receipt,295,Interest Received,,1654.20,
04-11-2025,Purchase,231,Purchases - Local,70954.69,,
04-11-2025,Purchase,231,Supplier 06,,70954.69,
04-11-2025,Sales,451,Customer 10,32642.00,,
04-11-2025,Sales,451,Sales - Local,,32642.00,
04-11-2025,Purchase,232,Purchases - Local,8678.64,,
04-11-2025,Purchase,232,Supplier 04,,8678.64,
04-11-2025,Sales,452,Cash,1278.20,,
04-11-2025,Sales,452,Sales - Local,,1278.20,
05-11-2025,Sales,453,Customer 08,162099.56,,
05-11-2025,Sales,453,Sales - Local,,162099.56,
05-11-2025,Purchase,233,Purchases - Local,42729.85,,
05-11-2025,Purchase,233,Supplier 02,,42729.85,
05-11-2025,Receipt,296,HDFC Bank Current A/c,18467.72,,
05-11-2025,Receipt,296,Customer 04,,18467.72,
05-11-2025,Receipt,297,Cash,16178.02,,
05-11-2025,Receipt,297,Customer 09,,16178.02,
05-11-2025,Purchase,234,Purchases - Local,10061.62,,
05-11-2025,Purchase,234,Supplier 06,,10061.62,
05-11-2025,Purchase,235,Purchases - Local,116801.34,,
05-11-2025,Purchase,235,Supplier 08,,116801.34,
06-11-2025,Sales,454,Cash,34189.53,,
06-11-2025,Sales,454,Sales - Local,,34189.53,
06-11-2025,Receipt,298,HDFC Bank Current A/c,253448.49,,
06-11-2025,Receipt,298,Customer 06,,253448.49,
06-11-2025,Purchase,236,Purchases - Local,89826.14,,
06-11-2025,Purchase,236,Supplier 01,,89826.14,
06-11-2025,Sales,455,Customer 11,182828.65,,
06-11-2025,Sales,455,Sales - Local,,182828.65,
06-11-2025,Sales,456,Customer 07,38309.39,,
06-11-2025,Sales,456,Sales - Local,,38309.39,
07-11-2025,Payment,372,Supplier 06,132027.84,,
07-11-2025,Payment,372,HDFC Bank Current A/c,,132027.84,
07-11-2025,Sales,457,Cash,45403.19,,
07-11-2025,Sales,457,Sales - Local,,45403.19,
07-11-2025,Purchase,237,Purchases - Local,23908.17,,
07-11-2025,Purchase,237,Supplier 07,,23908.17,
07-11-2025,Sales,458,Cash,42477.37,,
07-11-2025,Sales,458,Sales - Local,,42477.37,
07-11-2025,Receipt,299,HDFC Bank Current A/c,40778.79,,
07-11-2025,Receipt,299,Customer 11,,40778.79,
07-11-2025,Sales,459,Cash,9924.09,,
07-11-2025,Sales,459,Sales - Local,,9924.09,
08-11-2025,Payment,373,Supplier 06,98287.20,,
08-11-2025,Payment,373,HDFC Bank Current A/c,,98287.20,
08-11-2025,Receipt,300,Cash,15551.69,,
08-11-2025,Receipt,300,Customer 12,,15551.69,
08-11-2025,Purchase,238,Purchases - Local,61560.45,,
08-11-2025,Purchase,238,Supplier 08,,61560.45,
08-11-2025,Payment,374,Supplier 04,121389.77,,
08-11-2025,Payment,374,HDFC Bank Current A/c,,121389.77,
08-11-2025,Payment,375,Supplier 02,306561.07,,
08-11-2025,Payment,375,HDFC Bank Current A/c,,306561.07,
08-11-2025,Payment,376,Printing & Stationery,1072.80,,
08-11-2025,Payment,376,Cash,,1072.80,
09-11-2025,Receipt,301,Cash,11094.40,,
09-11-2025,Receipt,301,Customer 10,,11094.40,
09-11-2025,Receipt,302,HDFC Bank Current A/c,24481.99,,
09-11-2025,Receipt,302,Customer 06,,24481.99,
09-11-2025,Sales,460,Cash,11778.48,,
09-11-2025,Sales,460,Sales - Local,,11778.48,
09-11-2025,Payment,377,Printing & Stationery,8369.88,,
09-11-2025,Payment,377,Cash,,8369.88,
09-11-2025,Sales,461,Customer 01,91226.15,,
09-11-2025,Sales,461,Sales - Local,,91226.15,
09-11-2025,Purchase,239,Purchases - Local,101638.38,,
09-11-2025,Purchase,239,Supplier 06,,101638.38,
10-11-2025,Sales,462,Customer 11,164215.16,,
10-11-2025,Sales,462,Sales - Local,,164215.16,
10-11-2025,Receipt,303,HDFC Bank Current A/c,1731.15,,
10-11-2025,Receipt,303,Customer 04,,1731.15,
10-11-2025,Sales,463,Customer 05,144360.67,,
10-11-2025,Sales,463,Sales - Local,,144360.67,
10-11-2025,Purchase,240,Purchases - Local,59392.30,,
10-11-2025,Purchase,240,Supplier 01,,59392.30,
10-11-2025,Payment,378,Staff Welfare,9329.01,,
10-11-2025,Payment,378,Cash,,9329.01,
10-11-2025,Purchase,241,Purchases - Local,12578.42,,
10-11-2025,Purchase,241,Supplier 08,,12578.42,
11-11-2025,Sales,464,Cash,22842.87,,
11-11-2025,Sales,464,Sales - Local,,22842.87,
11-11-2025,Payment,379,Conveyance,6109.65,,
11-11-2025,Payment,379,Cash,,6109.65,
11-11-2025,Purchase,242,Purchases - Local,33296.15,,
11-11-2025,Purchase,242,Supplier 07,,33296.15,
11-11-2025,Sales,465,Customer 11,67083.39,,
11-11-2025,Sales,465,Sales - Local,,67083.39,
11-11-2025,Purchase,243,Purchases - Local,7045.53,,
11-11-2025,Purchase,243,Supplier 08,,7045.53,
11-11-2025,Sales,466,Cash,31416.19,,
11-11-2025,Sales,466,Sales - Local,,31416.19,
12-11-2025,Payment,380,Rent,25000.00,,
12-11-2025,Payment,380,HDFC Bank Current A/c,,25000.00,
12-11-2025,Payment,381,Salary,44929.43,,
12-11-2025,Payment,381,HDFC Bank Current A/c,,44929.43,
12-11-2025,Payment,382,Electricity Charges,7334.38,,
12-11-2025,Payment,382,HDFC Bank Current A/c,,7334.38,
12-11-2025,Journal,12,Interest on Unsecured Loans,3000.00,,
12-11-2025,Journal,12,Unsecured Loan - Rajesh Kumar,,2700.00,
12-11-2025,Journal,12,TDS Payable,,300.00,
12-11-2025,Payment,383,TDS Payable,300.00,,
12-11-2025,Payment,383,HDFC Bank Current A/c,,300.00,
12-11-2025,Sales,467,Customer 12,42963.97,,
12-11-2025,Sales,467,Sales - Local,,42963.97,
12-11-2025,Payment,384,Staff Welfare,1489.05,,
12-11-2025,Payment,384,Cash,,1489.05,
12-11-2025,Sales,468,Customer 11,21554.68,,
12-11-2025,Sales,468,Sales - Local,,21554.68,
12-11-2025,Purchase,244,Purchases - Local,50659.55,,
12-11-2025,Purchase,244,Supplier 07,,50659.55,
12-11-2025,Sales,469,Customer 02,99922.16,,
12-11-2025,Sales,469,Sales - Local,,99922.16,
12-11-2025,Receipt,304,HDFC Bank Current A/c,31093.90,,
12-11-2025,Receipt,304,Customer 07,,31093.90,
13-11-2025,Receipt,305,HDFC Bank Current A/c,41020.07,,
13-11-2025,Receipt,305,Customer 06,,41020.07,
13-11-2025,Purchase,245,Purchases - Local,96920.26,,
13-11-2025,Purchase,245,Supplier 01,,96920.26,
13-11-2025,Sales,470,Cash,28107.58,,
13-11-2025,Sales,470,Sales - Local,,28107.58,
13-11-2025,Payment,385,Supplier 04,325083.05,,
13-11-2025,Payment,385,HDFC Bank Current A/c,,325083.05,
13-11-2025,Receipt,306,HDFC Bank Current A/c,43927.66,,
13-11-2025,Receipt,306,Customer 09,,43927.66,
13-11-2025,Receipt,307,Cash,12458.10,,
13-11-2025,Receipt,307,Customer 08,,12458.10,
14-11-2025,Purchase,246,Purchases - Local,30901.59,,
14-11-2025,Purchase,246,Supplier 01,,30901.59,
14-11-2025,Sales,471,Customer 03,81687.48,,
14-11-2025,Sales,471,Sales - Local,,81687.48,
14-11-2025,Receipt,308,HDFC Bank Current A/c,14751.76,,
14-11-2025,Receipt,308,Customer 06,,14751.76,
14-11-2025,Payment,386,Conveyance,6754.70,,
14-11-2025,Payment,386,Cash,,6754.70,
14-11-2025,Sales,472,Cash,32545.11,,
14-11-2025,Sales,472,Sales - Local,,32545.11,
14-11-2025,Sales,473,Cash,34440.84,,
14-11-2025,Sales,473,Sales - Local,,34440.84,
15-11-2025,Sales,474,Customer 01,117413.38,,
15-11-2025,Sales,474,Sales - Local,,117413.38,
15-11-2025,Sales,475,Customer 04,138729.10,,
15-11-2025,Sales,475,Sales - Local,,138729.10,
15-11-2025,Payment,387,Supplier 04,22478.14,,
15-11-2025,Payment,387,HDFC Bank Current A/c,,22478.14,
15-11-2025,Sales,476,Customer 11,164833.76,,
15-11-2025,Sales,476,Sales - Local,,164833.76,
15-11-2025,Sales,477,Customer 05,25111.10,,
15-11-2025,Sales,477,Sales - Local,,25111.10,
15-11-2025,Payment,388,Office Expenses,9397.09,,
15-11-2025,Payment,388,Cash,,9397.09,
16-11-2025,Purchase,247,Purchases - Local,93265.10,,
16-11-2025,Purchase,247,Supplier 08,,93265.10,
16-11-2025,Payment,389,Conveyance,2712.66,,
16-11-2025,Payment,389,Cash,,2712.66,
16-11-2025,Sales,478,Customer 10,197438.05,,
16-11-2025,Sales,478,Sales - Local,,197438.05,
16-11-2025,Payment,390,Telephone Expenses,6968.80,,
16-11-2025,Payment,390,Cash,,6968.80,
16-11-2025,Purchase,248,Purchases - Local,84430.60,,
16-11-2025,Purchase,248,Supplier 03,,84430.60,
16-11-2025,Sales,479,Cash,1943.94,,
16-11-2025,Sales,479,Sales - Local,,1943.94,
17-11-2025,Sales,480,Customer 07,48468.61,,
17-11-2025,Sales,480,Sales - Local,,48468.61,
17-11-2025,Purchase,249,Purchases - Local,106066.38,,
17-11-2025,Purchase,249,Supplier 07,,106066.38,
17-11-2025,Payment,391,Conveyance,607.30,,
17-11-2025,Payment,391,Cash,,607.30,
17-11-2025,Purchase,250,Purchases - Local,35651.95,,
17-11-2025,Purchase,250,Supplier 08,,35651.95,
17-11-2025,Purchase,251,Purchases - Local,34623.26,,
17-11-2025,Purchase,251,Supplier 07,,34623.26,
17-11-2025,Sales,481,Customer 02,158985.96,,
17-11-2025,Sales,481,Sales - Local,,158985.96,
18-11-2025,Receipt,309,HDFC Bank Current A/c,24932.29,,
18-11-2025,Receipt,309,Customer 05,,24932.29,
18-11-2025,Payment,392,Telephone Expenses,3714.65,,
18-11-2025,Payment,392,Cash,,3714.65,
18-11-2025,Sales,482,Cash,41702.13,,
18-11-2025,Sales,482,Sales - Local,,41702.13,
18-11-2025,Sales,483,Cash,24658.00,,
18-11-2025,Sales,483,Sales - Local,,24658.00,
18-11-2025,Purchase,252,Purchases - Local,32449.59,,
18-11-2025,Purchase,252,Supplier 04,,32449.59,
18-11-2025,Sales,484,Customer 03,89802.78,,
18-11-2025,Sales,484,Sales - Local,,89802.78,
19-11-2025,Receipt,310,HDFC Bank Current A/c,308556.59,,
19-11-2025,Receipt,310,Customer 11,,308556.59,
19-11-2025,Receipt,311,Cash,14384.68,,
19-11-2025,Receipt,311,Customer 12,,14384.68,
19-11-2025,Sales,485,Customer 11,88131.18,,
19-11-2025,Sales,485,Sales - Local,,88131.18,
19-11-2025,Sales,486,Customer 03,197281.08,,
19-11-2025,Sales,486,Sales - Local,,197281.08,
19-11-2025,Purchase,253,Purchases - Local,48807.11,,
19-11-2025,Purchase,253,Supplier 06,,48807.11,
19-11-2025,Payment,393,Supplier 05,21093.54,,
19-11-2025,Payment,393,HDFC Bank Current A/c,,21093.54,
20-11-2025,Receipt,312,HDFC Bank Current A/c,38896.66,,
20-11-2025,Receipt,312,Customer 02,,38896.66,
20-11-2025,Receipt,313,HDFC Bank Current A/c,1016.29,,
20-11-2025,Receipt,313,Customer 06,,1016.29,
20-11-2025,Sales,487,Cash,8999.12,,
20-11-2025,Sales,487,Sales - Local,,8999.12,
20-11-2025,Payment,394,Supplier 06,163799.57,,
20-11-2025,Payment,394,HDFC Bank Current A/c,,163799.57,
20-11-2025,Sales,488,Customer 12,11369.66,,
20-11-2025,Sales,488,Sales - Local,,11369.66,
20-11-2025,Receipt,314,HDFC Bank Current A/c,1079.51,,
20-11-2025,Receipt,314,Customer 06,,1079.51,
21-11-2025,Payment,395,Supplier 01,650810.29,,
21-11-2025,Payment,395,HDFC Bank Current A/c,,650810.29,
21-11-2025,Receipt,315,HDFC Bank Current A/c,104359.78,,
21-11-2025,Receipt,315,Customer 05,,104359.78,
21-11-2025,Purchase,254,Purchases - Local,36943.30,,
21-11-2025,Purchase,254,Supplier 01,,36943.30,
21-11-2025,Sales,489,Cash,41707.74,,
21-11-2025,Sales,489,Sales - Local,,41707.74,
21-11-2025,Sales,490,Customer 08,44410.61,,
21-11-2025,Sales,490,Sales - Local,,44410.61,
21-11-2025,Receipt,316,HDFC Bank Current A/c,7980.90,,
21-11-2025,Receipt,316,Interest Received,,7980.90,
22-11-2025,Sales,491,Cash,41070.33,,
22-11-2025,Sales,491,Sales - Local,,41070.33,
22-11-2025,Sales,492,Customer 01,151695.41,,
22-11-2025,Sales,492,Sales - Local,,151695.41,
22-11-2025,Payment,396,Supplier 07,126362.66,,
22-11-2025,Payment,396,HDFC Bank Current A/c,,126362.66,
22-11-2025,Payment,397,Bank Charges,85.85,,
22-11-2025,Payment,397,HDFC Bank Current A/c,,85.85,
22-11-2025,Sales,493,Cash,9730.01,,
22-11-2025,Sales,493,Sales - Local,,9730.01,
22-11-2025,Payment,398,Conveyance,8984.54,,
22-11-2025,Payment,398,Cash,,8984.54,
23-11-2025,Sales,494,Customer 02,133176.36,,
23-11-2025,Sales,494,Sales - Local,,133176.36,
23-11-2025,Payment,399,Conveyance,8747.96,,
23-11-2025,Payment,399,Cash,,8747.96,
23-11-2025,Receipt,317,HDFC Bank Current A/c,353188.33,,
23-11-2025,Receipt,317,Customer 03,,353188.33,
23-11-2025,Receipt,318,HDFC Bank Current A/c,66334.06,,
23-11-2025,Receipt,318,Customer 07,,66334.06,
23-11-2025,Sales,495,Customer 02,56576.07,,
23-11-2025,Sales,495,Sales - Local,,56576.07,
23-11-2025,Payment,400,Office Expenses,2059.40,,
23-11-2025,Payment,400,Cash,,2059.40,
24-11-2025,Sales,496,Customer 01,171077.04,,
24-11-2025,Sales,496,Sales - Local,,171077.04,
24-11-2025,Purchase,255,Purchases - Local,7323.66,,
24-11-2025,Purchase,255,Supplier 05,,7323.66,
24-11-2025,Receipt,319,HDFC Bank Current A/c,43015.68,,
24-11-2025,Receipt,319,Customer 05,,43015.68,
24-11-2025,Purchase,256,Purchases - Local,85559.39,,
24-11-2025,Purchase,256,Supplier 06,,85559.39,
24-11-2025,Receipt,320,HDFC Bank Current A/c,234963.18,,
24-11-2025,Receipt,320,Customer 09,,234963.18,
24-11-2025,Sales,497,Customer 01,70995.02,,
24-11-2025,Sales,497,Sales - Local,,70995.02,
25-11-2025,Sales,498,Customer 09,61113.87,,
25-11-2025,Sales,498,Sales - Local,,61113.87,
25-11-2025,Sales,499,Cash,20873.57,,
25-11-2025,Sales,499,Sales - Local,,20873.57,
25-11-2025,Receipt,321,HDFC Bank Current A/c,1464.44,,
25-11-2025,Receipt,321,Customer 05,,1464.44,
25-11-2025,Sales,500,Customer 05,35118.09,,
25-11-2025,Sales,500,Sales - Local,,35118.09,
25-11-2025,Payment,401,Conveyance,9352.64,,
25-11-2025,Payment,401,Cash,,9352.64,
25-11-2025,Sales,501,Customer 08,43241.32,,
25-11-2025,Sales,501,Sales - Local,,43241.32,
26-11-2025,Sales,502,Customer 04,11950.00,,
26-11-2025,Sales,502,Sales - Local,,11950.00,
26-11-2025,Receipt,322,HDFC Bank Current A/c,292021.84,,
26-11-2025,Receipt,322,Customer 08,,292021.84,
26-11-2025,Purchase,257,Purchases - Local,93142.59,,
26-11-2025,Purchase,257,Supplier 02,,93142.59,
26-11-2025,Sales,503,Customer 11,69204.01,,
26-11-2025,Sales,503,Sales - Local,,69204.01,
26-11-2025,Sales,504,Customer 06,142642.97,,
26-11-2025,Sales,504,Sales - Local,,142642.97,
26-11-2025,Sales,505,Cash,4677.97,,
26-11-2025,Sales,505,Sales - Local,,4677.97,
27-11-2025,Sales,506,Cash,13752.01,,
27-11-2025,Sales,506,Sales - Local,,13752.01,
27-11-2025,Receipt,323,HDFC Bank Current A/c,41466.75,,
27-11-2025,Receipt,323,Customer 03,,41466.75,
27-11-2025,Sales,507,Customer 07,101624.21,,
27-11-2025,Sales,507,Sales - Local,,101624.21,
27-11-2025,Sales,508,Customer 10,182747.09,,
27-11-2025,Sales,508,Sales - Local,,182747.09,
27-11-2025,Purchase,258,Purchases - Local,5245.29,,
27-11-2025,Purchase,258,Supplier 07,,5245.29,
27-11-2025,Sales,509,Customer 03,21634.13,,
27-11-2025,Sales,509,Sales - Local,,21634.13,
28-11-2025,Purchase,259,Purchases - Local,38658.84,,
28-11-2025,Purchase,259,Supplier 05,,38658.84,
28-11-2025,Payment,402,Printing & Stationery,5511.84,,
28-11-2025,Payment,402,Cash,,5511.84,
28-11-2025,Receipt,324,HDFC Bank Current A/c,12226.63,,
28-11-2025,Receipt,324,Customer 08,,12226.63,
28-11-2025,Sales,510,Cash,43956.63,,
28-11-2025,Sales,510,Sales - Local,,43956.63,
28-11-2025,Receipt,325,HDFC Bank Current A/c,67311.50,,
28-11-2025,Receipt,325,Customer 07,,67311.50,
28-11-2025,Payment,403,Conveyance,7289.27,,
28-11-2025,Payment,403,Cash,,7289.27,
29-11-2025,Sales,511,Customer 07,157638.66,,
29-11-2025,Sales,511,Sales - Local,,157638.66,
29-11-2025,Purchase,260,Purchases - Local,71927.77,,
29-11-2025,Purchase,260,Supplier 07,,71927.77,
29-11-2025,Receipt,326,HDFC Bank Current A/c,98383.37,,
29-11-2025,Receipt,326,Customer 09,,98383.37,
29-11-2025,Payment,404,Supplier 07,115589.79,,
29-11-2025,Payment,404,HDFC Bank Current A/c,,115589.79,
29-11-2025,Sales,512,Customer 09,69378.18,,
29-11-2025,Sales,512,Sales - Local,,69378.18,
29-11-2025,Sales,513,Customer 09,77419.10,,
29-11-2025,Sales,513,Sales - Local,,77419.10,
30-11-2025,Payment,405,Supplier 01,14788.05,,
30-11-2025,Payment,405,HDFC Bank Current A/c,,14788.05,
30-11-2025,Sales,514,Customer 07,13477.13,,
30-11-2025,Sales,514,Sales - Local,,13477.13,
30-11-2025,Payment,406,Bank Charges,156.34,,
30-11-2025,Payment,406,HDFC Bank Current A/c,,156.34,
30-11-2025,Payment,407,Supplier 06,4682.99,,
30-11-2025,Payment,407,HDFC Bank Current A/c,,4682.99,
30-11-2025,Payment,408,Bank Charges,269.79,,
30-11-2025,Payment,408,HDFC Bank Current A/c,,269.79,
30-11-2025,Receipt,327,Cash,10267.41,,
30-11-2025,Receipt,327,Customer 03,,10267.41,
01-12-2025,Purchase,261,Purchases - Local,37521.45,,
01-12-2025,Purchase,261,Supplier 08,,37521.45,
01-12-2025,Sales,515,Customer 02,104266.31,,
01-12-2025,Sales,515,Sales - Local,,104266.31,
01-12-2025,Receipt,328,HDFC Bank Current A/c,117053.70,,
01-12-2025,Receipt,328,Customer 04,,117053.70,
01-12-2025,Sales,516,Customer 04,128975.37,,
01-12-2025,Sales,516,Sales - Local,,128975.37,
01-12-2025,Payment,409,Conveyance,2753.45,,
01-12-2025,Payment,409,Cash,,2753.45,
01-12-2025,Purchase,262,Purchases - Local,18992.63,,
01-12-2025,Purchase,262,Supplier 03,,18992.63,
02-12-2025,Sales,517,Customer 06,21071.10,,
02-12-2025,Sales,517,Sales - Local,,21071.10,
02-12-2025,Sales,518,Customer 11,70371.53,,
02-12-2025,Sales,518,Sales - Local,,70371.53,
02-12-2025,Sales,519,Customer 06,29180.14,,
02-12-2025,Sales,519,Sales - Local,,29180.14,
02-12-2025,Sales,520,Customer 01,20472.84,,
02-12-2025,Sales,520,Sales - Local,,20472.84,
02-12-2025,Receipt,329,HDFC Bank Current A/c,324717.91,,
02-12-2025,Receipt,329,Customer 11,,324717.91,
02-12-2025,Payment,410,Supplier 04,71939.33,,
02-12-2025,Payment,410,HDFC Bank Current A/c,,71939.33,
03-12-2025,Sales,521,Customer 01,185240.18,,
03-12-2025,Sales,521,Sales - Local,,185240.18,
03-12-2025,Purchase,263,Purchases - Local,97559.74,,
03-12-2025,Purchase,263,Supplier 01,,97559.74,
03-12-2025,Sales,522,Cash,7718.31,,
03-12-2025,Sales,522,Sales - Local,,7718.31,
03-12-2025,Purchase,264,Purchases - Local,63197.88,,
03-12-2025,Purchase,264,Supplier 07,,63197.88,
03-12-2025,Receipt,330,HDFC Bank Current A/c,16606.17,,
03-12-2025,Receipt,330,Customer 05,,16606.17,
03-12-2025,Sales,523,Cash,26186.26,,
03-12-2025,Sales,523,Sales - Local,,26186.26,
04-12-2025,Payment,411,Supplier 06,28979.15,,
04-12-2025,Payment,411,HDFC Bank Current A/c,,28979.15,
04-12-2025,Receipt,331,HDFC Bank Current A/c,538711.38,,
04-12-2025,Receipt,331,Customer 10,,538711.38,
04-12-2025,Payment,412,Supplier 04,2210.55,,
04-12-2025,Payment,412,HDFC Bank Current A/c,,2210.55,
04-12-2025,Purchase,265,Purchases - Local,94884.85,,
04-12-2025,Purchase,265,Supplier 05,,94884.85,
04-12-2025,Receipt,332,HDFC Bank Current A/c,7271.27,,
04-12-2025,Receipt,332,Customer 05,,7271.27,
04-12-2025,Receipt,333,HDFC Bank Current A/c,1535004.23,,
04-12-2025,Receipt,333,Customer 01,,1535004.23,
05-12-2025,Purchase,266,Purchases - Local,21157.65,,
05-12-2025,Purchase,266,Supplier 06,,21157.65,
05-12-2025,Payment,413,Supplier 03,67458.10,,
05-12-2025,Payment,413,HDFC Bank Current A/c,,67458.10,
05-12-2025,Sales,524,Customer 12,65607.62,,
05-12-2025,Sales,524,Sales - Local,,65607.62,
05-12-2025,Receipt,334,HDFC Bank Current A/c,204096.50,,
05-12-2025,Receipt,334,Customer 07,,204096.50,
05-12-2025,Purchase,267,Purchases - Local,98197.73,,
05-12-2025,Purchase,267,Supplier 07,,98197.73,
05-12-2025,Sales,525,Customer 03,43528.84,,
05-12-2025,Sales,525,Sales - Local,,43528.84,
06-12-2025,Payment,414,Office Expenses,4448.09,,
06-12-2025,Payment,414,Cash,,4448.09,
06-12-2025,Sales,526,Customer 12,134660.21,,
06-12-2025,Sales,526,Sales - Local,,134660.21,
06-12-2025,Receipt,335,HDFC Bank Current A/c,89024.62,,
06-12-2025,Receipt,335,Customer 09,,89024.62,
06-12-2025,Purchase,268,Purchases - Local,119669.95,,
06-12-2025,Purchase,268,Supplier 04,,119669.95,
06-12-2025,Payment,415,Supplier 04,99078.00,,
06-12-2025,Payment,415,HDFC Bank Current A/c,,99078.00,
06-12-2025,Payment,416,Conveyance,437.88,,
06-12-2025,Payment,416,Cash,,437.88,
07-12-2025,Sales,527,Cash,17340.27,,
07-12-2025,Sales,527,Sales - Local,,17340.27,
07-12-2025,Payment,417,Supplier 07,358709.40,,
07-12-2025,Payment,417,HDFC Bank Current A/c,,358709.40,
07-12-2025,Sales,528,Customer 04,50130.33,,
07-12-2025,Sales,528,Sales - Local,,50130.33,
07-12-2025,Payment,418,Supplier 04,17821.36,,
07-12-2025,Payment,418,HDFC Bank Current A/c,,17821.36,
07-12-2025,Sales,529,Cash,6621.45,,
07-12-2025,Sales,529,Sales - Local,,6621.45,
07-12-2025,Payment,419,Supplier 08,373087.74,,
07-12-2025,Payment,419,HDFC Bank Current A/c,,373087.74,
08-12-2025,Purchase,269,Purchases - Local,100762.54,,
08-12-2025,Purchase,269,Supplier 03,,100762.54,
08-12-2025,Sales,530,Cash,49039.88,,
08-12-2025,Sales,530,Sales - Local,,49039.88,
08-12-2025,Payment,420,Office Expenses,9995.56,,
08-12-2025,Payment,420,Cash,,9995.56,
08-12-2025,Sales,531,Cash,41260.94,,
08-12-2025,Sales,531,Sales - Local,,41260.94,
08-12-2025,Payment,421,Supplier 07,3769.61,,
08-12-2025,Payment,421,HDFC Bank Current A/c,,3769.61,
08-12-2025,Receipt,336,HDFC Bank Current A/c,8217.20,,
08-12-2025,Receipt,336,Interest Received,,8217.20,
09-12-2025,Receipt,337,Cash,10804.64,,
09-12-2025,Receipt,337,Customer 12,,10804.64,
09-12-2025,Payment,422,Staff Welfare,7565.86,,
09-12-2025,Payment,422,Cash,,7565.86,
09-12-2025,Receipt,338,HDFC Bank Current A/c,62592.36,,
09-12-2025,Receipt,338,Customer 10,,62592.36,
09-12-2025,Sales,532,Cash,45291.82,,
09-12-2025,Sales,532,Sales - Local,,45291.82,
09-12-2025,Sales,533,Cash,5928.12,,
09-12-2025,Sales,533,Sales - Local,,5928.12,
09-12-2025,Purchase,270,Purchases - Local,71590.98,,
09-12-2025,Purchase,270,Supplier 06,,71590.98,
10-12-2025,Receipt,339,HDFC Bank Current A/c,79945.86,,
10-12-2025,Receipt,339,Customer 01,,79945.86,
10-12-2025,Payment,423,Supplier 04,1282.47,,
10-12-2025,Payment,423,HDFC Bank Current A/c,,1282.47,
10-12-2025,Payment,424,Bank Charges,27.72,,
10-12-2025,Payment,424,HDFC Bank Current A/c,,27.72,
10-12-2025,Receipt,340,HDFC Bank Current A/c,1177387.97,,
10-12-2025,Receipt,340,Customer 02,,1177387.97,
10-12-2025,Payment,425,Conveyance,1325.70,,
10-12-2025,Payment,425,Cash,,1325.70,
10-12-2025,Payment,426,Supplier 03,75689.99,,
10-12-2025,Payment,426,HDFC Bank Current A/c,,75689.99,
11-12-2025,Purchase,271,Purchases - Local,56623.56,,
11-12-2025,Purchase,271,Supplier 06,,56623.56,
11-12-2025,Sales,534,Customer 08,118740.86,,
11-12-2025,Sales,534,Sales - Local,,118740.86,
11-12-2025,Sales,535,Customer 12,120475.53,,
11-12-2025,Sales,535,Sales - Local,,120475.53,
11-12-2025,Sales,536,Customer 11,26913.12,,
11-12-2025,Sales,536,Sales - Local,,26913.12,
11-12-2025,Payment,427,Supplier 01,220868.15,,
11-12-2025,Payment,427,HDFC Bank Current A/c,,220868.15,
11-12-2025,Receipt,341,HDFC Bank Current A/c,83727.45,,
11-12-2025,Receipt,341,Customer 03,,83727.45,
12-12-2025,Payment,428,Rent,25000.00,,
12-12-2025,Payment,428,HDFC Bank Current A/c,,25000.00,
12-12-2025,Payment,429,Salary,53427.27,,
12-12-2025,Payment,429,HDFC Bank Current A/c,,53427.27,
12-12-2025,Payment,430,Electricity Charges,4651.78,,
12-12-2025,Payment,430,HDFC Bank Current A/c,,4651.78,
12-12-2025,Journal,13,Interest on Unsecured Loans,3000.00,,
12-12-2025,Journal,13,Unsecured Loan - Rajesh Kumar,,2700.00,
12-12-2025,Journal,13,TDS Payable,,300.00,
12-12-2025,Payment,431,TDS Payable,300.00,,
12-12-2025,Payment,431,HDFC Bank Current A/c,,300.00,
12-12-2025,Payment,432,Supplier 06,72951.88,,
12-12-2025,Payment,432,HDFC Bank Current A/c,,72951.88,
12-12-2025,Sales,537,Cash,33290.43,,
12-12-2025,Sales,537,Sales - Local,,33290.43,
12-12-2025,Receipt,342,HDFC Bank Current A/c,173389.92,,
12-12-2025,Receipt,342,Customer 06,,173389.92,
12-12-2025,Sales,538,Cash,20746.79,,
12-12-2025,Sales,538,Sales - Local,,20746.79,
12-12-2025,Purchase,272,Purchases - Local,26055.03,,
12-12-2025,Purchase,272,Supplier 07,,26055.03,
12-12-2025,Purchase,273,Purchases - Local,117471.64,,
12-12-2025,Purchase,273,Supplier 03,,117471.64,
13-12-2025,Purchase,274,Purchases - Local,88830.61,,
13-12-2025,Purchase,274,Supplier 02,,88830.61,
13-12-2025,Receipt,343,HDFC Bank Current A/c,41358.35,,
13-12-2025,Receipt,343,Customer 03,,41358.35,
13-12-2025,Receipt,344,HDFC Bank Current A/c,59016.34,,
13-12-2025,Receipt,344,Customer 09,,59016.34,
13-12-2025,Sales,539,Customer 09,149012.76,,
13-12-2025,Sales,539,Sales - Local,,149012.76,
13-12-2025,Receipt,345,Cash,9746.09,,
13-12-2025,Receipt,345,Customer 05,,9746.09,
13-12-2025,Sales,540,Cash,26775.20,,
13-12-2025,Sales,540,Sales - Local,,26775.20,
14-12-2025,Purchase,275,Purchases - Local,69095.06,,
14-12-2025,Purchase,275,Supplier 07,,69095.06,
14-12-2025,Sales,541,Customer 09,31968.24,,
14-12-2025,Sales,541,Sales - Local,,31968.24,
14-12-2025,Sales,542,Cash,23954.62,,
14-12-2025,Sales,542,Sales - Local,,23954.62,
14-12-2025,Receipt,346,Cash,5002.84,,
14-12-2025,Receipt,346,Customer 09,,5002.84,
14-12-2025,Payment,433,Office Expenses,8200.59,,
14-12-2025,Payment,433,Cash,,8200.59,
14-12-2025,Payment,434,Supplier 05,224538.14,,
14-12-2025,Payment,434,HDFC Bank Current A/c,,224538.14,
15-12-2025,Sales,543,Customer 12,78054.32,,
15-12-2025,Sales,543,Sales - Local,,78054.32,
15-12-2025,Sales,544,Customer 12,198801.98,,
15-12-2025,Sales,544,Sales - Local,,198801.98,
15-12-2025,Purchase,276,Purchases - Local,95216.13,,
15-12-2025,Purchase,276,Supplier 07,,95216.13,
15-12-2025,Sales,545,Customer 04,30748.15,,
15-12-2025,Sales,545,Sales - Local,,30748.15,
15-12-2025,Purchase,277,Purchases - Local,60788.59,,
15-12-2025,Purchase,277,Supplier 03,,60788.59,
16-12-2025,Receipt,347,Cash,12371.45,,
16-12-2025,Receipt,347,Customer 07,,12371.45,
16-12-2025,Payment,435,Supplier 07,181246.33,,
16-12-2025,Payment,435,HDFC Bank Current A/c,,181246.33,
16-12-2025,Sales,546,Customer 05,160763.78,,
16-12-2025,Sales,546,Sales - Local,,160763.78,
16-12-2025,Payment,436,Supplier 05,4098.43,,
16-12-2025,Payment,436,HDFC Bank Current A/c,,4098.43,
16-12-2025,Receipt,348,Cash,11392.66,,
16-12-2025,Receipt,348,Customer 02,,11392.66,
16-12-2025,Purchase,278,Purchases - Local,85992.90,,
16-12-2025,Purchase,278,Supplier 05,,85992.90,
17-12-2025,Purchase,279,Purchases - Local,100249.18,,
17-12-2025,Purchase,279,Supplier 06,,100249.18,
17-12-2025,Receipt,349,HDFC Bank Current A/c,9330.22,,
17-12-2025,Receipt,349,Customer 10,,9330.22,
17-12-2025,Sales,547,Cash,22400.30,,
17-12-2025,Sales,547,Sales - Local,,22400.30,
17-12-2025,Receipt,350,HDFC Bank Current A/c,5434.79,,
17-12-2025,Receipt,350,Interest Received,,5434.79,
17-12-2025,Sales,548,Cash,3737.56,,
17-12-2025,Sales,548,Sales - Local,,3737.56,
17-12-2025,Receipt,351,HDFC Bank Current A/c,102387.15,,
17-12-2025,Receipt,351,Customer 08,,102387.15,
18-12-2025,Purchase,280,Purchases - Local,117017.90,,
18-12-2025,Purchase,280,Supplier 04,,117017.90,
18-12-2025,Payment,437,Printing & Stationery,9894.59,,
18-12-2025,Payment,437,Cash,,9894.59,
18-12-2025,Payment,438,Staff Welfare,5821.49,,
18-12-2025,Payment,438,Cash,,5821.49,
18-12-2025,Payment,439,Supplier 02,216036.89,,
18-12-2025,Payment,439,HDFC Bank Current A/c,,216036.89,
18-12-2025,Payment,440,Office Expenses,9922.56,,
18-12-2025,Payment,440,Cash,,9922.56,
19-12-2025,Purchase,281,Purchases - Local,112430.50,,
19-12-2025,Purchase,281,Supplier 08,,112430.50,
19-12-2025,Sales,549,Customer 06,138249.09,,
19-12-2025,Sales,549,Sales - Local,,138249.09,
19-12-2025,Sales,550,Customer 09,123457.01,,
19-12-2025,Sales,550,Sales - Local,,123457.01,
19-12-2025,Sales,551,Customer 11,46829.50,,
19-12-2025,Sales,551,Sales - Local,,46829.50,
19-12-2025,Sales,552,Customer 04,24436.49,,
19-12-2025,Sales,552,Sales - Local,,24436.49,
19-12-2025,Purchase,282,Purchases - Local,63156.12,,
19-12-2025,Purchase,282,Supplier 02,,63156.12,
20-12-2025,Sales,553,Customer 02,154529.04,,
20-12-2025,Sales,553,Sales - Local,,154529.04,
20-12-2025,Receipt,352,HDFC Bank Current A/c,131928.83,,
20-12-2025,Receipt,352,Customer 06,,131928.83,
20-12-2025,Purchase,283,Purchases - Local,98879.71,,
20-12-2025,Purchase,283,Supplier 04,,98879.71,
20-12-2025,Payment,441,Supplier 02,43262.76,,
20-12-2025,Payment,441,HDFC Bank Current A/c,,43262.76,
20-12-2025,Sales,554,Cash,45783.43,,
20-12-2025,Sales,554,Sales - Local,,45783.43,
20-12-2025,Receipt,353,HDFC Bank Current A/c,21965.84,,
20-12-2025,Receipt,353,Customer 03,,21965.84,
21-12-2025,Purchase,284,Purchases - Local,11148.08,,
21-12-2025,Purchase,284,Supplier 07,,11148.08,
21-12-2025,Receipt,354,HDFC Bank Current A/c,139281.27,,
21-12-2025,Receipt,354,Customer 05,,139281.27,
21-12-2025,Purchase,285,Purchases - Local,26648.18,,
21-12-2025,Purchase,285,Supplier 07,,26648.18,
21-12-2025,Sales,555,Customer 08,9482.74,,
21-12-2025,Sales,555,Sales - Local,,9482.74,
21-12-2025,Payment,442,Supplier 02,10182.51,,
21-12-2025,Payment,442,HDFC Bank Current A/c,,10182.51,
21-12-2025,Sales,556,Cash,49759.69,,
21-12-2025,Sales,556,Sales - Local,,49759.69,
22-12-2025,Payment,443,Supplier 07,24146.55,,
22-12-2025,Payment,443,HDFC Bank Current A/c,,24146.55,
22-12-2025,Sales,557,Cash,40806.74,,
22-12-2025,Sales,557,Sales - Local,,40806.74,
22-12-2025,Sales,558,Customer 08,48390.81,,
22-12-2025,Sales,558,Sales - Local,,48390.81,
22-12-2025,Sales,559,Customer 05,76655.68,,
22-12-2025,Sales,559,Sales - Local,,76655.68,
22-12-2025,Receipt,355,HDFC Bank Current A/c,4573.83,,
22-12-2025,Receipt,355,Customer 10,,4573.83,
22-12-2025,Purchase,286,Purchases - Local,106137.84,,
22-12-2025,Purchase,286,Supplier 07,,106137.84,
23-12-2025,Receipt,356,HDFC Bank Current A/c,21923.93,,
23-12-2025,Receipt,356,Customer 06,,21923.93,
23-12-2025,Payment,444,Supplier 03,47748.20,,
23-12-2025,Payment,444,HDFC Bank Current A/c,,47748.20,
23-12-2025,Sales,560,Customer 06,186157.89,,
23-12-2025,Sales,560,Sales - Local,,186157.89,
23-12-2025,Payment,445,Supplier 07,146381.32,,
23-12-2025,Payment,445,HDFC Bank Current A/c,,146381.32,
23-12-2025,Sales,561,Customer 01,34485.16,,
23-12-2025,Sales,561,Sales - Local,,34485.16,
24-12-2025,Purchase,287,Purchases - Local,50797.11,,
24-12-2025,Purchase,287,Supplier 05,,50797.11,
24-12-2025,Receipt,357,HDFC Bank Current A/c,1270.92,,
24-12-2025,Receipt,357,Customer 03,,1270.92,
24-12-2025,Purchase,288,Purchases - Local,62546.46,,
24-12-2025,Purchase,288,Supplier 03,,62546.46,
24-12-2025,Receipt,358,Cash,7714.28,,
24-12-2025,Receipt,358,Customer 02,,7714.28,
24-12-2025,Receipt,359,Cash,9002.26,,
24-12-2025,Receipt,359,Customer 07,,9002.26,
24-12-2025,Receipt,360,HDFC Bank Current A/c,232617.79,,
24-12-2025,Receipt,360,Customer 12,,232617.79,
25-12-2025,Sales,562,Customer 11,84978.40,,
25-12-2025,Sales,562,Sales - Local,,84978.40,
25-12-2025,Payment,446,Telephone Expenses,3572.78,,
25-12-2025,Payment,446,Cash,,3572.78,
25-12-2025,Receipt,361,Cash,9405.08,,
25-12-2025,Receipt,361,Customer 04,,9405.08,
25-12-2025,Purchase,289,Purchases - Local,95272.91,,
25-12-2025,Purchase,289,Supplier 02,,95272.91,
25-12-2025,Sales,563,Cash,33721.63,,
25-12-2025,Sales,563,Sales - Local,,33721.63,
26-12-2025,Sales,564,Customer 10,186749.30,,
26-12-2025,Sales,564,Sales - Local,,186749.30,
26-12-2025,Purchase,290,Purchases - Local,11128.99,,
26-12-2025,Purchase,290,Supplier 01,,11128.99,
26-12-2025,Purchase,291,Purchases - Local,78449.73,,
26-12-2025,Purchase,291,Supplier 02,,78449.73,
26-12-2025,Receipt,362,HDFC Bank Current A/c,151930.85,,
26-12-2025,Receipt,362,Customer 09,,151930.85,
26-12-2025,Payment,447,Supplier 01,31524.45,,
26-12-2025,Payment,447,HDFC Bank Current A/c,,31524.45,
26-12-2025,Purchase,292,Purchases - Local,54673.61,,
26-12-2025,Purchase,292,Supplier 06,,54673.61,
27-12-2025,Sales,565,Cash,43683.12,,
27-12-2025,Sales,565,Sales - Local,,43683.12,
27-12-2025,Sales,566,Cash,6590.62,,
27-12-2025,Sales,566,Sales - Local,,6590.62,
27-12-2025,Payment,448,Printing & Stationery,9738.40,,
27-12-2025,Payment,448,Cash,,9738.40,
27-12-2025,Sales,567,Customer 01,173404.48,,
27-12-2025,Sales,567,Sales - Local,,173404.48,
27-12-2025,Payment,449,Supplier 04,173204.01,,
27-12-2025,Payment,449,HDFC Bank Current A/c,,173204.01,
27-12-2025,Sales,568,Cash,13916.85,,
27-12-2025,Sales,568,Sales - Local,,13916.85,
28-12-2025,Purchase,293,Purchases - Local,118793.87,,
28-12-2025,Purchase,293,Supplier 06,,118793.87,
28-12-2025,Sales,569,Customer 01,109843.15,,
28-12-2025,Sales,569,Sales - Local,,109843.15,
28-12-2025,Purchase,294,Purchases - Local,110542.74,,
28-12-2025,Purchase,294,Supplier 04,,110542.74,
28-12-2025,Payment,450,Conveyance,7310.13,,
28-12-2025,Payment,450,Cash,,7310.13,
28-12-2025,Payment,451,Staff Welfare,7696.96,,
28-12-2025,Payment,451,Cash,,7696.96,
29-12-2025,Receipt,363,Cash,4212.63,,
29-12-2025,Receipt,363,Customer 04,,4212.63,
29-12-2025,Receipt,364,HDFC Bank Current A/c,27426.18,,
29-12-2025,Receipt,364,Customer 08,,27426.18,
29-12-2025,Payment,452,Supplier 02,14287.97,,
29-12-2025,Payment,452,HDFC Bank Current A/c,,14287.97,
29-12-2025,Receipt,365,HDFC Bank Current A/c,429728.32,,
29-12-2025,Receipt,365,Customer 12,,429728.32,
29-12-2025,Sales,570,Customer 09,58647.96,,
29-12-2025,Sales,570,Sales - Local,,58647.96,
29-12-2025,Receipt,366,HDFC Bank Current A/c,6659.03,,
29-12-2025,Receipt,366,Interest Received,,6659.03,
30-12-2025,Purchase,295,Purchases - Local,109692.81,,
30-12-2025,Purchase,295,Supplier 02,,109692.81,
30-12-2025,Sales,571,Customer 05,86689.12,,
30-12-2025,Sales,571,Sales - Local,,86689.12,
30-12-2025,Sales,572,Customer 11,16545.87,,
30-12-2025,Sales,572,Sales - Local,,16545.87,
30-12-2025,Sales,573,Customer 11,129777.51,,
30-12-2025,Sales,573,Sales - Local,,129777.51,
30-12-2025,Payment,453,Supplier 05,246462.60,,
30-12-2025,Payment,453,HDFC Bank Current A/c,,246462.60,
30-12-2025,Purchase,296,Purchases - Local,78841.08,,
30-12-2025,Purchase,296,Supplier 01,,78841.08,
31-12-2025,Purchase,297,Purchases - Local,65910.01,,
31-12-2025,Purchase,297,Supplier 03,,65910.01,
31-12-2025,Payment,454,Supplier 03,35450.92,,
31-12-2025,Payment,454,HDFC Bank Current A/c,,35450.92,
31-12-2025,Purchase,298,Purchases - Local,47291.29,,
31-12-2025,Purchase,298,Supplier 01,,47291.29,
31-12-2025,Receipt,367,HDFC Bank Current A/c,24040.70,,
31-12-2025,Receipt,367,Customer 10,,24040.70,
31-12-2025,Receipt,368,HDFC Bank Current A/c,168413.72,,
31-12-2025,Receipt,368,Customer 05,,168413.72,
31-12-2025,Purchase,299,Purchases - Local,76966.70,,
31-12-2025,Purchase,299,Supplier 01,,76966.70,
01-01-2026,Sales,574,Customer 11,116524.14,,
01-01-2026,Sales,574,Sales - Local,,116524.14,
01-01-2026,Sales,575,Cash,13573.46,,
01-01-2026,Sales,575,Sales - Local,,13573.46,
01-01-2026,Receipt,369,HDFC Bank Current A/c,38591.69,,
01-01-2026,Receipt,369,Customer 12,,38591.69,
01-01-2026,Payment,455,Telephone Expenses,9242.26,,
01-01-2026,Payment,455,Cash,,9242.26,
01-01-2026,Purchase,300,Purchases - Local,111770.07,,
01-01-2026,Purchase,300,Supplier 05,,111770.07,
02-01-2026,Payment,456,Supplier 07,4209.50,,
02-01-2026,Payment,456,HDFC Bank Current A/c,,4209.50,
02-01-2026,Purchase,301,Purchases - Local,25121.47,,
02-01-2026,Purchase,301,Supplier 03,,25121.47,
02-01-2026,Sales,576,Cash,34878.37,,
02-01-2026,Sales,576,Sales - Local,,34878.37,
02-01-2026,Sales,577,Cash,903.55,,
02-01-2026,Sales,577,Sales - Local,,903.55,
02-01-2026,Sales,578,Customer 02,34137.20,,
02-01-2026,Sales,578,Sales - Local,,34137.20,
02-01-2026,Purchase,302,Purchases - Local,72392.88,,
02-01-2026,Purchase,302,Supplier 01,,72392.88,
03-01-2026,Sales,579,Cash,3776.59,,
03-01-2026,Sales,579,Sales - Local,,3776.59,
03-01-2026,Receipt,370,HDFC Bank Current A/c,170592.99,,
03-01-2026,Receipt,370,Customer 09,,170592.99,
03-01-2026,Payment,457,Supplier 02,240622.25,,
03-01-2026,Payment,457,HDFC Bank Current A/c,,240622.25,
03-01-2026,Payment,458,Telephone Expenses,6210.60,,
03-01-2026,Payment,458,Cash,,6210.60,
03-01-2026,Sales,580,Customer 03,198315.94,,
03-01-2026,Sales,580,Sales - Local,,198315.94,
03-01-2026,Receipt,371,HDFC Bank Current A/c,56220.40,,
03-01-2026,Receipt,371,Customer 06,,56220.40,
04-01-2026,Receipt,372,HDFC Bank Current A/c,104735.98,,
04-01-2026,Receipt,372,Customer 03,,104735.98,
04-01-2026,Receipt,373,HDFC Bank Current A/c,302072.39,,
04-01-2026,Receipt,373,Customer 11,,302072.39,
04-01-2026,Receipt,374,HDFC Bank Current A/c,4124.43,,
04-01-2026,Receipt,374,Interest Received,,4124.43,
04-01-2026,Receipt,375,Cash,10111.63,,
04-01-2026,Receipt,375,Customer 01,,10111.63,
04-01-2026,Purchase,303,Purchases - Local,32960.31,,
04-01-2026,Purchase,303,Supplier 06,,32960.31,
05-01-2026,Purchase,304,Purchases - Local,68777.00,,
05-01-2026,Purchase,304,Supplier 01,,68777.00,
05-01-2026,Payment,459,Office Expenses,5038.36,,
05-01-2026,Payment,459,Cash,,5038.36,
05-01-2026,Receipt,376,Cash,6087.00,,
05-01-2026,Receipt,376,Customer 09,,6087.00,
05-01-2026,Receipt,377,HDFC Bank Current A/c,9332.65,,
05-01-2026,Receipt,377,Customer 09,,9332.65,
05-01-2026,Purchase,305,Purchases - Local,42049.36,,
05-01-2026,Purchase,305,Supplier 07,,42049.36,
05-01-2026,Sales,581,Cash,12848.35,,
05-01-2026,Sales,581,Sales - Local,,12848.35,
06-01-2026,Receipt,378,HDFC Bank Current A/c,245200.05,,
06-01-2026,Receipt,378,Customer 01,,245200.05,
06-01-2026,Payment,460,Supplier 02,3148.50,,
06-01-2026,Payment,460,HDFC Bank Current A/c,,3148.50,
06-01-2026,Sales,582,Customer 11,138934.44,,
06-01-2026,Sales,582,Sales - Local,,138934.44,
06-01-2026,Payment,461,Staff Welfare,2217.19,,
06-01-2026,Payment,461,Cash,,2217.19,
06-01-2026,Payment,462,Supplier 05,177603.83,,
06-01-2026,Payment,462,HDFC Bank Current A/c,,177603.83,
06-01-2026,Receipt,379,Cash,3486.37,,
06-01-2026,Receipt,379,Customer 06,,3486.37,
07-01-2026,Sales,583,Customer 07,12551.36,,
07-01-2026,Sales,583,Sales - Local,,12551.36,
07-01-2026,Receipt,380,HDFC Bank Current A/c,87752.97,,
07-01-2026,Receipt,380,Customer 03,,87752.97,
07-01-2026,Receipt,381,HDFC Bank Current A/c,58169.45,,
07-01-2026,Receipt,381,Customer 10,,58169.45,
07-01-2026,Payment,463,Staff Welfare,150.09,,
07-01-2026,Payment,463,Cash,,150.09,
07-01-2026,Sales,584,Cash,26567.59,,
07-01-2026,Sales,584,Sales - Local,,26567.59,
07-01-2026,Purchase,306,Purchases - Local,102604.05,,
07-01-2026,Purchase,306,Supplier 01,,102604.05,
08-01-2026,Sales,585,Cash,16709.55,,
08-01-2026,Sales,585,Sales - Local,,16709.55,
08-01-2026,Sales,586,Customer 12,192049.75,,
08-01-2026,Sales,586,Sales - Local,,192049.75,
08-01-2026,Receipt,382,HDFC Bank Current A/c,166763.05,,
08-01-2026,Receipt,382,Customer 02,,166763.05,
08-01-2026,Sales,587,Customer 11,100353.27,,
08-01-2026,Sales,587,Sales - Local,,100353.27,
08-01-2026,Payment,464,Printing & Stationery,6213.83,,
08-01-2026,Payment,464,Cash,,6213.83,
08-01-2026,Sales,588,Customer 07,78376.09,,
08-01-2026,Sales,588,Sales - Local,,78376.09,
09-01-2026,Sales,589,Customer 08,193201.31,,
09-01-2026,Sales,589,Sales - Local,,193201.31,
09-01-2026,Purchase,307,Purchases - Local,33928.32,,
09-01-2026,Purchase,307,Supplier 02,,33928.32,
09-01-2026,Sales,590,Customer 03,94434.75,,
09-01-2026,Sales,590,Sales - Local,,94434.75,
09-01-2026,Purchase,308,Purchases - Local,61576.56,,
09-01-2026,Purchase,308,Supplier 06,,61576.56,
09-01-2026,Payment,465,Bank Charges,69.83,,
09-01-2026,Payment,465,HDFC Bank Current A/c,,69.83,
09-01-2026,Payment,466,Supplier 04,94451.51,,
09-01-2026,Payment,466,HDFC Bank Current A/c,,94451.51,
10-01-2026,Sales,591,Customer 05,42434.85,,
10-01-2026,Sales,591,Sales - Local,,42434.85,
10-01-2026,Payment,467,Supplier 02,41890.34,,
10-01-2026,Payment,467,HDFC Bank Current A/c,,41890.34,
10-01-2026,Sales,592,Customer 03,130066.27,,
10-01-2026,Sales,592,Sales - Local,,130066.27,
10-01-2026,Receipt,383,HDFC Bank Current A/c,22324.19,,
10-01-2026,Receipt,383,Customer 02,,22324.19,
10-01-2026,Purchase,309,Purchases - Local,90637.52,,
10-01-2026,Purchase,309,Supplier 05,,90637.52,
10-01-2026,Purchase,310,Purchases - Local,66590.61,,
10-01-2026,Purchase,310,Supplier 07,,66590.61,
11-01-2026,Payment,468,Rent,25000.00,,
11-01-2026,Payment,468,HDFC Bank Current A/c,,25000.00,
11-01-2026,Payment,469,Salary,41289.05,,
11-01-2026,Payment,469,HDFC Bank Current A/c,,41289.05,
11-01-2026,Payment,470,Electricity Charges,4999.51,,
11-01-2026,Payment,470,HDFC Bank Current A/c,,4999.51,
11-01-2026,Journal,14,Interest on Unsecured Loans,3000.00,,
11-01-2026,Journal,14,Unsecured Loan - Rajesh Kumar,,2700.00,
11-01-2026,Journal,14,TDS Payable,,300.00,
11-01-2026,Payment,471,TDS Payable,300.00,,
11-01-2026,Payment,471,HDFC Bank Current A/c,,300.00,
11-01-2026,Sales,593,Cash,42649.62,,
11-01-2026,Sales,593,Sales - Local,,42649.62,
11-01-2026,Receipt,384,HDFC Bank Current A/c,20981.78,,
11-01-2026,Receipt,384,Customer 09,,20981.78,
11-01-2026,Sales,594,Customer 02,12616.22,,
11-01-2026,Sales,594,Sales - Local,,12616.22,
11-01-2026,Payment,472,Supplier 01,321902.75,,
11-01-2026,Payment,472,HDFC Bank Current A/c,,321902.75,
11-01-2026,Sales,595,Cash,44285.23,,
11-01-2026,Sales,595,Sales - Local,,44285.23,
11-01-2026,Sales,596,Cash,12753.89,,
11-01-2026,Sales,596,Sales - Local,,12753.89,
12-01-2026,Payment,473,Supplier 07,20987.15,,
12-01-2026,Payment,473,HDFC Bank Current A/c,,20987.15,
12-01-2026,Sales,597,Customer 01,32481.28,,
12-01-2026,Sales,597,Sales - Local,,32481.28,
12-01-2026,Payment,474,Telephone Expenses,6297.40,,
12-01-2026,Payment,474,Cash,,6297.40,
12-01-2026,Payment,475,Staff Welfare,1905.12,,
12-01-2026,Payment,475,Cash,,1905.12,
12-01-2026,Payment,476,Supplier 03,284320.45,,
12-01-2026,Payment,476,HDFC Bank Current A/c,,284320.45,
12-01-2026,Sales,598,Cash,11733.41,,
12-01-2026,Sales,598,Sales - Local,,11733.41,
13-01-2026,Payment,477,Conveyance,5763.44,,
13-01-2026,Payment,477,Cash,,5763.44,
13-01-2026,Purchase,311,Purchases - Local,9150.20,,
13-01-2026,Purchase,311,Supplier 04,,9150.20,
13-01-2026,Receipt,385,HDFC Bank Current A/c,42646.02,,
13-01-2026,Receipt,385,Customer 05,,42646.02,
13-01-2026,Sales,599,Customer 10,118781.45,,
13-01-2026,Sales,599,Sales - Local,,118781.45,
13-01-2026,Sales,600,Customer 06,62022.52,,
13-01-2026,Sales,600,Sales - Local,,62022.52,
13-01-2026,Receipt,386,HDFC Bank Current A/c,15894.74,,
13-01-2026,Receipt,386,Customer 05,,15894.74,
14-01-2026,Sales,601,Customer 06,87180.39,,
14-01-2026,Sales,601,Sales - Local,,87180.39,
14-01-2026,Payment,478,Supplier 02,12579.62,,
14-01-2026,Payment,478,HDFC Bank Current A/c,,12579.62,
14-01-2026,Payment,479,Supplier 04,38937.29,,
14-01-2026,Payment,479,HDFC Bank Current A/c,,38937.29,
14-01-2026,Purchase,312,Purchases - Local,72734.99,,
14-01-2026,Purchase,312,Supplier 01,,72734.99,
14-01-2026,Receipt,387,HDFC Bank Current A/c,57646.61,,
14-01-2026,Receipt,387,Customer 12,,57646.61,
14-01-2026,Purchase,313,Purchases - Local,99114.97,,
14-01-2026,Purchase,313,Supplier 02,,99114.97,
15-01-2026,Sales,602,Customer 10,85193.59,,
15-01-2026,Sales,602,Sales - Local,,85193.59,
15-01-2026,Receipt,388,Cash,18961.37,,
15-01-2026,Receipt,388,Customer 07,,18961.37,
15-01-2026,Sales,603,Cash,4021.10,,
15-01-2026,Sales,603,Sales - Local,,4021.10,
15-01-2026,Receipt,389,HDFC Bank Current A/c,25532.66,,
15-01-2026,Receipt,389,Customer 03,,25532.66,
15-01-2026,Receipt,390,HDFC Bank Current A/c,21215.71,,
15-01-2026,Receipt,390,Customer 12,,21215.71,
15-01-2026,Sales,604,Cash,39730.82,,
15-01-2026,Sales,604,Sales - Local,,39730.82,
16-01-2026,Purchase,314,Purchases - Local,110567.95,,
16-01-2026,Purchase,314,Supplier 08,,110567.95,
16-01-2026,Purchase,315,Purchases - Local,41425.33,,
16-01-2026,Purchase,315,Supplier 03,,41425.33,
16-01-2026,Receipt,391,HDFC Bank Current A/c,148410.36,,
16-01-2026,Receipt,391,Customer 04,,148410.36,
16-01-2026,Sales,605,Cash,15079.81,,
16-01-2026,Sales,605,Sales - Local,,15079.81,
16-01-2026,Sales,606,Customer 08,9924.39,,
16-01-2026,Sales,606,Sales - Local,,9924.39,
16-01-2026,Sales,607,Customer 08,108044.35,,
16-01-2026,Sales,607,Sales - Local,,108044.35,
17-01-2026,Payment,480,Bank Charges,12.29,,
17-01-2026,Payment,480,HDFC Bank Current A/c,,12.29,
17-01-2026,Sales,608,Customer 03,198155.98,,
17-01-2026,Sales,608,Sales - Local,,198155.98,
17-01-2026,Sales,609,Customer 10,152147.65,,
17-01-2026,Sales,609,Sales - Local,,152147.65,
17-01-2026,Payment,481,Office Expenses,7265.29,,
17-01-2026,Payment,481,Cash,,7265.29,
17-01-2026,Receipt,392,HDFC Bank Current A/c,115912.17,,
17-01-2026,Receipt,392,Customer 12,,115912.17,
17-01-2026,Purchase,316,Purchases - Local,59364.92,,
17-01-2026,Purchase,316,Supplier 06,,59364.92,
18-01-2026,Purchase,317,Purchases - Local,34235.08,,
18-01-2026,Purchase,317,Supplier 05,,34235.08,
18-01-2026,Receipt,393,HDFC Bank Current A/c,2272.82,,
18-01-2026,Receipt,393,Customer 12,,2272.82,
18-01-2026,Payment,482,Telephone Expenses,4571.46,,
18-01-2026,Payment,482,Cash,,4571.46,
18-01-2026,Receipt,394,HDFC Bank Current A/c,211926.64,,
18-01-2026,Receipt,394,Customer 11,,211926.64,
18-01-2026,Purchase,318,Purchases - Local,73140.00,,
18-01-2026,Purchase,318,Supplier 06,,73140.00,
18-01-2026,Sales,610,Customer 11,105556.00,,
18-01-2026,Sales,610,Sales - Local,,105556.00,
19-01-2026,Payment,483,Supplier 04,5322.84,,
19-01-2026,Payment,483,HDFC Bank Current A/c,,5322.84,
19-01-2026,Purchase,319,Purchases - Local,108877.56,,
19-01-2026,Purchase,319,Supplier 01,,108877.56,
19-01-2026,Receipt,395,HDFC Bank Current A/c,93098.84,,
19-01-2026,Receipt,395,Customer 04,,93098.84,
19-01-2026,Payment,484,Supplier 03,18786.89,,
19-01-2026,Payment,484,HDFC Bank Current A/c,,18786.89,
19-01-2026,Sales,611,Customer 05,123145.34,,
19-01-2026,Sales,611,Sales - Local,,123145.34,
19-01-2026,Payment,485,Supplier 07,63691.95,,
19-01-2026,Payment,485,HDFC Bank Current A/c,,63691.95,
20-01-2026,Payment,486,Supplier 01,94904.35,,
20-01-2026,Payment,486,HDFC Bank Current A/c,,94904.35,
20-01-2026,Payment,487,Supplier 01,131404.90,,
20-01-2026,Payment,487,HDFC Bank Current A/c,,131404.90,
20-01-2026,Sales,612,Customer 10,44266.69,,
20-01-2026,Sales,612,Sales - Local,,44266.69,
20-01-2026,Purchase,320,Purchases - Local,8682.47,,
20-01-2026,Purchase,320,Supplier 08,,8682.47,
20-01-2026,Purchase,321,Purchases - Local,51041.17,,
20-01-2026,Purchase,321,Supplier 01,,51041.17,
20-01-2026,Purchase,322,Purchases - Local,7735.20,,
20-01-2026,Purchase,322,Supplier 03,,7735.20,
21-01-2026,Receipt,396,Cash,16996.33,,
21-01-2026,Receipt,396,Customer 02,,16996.33,
21-01-2026,Receipt,397,Cash,18185.99,,
21-01-2026,Receipt,397,Customer 05,,18185.99,
21-01-2026,Sales,613,Customer 01,44296.93,,
21-01-2026,Sales,613,Sales - Local,,44296.93,
21-01-2026,Sales,614,Cash,15329.62,,
21-01-2026,Sales,614,Sales - Local,,15329.62,
21-01-2026,Sales,615,Customer 12,94775.66,,
21-01-2026,Sales,615,Sales - Local,,94775.66,
21-01-2026,Payment,488,Office Expenses,708.39,,
21-01-2026,Payment,488,Cash,,708.39,
22-01-2026,Sales,616,Cash,7666.05,,
22-01-2026,Sales,616,Sales - Local,,7666.05,
22-01-2026,Receipt,398,Cash,16384.28,,
22-01-2026,Receipt,398,Customer 06,,16384.28,
22-01-2026,Purchase,323,Purchases - Local,36484.84,,
22-01-2026,Purchase,323,Supplier 07,,36484.84,
22-01-2026,Sales,617,Cash,18232.44,,
22-01-2026,Sales,617,Sales - Local,,18232.44,
22-01-2026,Sales,618,Cash,2394.94,,
22-01-2026,Sales,618,Sales - Local,,2394.94,
22-01-2026,Purchase,324,Purchases - Local,31600.22,,
22-01-2026,Purchase,324,Supplier 08,,31600.22,
23-01-2026,Receipt,399,Cash,14831.91,,
23-01-2026,Receipt,399,Customer 04,,14831.91,
23-01-2026,Payment,489,Supplier 05,97233.23,,
23-01-2026,Payment,489,HDFC Bank Current A/c,,97233.23,
23-01-2026,Sales,619,Customer 12,99219.94,,
23-01-2026,Sales,619,Sales - Local,,99219.94,
23-01-2026,Receipt,400,Cash,11476.01,,
23-01-2026,Receipt,400,Customer 02,,11476.01,
23-01-2026,Receipt,401,Cash,15670.74,,
23-01-2026,Receipt,401,Customer 04,,15670.74,
23-01-2026,Payment,490,Staff Welfare,3692.98,,
23-01-2026,Payment,490,Cash,,3692.98,
24-01-2026,Receipt,402,Cash,16482.05,,
24-01-2026,Receipt,402,Customer 10,,16482.05,
24-01-2026,Sales,620,Cash,2063.88,,
24-01-2026,Sales,620,Sales - Local,,2063.88,
24-01-2026,Sales,621,Customer 08,48943.27,,
24-01-2026,Sales,621,Sales - Local,,48943.27,
24-01-2026,Payment,491,Staff Welfare,6243.06,,
24-01-2026,Payment,491,Cash,,6243.06,
24-01-2026,Payment,492,Supplier 08,227819.95,,
24-01-2026,Payment,492,HDFC Bank Current A/c,,227819.95,
24-01-2026,Sales,622,Cash,48156.46,,
24-01-2026,Sales,622,Sales - Local,,48156.46,
25-01-2026,Receipt,403,HDFC Bank Current A/c,27713.45,,
25-01-2026,Receipt,403,Customer 09,,27713.45,
25-01-2026,Sales,623,Cash,20190.65,,
25-01-2026,Sales,623,Sales - Local,,20190.65,
25-01-2026,Purchase,325,Purchases - Local,115495.89,,
25-01-2026,Purchase,325,Supplier 05,,115495.89,
25-01-2026,Payment,493,Telephone Expenses,6221.68,,
25-01-2026,Payment,493,Cash,,6221.68,
25-01-2026,Sales,624,Cash,42983.84,,
25-01-2026,Sales,624,Sales - Local,,42983.84,
25-01-2026,Receipt,404,Cash,11888.53,,
25-01-2026,Receipt,404,Customer 05,,11888.53,
26-01-2026,Payment,494,Conveyance,5120.10,,
26-01-2026,Payment,494,Cash,,5120.10,
26-01-2026,Purchase,326,Purchases - Local,93389.88,,
26-01-2026,Purchase,326,Supplier 07,,93389.88,
26-01-2026,Receipt,405,HDFC Bank Current A/c,360092.52,,
26-01-2026,Receipt,405,Customer 03,,360092.52,
26-01-2026,Purchase,327,Purchases - Local,80760.72,,
26-01-2026,Purchase,327,Supplier 07,,80760.72,
26-01-2026,Payment,495,Staff Welfare,394.40,,
26-01-2026,Payment,495,Cash,,394.40,
26-01-2026,Sales,625,Customer 01,52832.06,,
26-01-2026,Sales,625,Sales - Local,,52832.06,
27-01-2026,Sales,626,Customer 08,78130.97,,
27-01-2026,Sales,626,Sales - Local,,78130.97,
27-01-2026,Sales,627,Cash,1125.32,,
27-01-2026,Sales,627,Sales - Local,,1125.32,
27-01-2026,Sales,628,Customer 05,47479.93,,
27-01-2026,Sales,628,Sales - Local,,47479.93,
27-01-2026,Purchase,328,Purchases - Local,98730.66,,
27-01-2026,Purchase,328,Supplier 05,,98730.66,
27-01-2026,Purchase,329,Purchases - Local,6226.50,,
27-01-2026,Purchase,329,Supplier 06,,6226.50,
27-01-2026,Purchase,330,Purchases - Local,67131.78,,
27-01-2026,Purchase,330,Supplier 03,,67131.78,
28-01-2026,Sales,629,Cash,37090.08,,
28-01-2026,Sales,629,Sales - Local,,37090.08,
28-01-2026,Purchase,331,Purchases - Local,25201.01,,
28-01-2026,Purchase,331,Supplier 05,,25201.01,
28-01-2026,Purchase,332,Purchases - Local,48564.80,,
28-01-2026,Purchase,332,Supplier 08,,48564.80,
28-01-2026,Payment,496,Bank Charges,428.50,,
28-01-2026,Payment,496,HDFC Bank Current A/c,,428.50,
28-01-2026,Sales,630,Customer 10,77331.19,,
28-01-2026,Sales,630,Sales - Local,,77331.19,
28-01-2026,Purchase,333,Purchases - Local,62346.17,,
28-01-2026,Purchase,333,Supplier 03,,62346.17,
29-01-2026,Receipt,406,HDFC Bank Current A/c,564218.31,,
29-01-2026,Receipt,406,Customer 10,,564218.31,
29-01-2026,Receipt,407,HDFC Bank Current A/c,175694.73,,
29-01-2026,Receipt,407,Customer 11,,175694.73,
29-01-2026,Receipt,408,HDFC Bank Current A/c,17861.62,,
29-01-2026,Receipt,408,Customer 11,,17861.62,
29-01-2026,Payment,497,Supplier 03,146953.18,,
29-01-2026,Payment,497,HDFC Bank Current A/c,,146953.18,
29-01-2026,Sales,631,Cash,33963.23,,
29-01-2026,Sales,631,Sales - Local,,33963.23,
29-01-2026,Sales,632,Customer 01,38930.20,,
29-01-2026,Sales,632,Sales - Local,,38930.20,
30-01-2026,Purchase,334,Purchases - Local,37591.92,,
30-01-2026,Purchase,334,Supplier 02,,37591.92,
30-01-2026,Purchase,335,Purchases - Local,83644.34,,
30-01-2026,Purchase,335,Supplier 01,,83644.34,
30-01-2026,Sales,633,Cash,43613.28,,
30-01-2026,Sales,633,Sales - Local,,43613.28,
30-01-2026,Payment,498,Bank Charges,92.85,,
30-01-2026,Payment,498,HDFC Bank Current A/c,,92.85,
30-01-2026,Sales,634,Customer 11,5814.40,,
30-01-2026,Sales,634,Sales - Local,,5814.40,
30-01-2026,Purchase,336,Purchases - Local,24166.77,,
30-01-2026,Purchase,336,Supplier 08,,24166.77,
31-01-2026,Sales,635,Customer 07,142702.03,,
31-01-2026,Sales,635,Sales - Local,,142702.03,
31-01-2026,Sales,636,Cash,34787.06,,
31-01-2026,Sales,636,Sales - Local,,34787.06,
31-01-2026,Purchase,337,Purchases - Local,17257.40,,
31-01-2026,Purchase,337,Supplier 01,,17257.40,
31-01-2026,Sales,637,Customer 01,126167.33,,
31-01-2026,Sales,637,Sales - Local,,126167.33,
31-01-2026,Receipt,409,HDFC Bank Current A/c,63592.31,,
31-01-2026,Receipt,409,Customer 02,,63592.31,
31-01-2026,Sales,638,Cash,38253.73,,
31-01-2026,Sales,638,Sales - Local,,38253.73,
01-02-2026,Purchase,338,Purchases - Local,17162.72,,
01-02-2026,Purchase,338,Supplier 03,,17162.72,
01-02-2026,Receipt,410,HDFC Bank Current A/c,1232.34,,
01-02-2026,Receipt,410,Customer 09,,1232.34,
01-02-2026,Sales,639,Cash,26037.80,,
01-02-2026,Sales,639,Sales - Local,,26037.80,
01-02-2026,Payment,499,Printing & Stationery,9508.85,,
01-02-2026,Payment,499,Cash,,9508.85,
01-02-2026,Sales,640,Customer 01,187391.23,,
01-02-2026,Sales,640,Sales - Local,,187391.23,
01-02-2026,Receipt,411,HDFC Bank Current A/c,394451.95,,
01-02-2026,Receipt,411,Customer 01,,394451.95,
02-02-2026,Sales,641,Cash,21996.28,,
02-02-2026,Sales,641,Sales - Local,,21996.28,
02-02-2026,Receipt,412,HDFC Bank Current A/c,37357.38,,
02-02-2026,Receipt,412,Customer 05,,37357.38,
02-02-2026,Receipt,413,HDFC Bank Current A/c,1510.11,,
02-02-2026,Receipt,413,Customer 10,,1510.11,
02-02-2026,Sales,642,Cash,26240.55,,
02-02-2026,Sales,642,Sales - Local,,26240.55,
02-02-2026,Sales,643,Customer 10,21298.68,,
02-02-2026,Sales,643,Sales - Local,,21298.68,
02-02-2026,Payment,500,Supplier 07,139177.75,,
02-02-2026,Payment,500,HDFC Bank Current A/c,,139177.75,
03-02-2026,Receipt,414,HDFC Bank Current A/c,147270.39,,
03-02-2026,Receipt,414,Customer 11,,147270.39,
03-02-2026,Sales,644,Customer 10,151674.84,,
03-02-2026,Sales,644,Sales - Local,,151674.84,
03-02-2026,Receipt,415,HDFC Bank Current A/c,4772.71,,
03-02-2026,Receipt,415,Interest Received,,4772.71,
03-02-2026,Payment,501,Supplier 07,71615.65,,
03-02-2026,Payment,501,HDFC Bank Current A/c,,71615.65,
03-02-2026,Sales,645,Cash,34050.63,,
03-02-2026,Sales,645,Sales - Local,,34050.63,
03-02-2026,Purchase,339,Purchases - Local,37178.00,,
03-02-2026,Purchase,339,Supplier 07,,37178.00,
04-02-2026,Receipt,416,HDFC Bank Current A/c,1630.26,,
04-02-2026,Receipt,416,Customer 04,,1630.26,
04-02-2026,Sales,646,Customer 08,101416.31,,
04-02-2026,Sales,646,Sales - Local,,101416.31,
04-02-2026,Purchase,340,Purchases - Local,47116.67,,
04-02-2026,Purchase,340,Supplier 04,,47116.67,
04-02-2026,Receipt,417,HDFC Bank Current A/c,16544.78,,
04-02-2026,Receipt,417,Customer 03,,16544.78,
04-02-2026,Payment,502,Supplier 07,84763.35,,
04-02-2026,Payment,502,HDFC Bank Current A/c,,84763.35,
04-02-2026,Payment,503,Printing & Stationery,9889.06,,
04-02-2026,Payment,503,Cash,,9889.06,
05-02-2026,Sales,647,Cash,40760.38,,
05-02-2026,Sales,647,Sales - Local,,40760.38,
05-02-2026,Receipt,418,HDFC Bank Current A/c,75586.04,,
05-02-2026,Receipt,418,Customer 05,,75586.04,
05-02-2026,Sales,648,Cash,1203.07,,
05-02-2026,Sales,648,Sales - Local,,1203.07,
05-02-2026,Payment,504,Supplier 06,338448.49,,
05-02-2026,Payment,504,HDFC Bank Current A/c,,338448.49,
05-02-2026,Payment,505,Supplier 07,1935.26,,
05-02-2026,Payment,505,HDFC Bank Current A/c,,1935.26,
05-02-2026,Sales,649,Customer 01,79499.37,,
05-02-2026,Sales,649,Sales - Local,,79499.37,
06-02-2026,Payment,506,Conveyance,8397.25,,
06-02-2026,Payment,506,Cash,,8397.25,
06-02-2026,Sales,650,Cash,4936.05,,
06-02-2026,Sales,650,Sales - Local,,4936.05,
06-02-2026,Payment,507,Bank Charges,124.27,,
06-02-2026,Payment,507,HDFC Bank Current A/c,,124.27,
06-02-2026,Sales,651,Customer 01,24260.98,,
06-02-2026,Sales,651,Sales - Local,,24260.98,
06-02-2026,Payment,508,Supplier 04,55004.26,,
06-02-2026,Payment,508,HDFC Bank Current A/c,,55004.26,
06-02-2026,Purchase,341,Purchases - Local,112217.28,,
06-02-2026,Purchase,341,Supplier 06,,112217.28,
07-02-2026,Receipt,419,HDFC Bank Current A/c,2164.28,,
07-02-2026,Receipt,419,Customer 02,,2164.28,
07-02-2026,Payment,509,Staff Welfare,1395.70,,
07-02-2026,Payment,509,Cash,,1395.70,
07-02-2026,Payment,510,Office Expenses,7154.40,,
07-02-2026,Payment,510,Cash,,7154.40,
07-02-2026,Receipt,420,Cash,625.79,,
07-02-2026,Receipt,420,Customer 10,,625.79,
07-02-2026,Sales,652,Cash,43822.08,,
07-02-2026,Sales,652,Sales - Local,,43822.08,
07-02-2026,Receipt,421,HDFC Bank Current A/c,25470.25,,
07-02-2026,Receipt,421,Customer 11,,25470.25,
08-02-2026,Purchase,342,Purchases - Local,83064.96,,
08-02-2026,Purchase,342,Supplier 08,,83064.96,
08-02-2026,Receipt,422,HDFC Bank Current A/c,14789.27,,
08-02-2026,Receipt,422,Customer 03,,14789.27,
08-02-2026,Purchase,343,Purchases - Local,106855.00,,
08-02-2026,Purchase,343,Supplier 05,,106855.00,
08-02-2026,Purchase,344,Purchases - Local,94747.90,,
08-02-2026,Purchase,344,Supplier 04,,94747.90,
08-02-2026,Purchase,345,Purchases - Local,41917.64,,
08-02-2026,Purchase,345,Supplier 04,,41917.64,
09-02-2026,Payment,511,Supplier 06,219101.85,,
09-02-2026,Payment,511,HDFC Bank Current A/c,,219101.85,
09-02-2026,Sales,653,Cash,30072.64,,
09-02-2026,Sales,653,Sales - Local,,30072.64,
09-02-2026,Purchase,346,Purchases - Local,43630.77,,
09-02-2026,Purchase,346,Supplier 01,,43630.77,
09-02-2026,Purchase,347,Purchases - Local,91582.27,,
09-02-2026,Purchase,347,Supplier 01,,91582.27,
09-02-2026,Purchase,348,Purchases - Local,66597.91,,
09-02-2026,Purchase,348,Supplier 05,,66597.91,
10-02-2026,Payment,512,Rent,25000.00,,
10-02-2026,Payment,512,HDFC Bank Current A/c,,25000.00,
10-02-2026,Payment,513,Salary,47665.97,,
10-02-2026,Payment,513,HDFC Bank Current A/c,,47665.97,
10-02-2026,Payment,514,Electricity Charges,7796.83,,
10-02-2026,Payment,514,HDFC Bank Current A/c,,7796.83,
10-02-2026,Journal,15,Interest on Unsecured Loans,3000.00,,
10-02-2026,Journal,15,Unsecured Loan - Rajesh Kumar,,2700.00,
10-02-2026,Journal,15,TDS Payable,,300.00,
10-02-2026,Payment,515,TDS Payable,300.00,,
10-02-2026,Payment,515,HDFC Bank Current A/c,,300.00,
10-02-2026,Receipt,423,HDFC Bank Current A/c,169702.21,,
10-02-2026,Receipt,423,Customer 12,,169702.21,
10-02-2026,Sales,654,Cash,38088.83,,
10-02-2026,Sales,654,Sales - Local,,38088.83,
10-02-2026,Receipt,424,HDFC Bank Current A/c,224497.96,,
10-02-2026,Receipt,424,Customer 01,,224497.96,
10-02-2026,Payment,516,Supplier 03,53433.61,,
10-02-2026,Payment,516,HDFC Bank Current A/c,,53433.61,
10-02-2026,Receipt,425,HDFC Bank Current A/c,1233.79,,
10-02-2026,Receipt,425,Customer 09,,1233.79,
10-02-2026,Payment,517,Supplier 04,151613.50,,
10-02-2026,Payment,517,HDFC Bank Current A/c,,151613.50,
11-02-2026,Purchase,349,Purchases - Local,86235.12,,
11-02-2026,Purchase,349,Supplier 06,,86235.12,
11-02-2026,Purchase,350,Purchases - Local,37830.52,,
11-02-2026,Purchase,350,Supplier 08,,37830.52,
11-02-2026,Receipt,426,HDFC Bank Current A/c,1778.82,,
11-02-2026,Receipt,426,Customer 02,,1778.82,
11-02-2026,Purchase,351,Purchases - Local,73199.81,,
11-02-2026,Purchase,351,Supplier 01,,73199.81,
12-02-2026,Sales,655,Customer 12,97338.82,,
12-02-2026,Sales,655,Sales - Local,,97338.82,
12-02-2026,Sales,656,Customer 10,121230.75,,
12-02-2026,Sales,656,Sales - Local,,121230.75,
12-02-2026,Payment,518,Supplier 04,3240.47,,
12-02-2026,Payment,518,HDFC Bank Current A/c,,3240.47,
12-02-2026,Sales,657,Cash,23842.67,,
12-02-2026,Sales,657,Sales - Local,,23842.67,
12-02-2026,Sales,658,Customer 03,16109.37,,
12-02-2026,Sales,658,Sales - Local,,16109.37,
12-02-2026,Payment,519,Staff Welfare,1294.16,,
12-02-2026,Payment,519,Cash,,1294.16,
13-02-2026,Purchase,352,Purchases - Local,78530.85,,
13-02-2026,Purchase,352,Supplier 07,,78530.85,
13-02-2026,Purchase,353,Purchases - Local,119325.85,,
13-02-2026,Purchase,353,Supplier 08,,119325.85,
13-02-2026,Payment,520,Supplier 05,360945.99,,
13-02-2026,Payment,520,HDFC Bank Current A/c,,360945.99,
13-02-2026,Sales,659,Customer 05,131775.20,,
13-02-2026,Sales,659,Sales - Local,,131775.20,
13-02-2026,Purchase,354,Purchases - Local,110873.39,,
13-02-2026,Purchase,354,Supplier 08,,110873.39,
13-02-2026,Sales,660,Cash,11431.68,,
13-02-2026,Sales,660,Sales - Local,,11431.68,
14-02-2026,Purchase,355,Purchases - Local,57288.29,,
14-02-2026,Purchase,355,Supplier 01,,57288.29,
14-02-2026,Receipt,427,HDFC Bank Current A/c,1993.26,,
14-02-2026,Receipt,427,Customer 04,,1993.26,
14-02-2026,Sales,661,Cash,8212.40,,
14-02-2026,Sales,661,Sales - Local,,8212.40,
14-02-2026,Receipt,428,HDFC Bank Current A/c,131221.90,,
14-02-2026,Receipt,428,Customer 07,,131221.90,
14-02-2026,Sales,662,Cash,10498.91,,
14-02-2026,Sales,662,Sales - Local,,10498.91,
14-02-2026,Payment,521,Bank Charges,404.02,,
14-02-2026,Payment,521,HDFC Bank Current A/c,,404.02,
15-02-2026,Payment,522,Supplier 08,390930.70,,
15-02-2026,Payment,522,HDFC Bank Current A/c,,390930.70,
15-02-2026,Payment,523,Bank Charges,438.48,,
15-02-2026,Payment,523,HDFC Bank Current A/c,,438.48,
15-02-2026,Payment,524,Office Expenses,1014.27,,
15-02-2026,Payment,524,Cash,,1014.27,
15-02-2026,Purchase,356,Purchases - Local,103575.15,,
15-02-2026,Purchase,356,Supplier 02,,103575.15,
15-02-2026,Purchase,357,Purchases - Local,80027.53,,
15-02-2026,Purchase,357,Supplier 08,,80027.53,
15-02-2026,Receipt,429,Cash,14792.96,,
15-02-2026,Receipt,429,Customer 07,,14792.96,
16-02-2026,Receipt,430,HDFC Bank Current A/c,51598.97,,
16-02-2026,Receipt,430,Customer 05,,51598.97,
16-02-2026,Sales,663,Customer 01,53211.10,,
16-02-2026,Sales,663,Sales - Local,,53211.10,
16-02-2026,Sales,664,Customer 10,59571.89,,
16-02-2026,Sales,664,Sales - Local,,59571.89,
16-02-2026,Sales,665,Cash,46615.70,,
16-02-2026,Sales,665,Sales - Local,,46615.70,
16-02-2026,Payment,525,Supplier 07,53141.76,,
16-02-2026,Payment,525,HDFC Bank Current A/c,,53141.76,
16-02-2026,Payment,526,Printing & Stationery,3029.64,,
16-02-2026,Payment,526,Cash,,3029.64,
17-02-2026,Purchase,358,Purchases - Local,78073.43,,
17-02-2026,Purchase,358,Supplier 05,,78073.43,
17-02-2026,Sales,666,Customer 08,112726.45,,
17-02-2026,Sales,666,Sales - Local,,112726.45,
17-02-2026,Sales,667,Customer 06,162539.59,,
17-02-2026,Sales,667,Sales - Local,,162539.59,
17-02-2026,Sales,668,Customer 09,50357.78,,
17-02-2026,Sales,668,Sales - Local,,50357.78,
18-02-2026,Sales,669,Customer 03,145056.17,,
18-02-2026,Sales,669,Sales - Local,,145056.17,
18-02-2026,Sales,670,Cash,14423.08,,
18-02-2026,Sales,670,Sales - Local,,14423.08,
18-02-2026,Purchase,359,Purchases - Local,84294.80,,
18-02-2026,Purchase,359,Supplier 03,,84294.80,
18-02-2026,Purchase,360,Purchases - Local,43656.93,,
18-02-2026,Purchase,360,Supplier 07,,43656.93,
18-02-2026,Payment,527,Printing & Stationery,2124.44,,
18-02-2026,Payment,527,Cash,,2124.44,
18-02-2026,Receipt,431,HDFC Bank Current A/c,637086.19,,
18-02-2026,Receipt,431,Customer 08,,637086.19,
19-02-2026,Sales,671,Customer 04,89629.59,,
19-02-2026,Sales,671,Sales - Local,,89629.59,
19-02-2026,Receipt,432,HDFC Bank Current A/c,153231.21,,
19-02-2026,Receipt,432,Customer 06,,153231.21,
19-02-2026,Payment,528,Office Expenses,5711.94,,
19-02-2026,Payment,528,Cash,,5711.94,
19-02-2026,Receipt,433,HDFC Bank Current A/c,37867.19,,
19-02-2026,Receipt,433,Customer 12,,37867.19,
19-02-2026,Purchase,361,Purchases - Local,17348.44,,
19-02-2026,Purchase,361,Supplier 02,,17348.44,
19-02-2026,Sales,672,Cash,38859.84,,
19-02-2026,Sales,672,Sales - Local,,38859.84,
20-02-2026,Sales,673,Customer 12,165350.57,,
20-02-2026,Sales,673,Sales - Local,,165350.57,
20-02-2026,Receipt,434,HDFC Bank Current A/c,64987.63,,
20-02-2026,Receipt,434,Customer 04,,64987.63,
20-02-2026,Sales,674,Customer 09,63771.04,,
20-02-2026,Sales,674,Sales - Local,,63771.04,
20-02-2026,Receipt,435,HDFC Bank Current A/c,194426.47,,
20-02-2026,Receipt,435,Customer 12,,194426.47,
20-02-2026,Payment,529,Supplier 02,79584.97,,
20-02-2026,Payment,529,HDFC Bank Current A/c,,79584.97,
20-02-2026,Payment,530,Bank Charges,483.39,,
20-02-2026,Payment,530,HDFC Bank Current A/c,,483.39,
21-02-2026,Sales,675,Customer 08,41284.63,,
21-02-2026,Sales,675,Sales - Local,,41284.63,
21-02-2026,Purchase,362,Purchases - Local,37977.37,,
21-02-2026,Purchase,362,Supplier 08,,37977.37,
21-02-2026,Receipt,436,HDFC Bank Current A/c,189156.00,,
21-02-2026,Receipt,436,Customer 06,,189156.00,
21-02-2026,Sales,676,Cash,47915.06,,
21-02-2026,Sales,676,Sales - Local,,47915.06,
21-02-2026,Payment,531,Staff Welfare,6657.18,,
21-02-2026,Payment,531,Cash,,6657.18,
21-02-2026,Receipt,437,HDFC Bank Current A/c,291443.93,,
21-02-2026,Receipt,437,Customer 10,,291443.93,
22-02-2026,Payment,532,Conveyance,7587.30,,
22-02-2026,Payment,532,Cash,,7587.30,
22-02-2026,Payment,533,Supplier 06,240542.50,,
22-02-2026,Payment,533,HDFC Bank Current A/c,,240542.50,
22-02-2026,Purchase,363,Purchases - Local,42704.30,,
22-02-2026,Purchase,363,Supplier 06,,42704.30,
22-02-2026,Sales,677,Customer 09,136217.64,,
22-02-2026,Sales,677,Sales - Local,,136217.64,
22-02-2026,Sales,678,Customer 09,55256.85,,
22-02-2026,Sales,678,Sales - Local,,55256.85,
22-02-2026,Purchase,364,Purchases - Local,51794.50,,
22-02-2026,Purchase,364,Supplier 08,,51794.50,
23-02-2026,Sales,679,Customer 03,110589.18,,
23-02-2026,Sales,679,Sales - Local,,110589.18,
23-02-2026,Sales,680,Customer 04,172937.44,,
23-02-2026,Sales,680,Sales - Local,,172937.44,
23-02-2026,Receipt,438,HDFC Bank Current A/c,16566.52,,
23-02-2026,Receipt,438,Customer 12,,16566.52,
23-02-2026,Sales,681,Customer 06,172785.29,,
23-02-2026,Sales,681,Sales - Local,,172785.29,
23-02-2026,Purchase,365,Purchases - Local,78886.22,,
23-02-2026,Purchase,365,Supplier 05,,78886.22,
23-02-2026,Sales,682,Cash,47405.24,,
23-02-2026,Sales,682,Sales - Local,,47405.24,
24-02-2026,Payment,534,Supplier 03,33566.98,,
24-02-2026,Payment,534,HDFC Bank Current A/c,,33566.98,
24-02-2026,Purchase,366,Purchases - Local,24931.04,,
24-02-2026,Purchase,366,Supplier 02,,24931.04,
24-02-2026,Payment,535,Conveyance,2667.94,,
24-02-2026,Payment,535,Cash,,2667.94,
24-02-2026,Receipt,439,HDFC Bank Current A/c,111037.98,,
24-02-2026,Receipt,439,Customer 06,,111037.98,
24-02-2026,Receipt,440,HDFC Bank Current A/c,130754.53,,
24-02-2026,Receipt,440,Customer 04,,130754.53,
24-02-2026,Receipt,441,HDFC Bank Current A/c,18375.75,,
24-02-2026,Receipt,441,Customer 10,,18375.75,
25-02-2026,Payment,536,Bank Charges,42.35,,
25-02-2026,Payment,536,HDFC Bank Current A/c,,42.35,
25-02-2026,Purchase,367,Purchases - Local,117585.02,,
25-02-2026,Purchase,367,Supplier 05,,117585.02,
25-02-2026,Purchase,368,Purchases - Local,75407.45,,
25-02-2026,Purchase,368,Supplier 05,,75407.45,
25-02-2026,Payment,537,Supplier 05,354357.14,,
25-02-2026,Payment,537,HDFC Bank Current A/c,,354357.14,
25-02-2026,Purchase,369,Purchases - Local,107139.03,,
25-02-2026,Purchase,369,Supplier 07,,107139.03,
26-02-2026,Receipt,442,HDFC Bank Current A/c,37845.57,,
26-02-2026,Receipt,442,Customer 04,,37845.57,
26-02-2026,Sales,683,Cash,1141.95,,
26-02-2026,Sales,683,Sales - Local,,1141.95,
26-02-2026,Purchase,370,Purchases - Local,19170.27,,
26-02-2026,Purchase,370,Supplier 04,,19170.27,
26-02-2026,Payment,538,Supplier 01,301766.47,,
26-02-2026,Payment,538,HDFC Bank Current A/c,,301766.47,
26-02-2026,Payment,539,Office Expenses,6731.24,,
26-02-2026,Payment,539,Cash,,6731.24,
26-02-2026,Receipt,443,Cash,14353.07,,
26-02-2026,Receipt,443,Customer 04,,14353.07,
27-02-2026,Payment,540,Staff Welfare,303.14,,
27-02-2026,Payment,540,Cash,,303.14,
27-02-2026,Sales,684,Customer 06,104082.88,,
27-02-2026,Sales,684,Sales - Local,,104082.88,
27-02-2026,Receipt,444,HDFC Bank Current A/c,58146.23,,
27-02-2026,Receipt,444,Customer 08,,58146.23,
27-02-2026,Sales,685,Cash,16593.12,,
27-02-2026,Sales,685,Sales - Local,,16593.12,
27-02-2026,Sales,686,Customer 10,125735.86,,
27-02-2026,Sales,686,Sales - Local,,125735.86,
27-02-2026,Payment,541,Supplier 08,100675.57,,
27-02-2026,Payment,541,HDFC Bank Current A/c,,100675.57,
28-02-2026,Payment,542,Supplier 08,116025.73,,
28-02-2026,Payment,542,HDFC Bank Current A/c,,116025.73,
28-02-2026,Sales,687,Customer 11,16755.11,,
28-02-2026,Sales,687,Sales - Local,,16755.11,
28-02-2026,Payment,543,Supplier 06,155402.76,,
28-02-2026,Payment,543,HDFC Bank Current A/c,,155402.76,
28-02-2026,Purchase,371,Purchases - Local,96203.28,,
28-02-2026,Purchase,371,Supplier 05,,96203.28,
28-02-2026,Purchase,372,Purchases - Local,15615.55,,
28-02-2026,Purchase,372,Supplier 02,,15615.55,
01-03-2026,Sales,688,Customer 02,84164.21,,
01-03-2026,Sales,688,Sales - Local,,84164.21,
01-03-2026,Receipt,445,HDFC Bank Current A/c,33322.24,,
01-03-2026,Receipt,445,Customer 11,,33322.24,
01-03-2026,Sales,689,Customer 01,111730.85,,
01-03-2026,Sales,689,Sales - Local,,111730.85,
01-03-2026,Purchase,373,Purchases - Local,87273.10,,
01-03-2026,Purchase,373,Supplier 02,,87273.10,
01-03-2026,Payment,544,Printing & Stationery,6977.55,,
01-03-2026,Payment,544,Cash,,6977.55,
01-03-2026,Purchase,374,Purchases - Local,82996.23,,
01-03-2026,Purchase,374,Supplier 01,,82996.23,
02-03-2026,Sales,690,Cash,30921.20,,
02-03-2026,Sales,690,Sales - Local,,30921.20,
02-03-2026,Payment,545,Supplier 01,258360.18,,
02-03-2026,Payment,545,HDFC Bank Current A/c,,258360.18,
02-03-2026,Payment,546,Supplier 04,5580.47,,
02-03-2026,Payment,546,HDFC Bank Current A/c,,5580.47,
02-03-2026,Receipt,446,HDFC Bank Current A/c,1053.50,,
02-03-2026,Receipt,446,Interest Received,,1053.50,
02-03-2026,Receipt,447,HDFC Bank Current A/c,42245.33,,
02-03-2026,Receipt,447,Customer 06,,42245.33,
02-03-2026,Sales,691,Customer 09,85857.75,,
02-03-2026,Sales,691,Sales - Local,,85857.75,
03-03-2026,Payment,547,Supplier 05,112620.32,,
03-03-2026,Payment,547,HDFC Bank Current A/c,,112620.32,
03-03-2026,Payment,548,Printing & Stationery,9684.87,,
03-03-2026,Payment,548,Cash,,9684.87,
03-03-2026,Payment,549,Office Expenses,5279.04,,
03-03-2026,Payment,549,Cash,,5279.04,
03-03-2026,Payment,550,Supplier 05,2897.62,,
03-03-2026,Payment,550,HDFC Bank Current A/c,,2897.62,
03-03-2026,Sales,692,Customer 03,87729.82,,
03-03-2026,Sales,692,Sales - Local,,87729.82,
03-03-2026,Receipt,448,HDFC Bank Current A/c,17370.75,,
03-03-2026,Receipt,448,Customer 10,,17370.75,
04-03-2026,Purchase,375,Purchases - Local,36333.48,,
04-03-2026,Purchase,375,Supplier 02,,36333.48,
04-03-2026,Payment,551,Telephone Expenses,5186.73,,
04-03-2026,Payment,551,Cash,,5186.73,
04-03-2026,Sales,693,Cash,37063.33,,
04-03-2026,Sales,693,Sales - Local,,37063.33,
04-03-2026,Purchase,376,Purchases - Local,104535.48,,
04-03-2026,Purchase,376,Supplier 06,,104535.48,
04-03-2026,Payment,552,Telephone Expenses,6787.16,,
04-03-2026,Payment,552,Cash,,6787.16,
04-03-2026,Payment,553,Supplier 03,6888.76,,
04-03-2026,Payment,553,HDFC Bank Current A/c,,6888.76,
05-03-2026,Receipt,449,Cash,8404.19,,
05-03-2026,Receipt,449,Customer 04,,8404.19,
05-03-2026,Receipt,450,HDFC Bank Current A/c,6343.34,,
05-03-2026,Receipt,450,Interest Received,,6343.34,
05-03-2026,Payment,554,Printing & Stationery,8656.33,,
05-03-2026,Payment,554,Cash,,8656.33,
05-03-2026,Receipt,451,Cash,16987.03,,
05-03-2026,Receipt,451,Customer 06,,16987.03,
05-03-2026,Sales,694,Cash,35057.29,,
05-03-2026,Sales,694,Sales - Local,,35057.29,
05-03-2026,Sales,695,Cash,35394.00,,
05-03-2026,Sales,695,Sales - Local,,35394.00,
06-03-2026,Sales,696,Customer 01,52759.37,,
06-03-2026,Sales,696,Sales - Local,,52759.37,
06-03-2026,Purchase,377,Purchases - Local,14022.84,,
06-03-2026,Purchase,377,Supplier 06,,14022.84,
06-03-2026,Sales,697,Customer 06,96217.35,,
06-03-2026,Sales,697,Sales - Local,,96217.35,
06-03-2026,Payment,555,Supplier 07,56086.45,,
06-03-2026,Payment,555,HDFC Bank Current A/c,,56086.45,
06-03-2026,Purchase,378,Purchases - Local,41788.48,,
06-03-2026,Purchase,378,Supplier 02,,41788.48,
06-03-2026,Purchase,379,Purchases - Local,11356.45,,
06-03-2026,Purchase,379,Supplier 02,,11356.45,
07-03-2026,Payment,556,Supplier 03,21597.30,,
07-03-2026,Payment,556,HDFC Bank Current A/c,,21597.30,
07-03-2026,Sales,698,Cash,43219.07,,
07-03-2026,Sales,698,Sales - Local,,43219.07,
07-03-2026,Sales,699,Customer 01,7443.99,,
07-03-2026,Sales,699,Sales - Local,,7443.99,
07-03-2026,Sales,700,Customer 09,177864.64,,
07-03-2026,Sales,700,Sales - Local,,177864.64,
07-03-2026,Receipt,452,HDFC Bank Current A/c,15840.13,,
07-03-2026,Receipt,452,Customer 08,,15840.13,
07-03-2026,Payment,557,Telephone Expenses,8514.57,,
07-03-2026,Payment,557,Cash,,8514.57,
08-03-2026,Receipt,453,Cash,12634.61,,
08-03-2026,Receipt,453,Customer 08,,12634.61,
08-03-2026,Purchase,380,Purchases - Local,19122.31,,
08-03-2026,Purchase,380,Supplier 06,,19122.31,
08-03-2026,Payment,558,Supplier 02,18336.25,,
08-03-2026,Payment,558,HDFC Bank Current A/c,,18336.25,
08-03-2026,Payment,559,Printing & Stationery,4461.69,,
08-03-2026,Payment,559,Cash,,4461.69,
08-03-2026,Receipt,454,HDFC Bank Current A/c,25658.56,,
08-03-2026,Receipt,454,Customer 08,,25658.56,
08-03-2026,Sales,701,Customer 04,39473.98,,
08-03-2026,Sales,701,Sales - Local,,39473.98,
09-03-2026,Sales,702,Cash,48936.23,,
09-03-2026,Sales,702,Sales - Local,,48936.23,
09-03-2026,Purchase,381,Purchases - Local,55420.69,,
09-03-2026,Purchase,381,Supplier 01,,55420.69,
09-03-2026,Sales,703,Cash,30654.57,,
09-03-2026,Sales,703,Sales - Local,,30654.57,
09-03-2026,Payment,560,Conveyance,6000.65,,
09-03-2026,Payment,560,Cash,,6000.65,
09-03-2026,Sales,704,Cash,42417.13,,
09-03-2026,Sales,704,Sales - Local,,42417.13,
09-03-2026,Payment,561,Supplier 08,17070.15,,
09-03-2026,Payment,561,HDFC Bank Current A/c,,17070.15,
10-03-2026,Sales,705,Customer 10,133923.32,,
10-03-2026,Sales,705,Sales - Local,,133923.32,
10-03-2026,Sales,706,Cash,24680.54,,
10-03-2026,Sales,706,Sales - Local,,24680.54,
10-03-2026,Payment,562,Supplier 05,49456.61,,
10-03-2026,Payment,562,HDFC Bank Current A/c,,49456.61,
10-03-2026,Purchase,382,Purchases - Local,17073.79,,
10-03-2026,Purchase,382,Supplier 04,,17073.79,
10-03-2026,Sales,707,Cash,21672.56,,
10-03-2026,Sales,707,Sales - Local,,21672.56,
10-03-2026,Payment,563,Office Expenses,5436.40,,
10-03-2026,Payment,563,Cash,,5436.40,
11-03-2026,Sales,708,Cash,20137.93,,
11-03-2026,Sales,708,Sales - Local,,20137.93,
11-03-2026,Payment,564,Office Expenses,2273.51,,
11-03-2026,Payment,564,Cash,,2273.51,
11-03-2026,Sales,709,Customer 02,175699.65,,
11-03-2026,Sales,709,Sales - Local,,175699.65,
11-03-2026,Sales,710,Customer 11,88927.62,,
11-03-2026,Sales,710,Sales - Local,,88927.62,
11-03-2026,Sales,711,Cash,6685.85,,
11-03-2026,Sales,711,Sales - Local,,6685.85,
11-03-2026,Payment,565,Bank Charges,346.76,,
11-03-2026,Payment,565,HDFC Bank Current A/c,,346.76,
12-03-2026,Payment,566,Rent,25000.00,,
12-03-2026,Payment,566,HDFC Bank Current A/c,,25000.00,
12-03-2026,Payment,567,Salary,52551.92,,
12-03-2026,Payment,567,HDFC Bank Current A/c,,52551.92,
12-03-2026,Payment,568,Electricity Charges,5013.98,,
12-03-2026,Payment,568,HDFC Bank Current A/c,,5013.98,
12-03-2026,Journal,16,Interest on Unsecured Loans,3000.00,,
12-03-2026,Journal,16,Unsecured Loan - Rajesh Kumar,,2700.00,
12-03-2026,Journal,16,TDS Payable,,300.00,
12-03-2026,Payment,569,TDS Payable,300.00,,
12-03-2026,Payment,569,HDFC Bank Current A/c,,300.00,
12-03-2026,Sales,712,Customer 09,121185.54,,
12-03-2026,Sales,712,Sales - Local,,121185.54,
12-03-2026,Payment,570,Telephone Expenses,5643.99,,
12-03-2026,Payment,570,Cash,,5643.99,
12-03-2026,Sales,713,Customer 03,26666.04,,
12-03-2026,Sales,713,Sales - Local,,26666.04,
12-03-2026,Sales,714,Cash,1700.01,,
12-03-2026,Sales,714,Sales - Local,,1700.01,
12-03-2026,Sales,715,Customer 06,94257.18,,
12-03-2026,Sales,715,Sales - Local,,94257.18,
12-03-2026,Receipt,455,Cash,8092.50,,
12-03-2026,Receipt,455,Customer 09,,8092.50,
13-03-2026,Payment,571,Telephone Expenses,8474.43,,
13-03-2026,Payment,571,Cash,,8474.43,
13-03-2026,Purchase,383,Purchases - Local,19984.51,,
13-03-2026,Purchase,383,Supplier 02,,19984.51,
13-03-2026,Receipt,456,Cash,11451.97,,
13-03-2026,Receipt,456,Customer 08,,11451.97,
13-03-2026,Receipt,457,HDFC Bank Current A/c,289889.62,,
13-03-2026,Receipt,457,Customer 03,,289889.62,
13-03-2026,Sales,716,Customer 10,19557.48,,
13-03-2026,Sales,716,Sales - Local,,19557.48,
13-03-2026,Receipt,458,HDFC Bank Current A/c,95395.13,,
13-03-2026,Receipt,458,Customer 11,,95395.13,
14-03-2026,Purchase,384,Purchases - Local,55562.05,,
14-03-2026,Purchase,384,Supplier 05,,55562.05,
14-03-2026,Payment,572,Office Expenses,6126.85,,
14-03-2026,Payment,572,Cash,,6126.85,
14-03-2026,Receipt,459,HDFC Bank Current A/c,260149.65,,
14-03-2026,Receipt,459,Customer 02,,260149.65,
14-03-2026,Sales,717,Customer 03,126038.88,,
14-03-2026,Sales,717,Sales - Local,,126038.88,
14-03-2026,Receipt,460,Cash,3118.13,,
14-03-2026,Receipt,460,Customer 10,,3118.13,
14-03-2026,Payment,573,Office Expenses,2836.55,,
14-03-2026,Payment,573,Cash,,2836.55,
15-03-2026,Receipt,461,Cash,11957.59,,
15-03-2026,Receipt,461,Customer 03,,11957.59,
15-03-2026,Purchase,385,Purchases - Local,13089.52,,
15-03-2026,Purchase,385,Supplier 04,,13089.52,
15-03-2026,Receipt,462,HDFC Bank Current A/c,8874.61,,
15-03-2026,Receipt,462,Customer 11,,8874.61,
15-03-2026,Receipt,463,Cash,9441.26,,
15-03-2026,Receipt,463,Customer 05,,9441.26,
15-03-2026,Purchase,386,Purchases - Local,42115.70,,
15-03-2026,Purchase,386,Supplier 05,,42115.70,
15-03-2026,Payment,574,Conveyance,6691.81,,
15-03-2026,Payment,574,Cash,,6691.81,
16-03-2026,Sales,718,Customer 12,129466.38,,
16-03-2026,Sales,718,Sales - Local,,129466.38,
16-03-2026,Sales,719,Customer 05,5540.15,,
16-03-2026,Sales,719,Sales - Local,,5540.15,
16-03-2026,Sales,720,Customer 09,199667.73,,
16-03-2026,Sales,720,Sales - Local,,199667.73,
16-03-2026,Sales,721,Customer 05,30587.67,,
16-03-2026,Sales,721,Sales - Local,,30587.67,
16-03-2026,Sales,722,Customer 09,47522.56,,
16-03-2026,Sales,722,Sales - Local,,47522.56,
16-03-2026,Purchase,387,Purchases - Local,100400.50,,
16-03-2026,Purchase,387,Supplier 05,,100400.50,
17-03-2026,Sales,723,Customer 07,58874.97,,
17-03-2026,Sales,723,Sales - Local,,58874.97,
17-03-2026,Receipt,464,HDFC Bank Current A/c,89733.54,,
17-03-2026,Receipt,464,Customer 09,,89733.54,
17-03-2026,Purchase,388,Purchases - Local,5794.10,,
17-03-2026,Purchase,388,Supplier 05,,5794.10,
17-03-2026,Purchase,389,Purchases - Local,47653.59,,
17-03-2026,Purchase,389,Supplier 01,,47653.59,
17-03-2026,Sales,724,Customer 08,173988.30,,
17-03-2026,Sales,724,Sales - Local,,173988.30,
17-03-2026,Payment,575,Supplier 07,107115.36,,
17-03-2026,Payment,575,HDFC Bank Current A/c,,107115.36,
18-03-2026,Sales,725,Cash,12398.06,,
18-03-2026,Sales,725,Sales - Local,,12398.06,
18-03-2026,Sales,726,Cash,42001.12,,
18-03-2026,Sales,726,Sales - Local,,42001.12,
18-03-2026,Payment,576,Supplier 07,16746.65,,
18-03-2026,Payment,576,HDFC Bank Current A/c,,16746.65,
18-03-2026,Receipt,465,Cash,4314.93,,
18-03-2026,Receipt,465,Customer 01,,4314.93,
18-03-2026,Purchase,390,Purchases - Local,5092.84,,
18-03-2026,Purchase,390,Supplier 02,,5092.84,
18-03-2026,Purchase,391,Purchases - Local,101193.69,,
18-03-2026,Purchase,391,Supplier 04,,101193.69,
19-03-2026,Purchase,392,Purchases - Local,37355.51,,
19-03-2026,Purchase,392,Supplier 04,,37355.51,
19-03-2026,Sales,727,Customer 06,155592.86,,
19-03-2026,Sales,727,Sales - Local,,155592.86,
19-03-2026,Receipt,466,HDFC Bank Current A/c,17419.18,,
19-03-2026,Receipt,466,Customer 11,,17419.18,
19-03-2026,Receipt,467,HDFC Bank Current A/c,163487.32,,
19-03-2026,Receipt,467,Customer 08,,163487.32,
19-03-2026,Receipt,468,Cash,9212.63,,
19-03-2026,Receipt,468,Customer 09,,9212.63,
20-03-2026,Sales,728,Customer 04,114067.90,,
20-03-2026,Sales,728,Sales - Local,,114067.90,
20-03-2026,Payment,577,Printing & Stationery,2021.44,,
20-03-2026,Payment,577,Cash,,2021.44,
20-03-2026,Receipt,469,HDFC Bank Current A/c,737722.43,,
20-03-2026,Receipt,469,Customer 09,,737722.43,
20-03-2026,Payment,578,Supplier 06,10120.20,,
20-03-2026,Payment,578,HDFC Bank Current A/c,,10120.20,
20-03-2026,Sales,729,Customer 01,194462.66,,
20-03-2026,Sales,729,Sales - Local,,194462.66,
21-03-2026,Payment,579,Telephone Expenses,3099.09,,
21-03-2026,Payment,579,Cash,,3099.09,
21-03-2026,Payment,580,Telephone Expenses,5991.88,,
21-03-2026,Payment,580,Cash,,5991.88,
21-03-2026,Receipt,470,HDFC Bank Current A/c,108607.10,,
21-03-2026,Receipt,470,Customer 06,,108607.10,
21-03-2026,Receipt,471,HDFC Bank Current A/c,158076.71,,
21-03-2026,Receipt,471,Customer 04,,158076.71,
21-03-2026,Payment,581,Telephone Expenses,6565.43,,
21-03-2026,Payment,581,Cash,,6565.43,
21-03-2026,Receipt,472,HDFC Bank Current A/c,51193.19,,
21-03-2026,Receipt,472,Customer 09,,51193.19,
22-03-2026,Receipt,473,Cash,10822.41,,
22-03-2026,Receipt,473,Customer 11,,10822.41,
22-03-2026,Sales,730,Cash,15714.95,,
22-03-2026,Sales,730,Sales - Local,,15714.95,
22-03-2026,Purchase,393,Purchases - Local,18507.81,,
22-03-2026,Purchase,393,Supplier 06,,18507.81,
22-03-2026,Receipt,474,HDFC Bank Current A/c,62862.46,,
22-03-2026,Receipt,474,Customer 01,,62862.46,
22-03-2026,Payment,582,Supplier 05,141088.28,,
22-03-2026,Payment,582,HDFC Bank Current A/c,,141088.28,
22-03-2026,Payment,583,Staff Welfare,626.13,,
22-03-2026,Payment,583,Cash,,626.13,
23-03-2026,Sales,731,Cash,13229.65,,
23-03-2026,Sales,731,Sales - Local,,13229.65,
23-03-2026,Purchase,394,Purchases - Local,6958.30,,
23-03-2026,Purchase,394,Supplier 01,,6958.30,
23-03-2026,Sales,732,Customer 09,167106.74,,
23-03-2026,Sales,732,Sales - Local,,167106.74,
23-03-2026,Receipt,475,HDFC Bank Current A/c,337875.61,,
23-03-2026,Receipt,475,Customer 06,,337875.61,
23-03-2026,Receipt,476,HDFC Bank Current A/c,6926.28,,
23-03-2026,Receipt,476,Customer 11,,6926.28,
24-03-2026,Sales,733,Cash,39031.27,,
24-03-2026,Sales,733,Sales - Local,,39031.27,
24-03-2026,Purchase,395,Purchases - Local,100056.44,,
24-03-2026,Purchase,395,Supplier 04,,100056.44,
24-03-2026,Receipt,477,HDFC Bank Current A/c,92833.74,,
24-03-2026,Receipt,477,Customer 10,,92833.74,
24-03-2026,Sales,734,Cash,1956.45,,
24-03-2026,Sales,734,Sales - Local,,1956.45,
24-03-2026,Sales,735,Cash,40531.66,,
24-03-2026,Sales,735,Sales - Local,,40531.66,
25-03-2026,Payment,584,Bank Charges,295.44,,
25-03-2026,Payment,584,HDFC Bank Current A/c,,295.44,
25-03-2026,Sales,736,Cash,4242.00,,
25-03-2026,Sales,736,Sales - Local,,4242.00,
25-03-2026,Payment,585,Bank Charges,59.09,,
25-03-2026,Payment,585,HDFC Bank Current A/c,,59.09,
25-03-2026,Sales,737,Customer 05,98060.18,,
25-03-2026,Sales,737,Sales - Local,,98060.18,
25-03-2026,Payment,586,Supplier 08,4012.31,,
25-03-2026,Payment,586,HDFC Bank Current A/c,,4012.31,
25-03-2026,Purchase,396,Purchases - Local,29095.68,,
25-03-2026,Purchase,396,Supplier 01,,29095.68,
26-03-2026,Receipt,478,Cash,1450.64,,
26-03-2026,Receipt,478,Customer 01,,1450.64,
26-03-2026,Sales,738,Cash,49570.57,,
26-03-2026,Sales,738,Sales - Local,,49570.57,
26-03-2026,Sales,739,Customer 09,57906.92,,
26-03-2026,Sales,739,Sales - Local,,57906.92,
26-03-2026,Sales,740,Customer 03,178235.36,,
26-03-2026,Sales,740,Sales - Local,,178235.36,
26-03-2026,Payment,587,Bank Charges,195.84,,
26-03-2026,Payment,587,HDFC Bank Current A/c,,195.84,
26-03-2026,Receipt,479,HDFC Bank Current A/c,1338.39,,
26-03-2026,Receipt,479,Customer 04,,1338.39,
27-03-2026,Receipt,480,HDFC Bank Current A/c,114574.73,,
27-03-2026,Receipt,480,Customer 07,,114574.73,
27-03-2026,Sales,741,Customer 09,186134.32,,
27-03-2026,Sales,741,Sales - Local,,186134.32,
27-03-2026,Sales,742,Customer 12,195778.65,,
27-03-2026,Sales,742,Sales - Local,,195778.65,
27-03-2026,Payment,588,Supplier 05,5506.59,,
27-03-2026,Payment,588,HDFC Bank Current A/c,,5506.59,
27-03-2026,Payment,589,Supplier 04,176983.39,,
27-03-2026,Payment,589,HDFC Bank Current A/c,,176983.39,
27-03-2026,Payment,590,Supplier 05,14718.06,,
27-03-2026,Payment,590,HDFC Bank Current A/c,,14718.06,
28-03-2026,Payment,591,Office Expenses,6830.28,,
28-03-2026,Payment,591,Cash,,6830.28,
28-03-2026,Sales,743,Customer 12,136111.36,,
28-03-2026,Sales,743,Sales - Local,,136111.36,
28-03-2026,Payment,592,Staff Welfare,5305.77,,
28-03-2026,Payment,592,Cash,,5305.77,
28-03-2026,Receipt,481,HDFC Bank Current A/c,112529.83,,
28-03-2026,Receipt,481,Customer 05,,112529.83,
28-03-2026,Receipt,482,Cash,9167.78,,
28-03-2026,Receipt,482,Customer 09,,9167.78,
28-03-2026,Sales,744,Cash,21189.98,,
28-03-2026,Sales,744,Sales - Local,,21189.98,
29-03-2026,Payment,593,Printing & Stationery,6577.79,,
29-03-2026,Payment,593,Cash,,6577.79,
29-03-2026,Sales,745,Customer 07,179308.51,,
29-03-2026,Sales,745,Sales - Local,,179308.51,
29-03-2026,Sales,746,Customer 02,187710.50,,
29-03-2026,Sales,746,Sales - Local,,187710.50,
29-03-2026,Sales,747,Customer 02,70801.40,,
29-03-2026,Sales,747,Sales - Local,,70801.40,
29-03-2026,Sales,748,Cash,6371.03,,
29-03-2026,Sales,748,Sales - Local,,6371.03,
29-03-2026,Sales,749,Cash,39317.59,,
29-03-2026,Sales,749,Sales - Local,,39317.59,
30-03-2026,Receipt,483,HDFC Bank Current A/c,391232.80,,
30-03-2026,Receipt,483,Customer 12,,391232.80,
30-03-2026,Sales,750,Customer 06,136557.42,,
30-03-2026,Sales,750,Sales - Local,,136557.42,
30-03-2026,Sales,751,Cash,49663.78,,
30-03-2026,Sales,751,Sales - Local,,49663.78,
30-03-2026,Receipt,484,Cash,11273.50,,
30-03-2026,Receipt,484,Customer 10,,11273.50,
30-03-2026,Purchase,397,Purchases - Local,28055.58,,
30-03-2026,Purchase,397,Supplier 06,,28055.58,
30-03-2026,Receipt,485,Cash,6569.52,,
30-03-2026,Receipt,485,Customer 10,,6569.52,
31-03-2026,Sales,752,Customer 03,174349.54,,
31-03-2026,Sales,752,Sales - Local,,174349.54,
31-03-2026,Purchase,398,Purchases - Local,58994.77,,
31-03-2026,Purchase,398,Supplier 01,,58994.77,
31-03-2026,Sales,753,Cash,32924.48,,
31-03-2026,Sales,753,Sales - Local,,32924.48,
31-03-2026,Receipt,486,HDFC Bank Current A/c,39413.70,,
31-03-2026,Receipt,486,Customer 08,,39413.70,
31-03-2026,Receipt,487,HDFC Bank Current A/c,1012.16,,
31-03-2026,Receipt,487,Customer 11,,1012.16,
31-03-2026,Receipt,488,HDFC Bank Current A/c,154137.56,,
31-03-2026,Receipt,488,Customer 01,,154137.56,
31-03-2026,Journal,17,Depreciation,136800.00,,
31-03-2026,Journal,17,Plant & Machinery,,120000.00,
31-03-2026,Journal,17,Furniture & Fixtures,,16800.00,
31-03-2026,Journal,18,Partners' Remuneration,240000.00,,
31-03-2026,Journal,18,Partner A - Capital,,120000.00,
31-03-2026,Journal,18,Partner B - Capital,,120000.00,
31-03-2026,Journal,19,Interest on Partners' Capital,60000.00,,
31-03-2026,Journal,19,Partner A - Capital,,30000.00,
31-03-2026,Journal,19,Partner B - Capital,,30000.00,
