Date,Voucher Type,Voucher No,Ledger,Debit,Credit,Narration
01-04-2025,Payment,1,Supplier 01,104685.73,,
01-04-2025,Payment,1,HDFC Bank Current A/c,,104685.73,
01-04-2025,Payment,2,Printing & Stationery,4709.54,,
01-04-2025,Payment,2,Cash,,4709.54,
01-04-2025,Payment,3,Supplier 05,17341.95,,
01-04-2025,Payment,3,HDFC Bank Current A/c,,17341.95,
02-04-2025,Sales,1,Customer 02,181877.08,,
02-04-2025,Sales,1,Sales - Local,,181877.08,
02-04-2025,Payment,4,Telephone Expenses,5408.88,,
02-04-2025,Payment,4,Cash,,5408.88,
02-04-2025,Sales,2,Cash,3630.47,,
02-04-2025,Sales,2,Sales - Local,,3630.47,
03-04-2025,Receipt,1,Cash,5730.98,,
03-04-2025,Receipt,1,Customer 01,,5730.98,
03-04-2025,Purchase,1,Purchases - Local,9595.77,,
03-04-2025,Purchase,1,Supplier 01,,9595.77,
03-04-2025,Payment,5,Printing & Stationery,4295.07,,
03-04-2025,Payment,5,Cash,,4295.07,
04-04-2025,Sales,3,Customer 06,82888.44,,
04-04-2025,Sales,3,Sales - Local,,82888.44,
04-04-2025,Payment,6,Supplier 03,61015.39,,
04-04-2025,Payment,6,HDFC Bank Current A/c,,61015.39,
04-04-2025,Payment,7,Supplier 04,22767.60,,
04-04-2025,Payment,7,HDFC Bank Current A/c,,22767.60,
05-04-2025,Sales,4,Cash,34604.43,,
05-04-2025,Sales,4,Sales - Local,,34604.43,
05-04-2025,Payment,8,Printing & Stationery,8940.80,,
05-04-2025,Payment,8,Cash,,8940.80,
05-04-2025,Purchase,2,Purchases - Local,73471.16,,
05-04-2025,Purchase,2,Supplier 04,,73471.16,
06-04-2025,Purchase,3,Purchases - Local,16134.43,,
06-04-2025,Purchase,3,Supplier 04,,16134.43,
06-04-2025,Receipt,2,HDFC Bank Current A/c,61324.86,,
06-04-2025,Receipt,2,Customer 01,,61324.86,
06-04-2025,Sales,5,Cash,28282.96,,
06-04-2025,Sales,5,Sales - Local,,28282.96,
07-04-2025,Purchase,4,Purchases - Local,57317.30,,
07-04-2025,Purchase,4,Supplier 05,,57317.30,
07-04-2025,Receipt,3,HDFC Bank Current A/c,7616.50,,
07-04-2025,Receipt,3,Customer 01,,7616.50,
07-04-2025,Sales,6,Customer 01,50930.69,,
07-04-2025,Sales,6,Sales - Local,,50930.69,
08-04-2025,Receipt,4,HDFC Bank Current A/c,2591.31,,
08-04-2025,Receipt,4,Customer 07,,2591.31,
08-04-2025,Sales,7,Customer 01,182041.63,,
08-04-2025,Sales,7,Sales - Local,,182041.63,
08-04-2025,Receipt,5,HDFC Bank Current A/c,12033.71,,
08-04-2025,Receipt,5,Customer 03,,12033.71,
09-04-2025,Payment,9,Supplier 01,14738.27,,
09-04-2025,Payment,9,HDFC Bank Current A/c,,14738.27,
09-04-2025,Sales,8,Customer 06,115400.76,,
09-04-2025,Sales,8,Sales - Local,,115400.76,
09-04-2025,Sales,9,Cash,15279.93,,
09-04-2025,Sales,9,Sales - Local,,15279.93,
10-04-2025,Receipt,6,HDFC Bank Current A/c,21879.87,,
10-04-2025,Receipt,6,Customer 05,,21879.87,
10-04-2025,Receipt,7,HDFC Bank Current A/c,87801.84,,
10-04-2025,Receipt,7,Customer 01,,87801.84,
10-04-2025,Receipt,8,HDFC Bank Current A/c,8679.32,,
10-04-2025,Receipt,8,Interest Received,,8679.32,
11-04-2025,Payment,10,Pune Branch A/c,200000.00,,
11-04-2025,Payment,10,HDFC Bank Current A/c,,200000.00,
11-04-2025,Payment,11,Telephone Expenses,5346.27,,
11-04-2025,Payment,11,Cash,,5346.27,
11-04-2025,Receipt,9,HDFC Bank Current A/c,32250.13,,
11-04-2025,Receipt,9,Customer 02,,32250.13,
11-04-2025,Sales,10,Customer 08,110182.79,,
11-04-2025,Sales,10,Sales - Local,,110182.79,
12-04-2025,Receipt,10,HDFC Bank Current A/c,107904.74,,
12-04-2025,Receipt,10,Customer 02,,107904.74,
12-04-2025,Payment,12,Supplier 05,68590.13,,
12-04-2025,Payment,12,HDFC Bank Current A/c,,68590.13,
12-04-2025,Purchase,5,Purchases - Local,36275.64,,
12-04-2025,Purchase,5,Supplier 03,,36275.64,
13-04-2025,Sales,11,Cash,40626.38,,
13-04-2025,Sales,11,Sales - Local,,40626.38,
13-04-2025,Purchase,6,Purchases - Local,85751.10,,
13-04-2025,Purchase,6,Supplier 04,,85751.10,
13-04-2025,Sales,12,Customer 05,55841.28,,
13-04-2025,Sales,12,Sales - Local,,55841.28,
14-04-2025,Receipt,11,HDFC Bank Current A/c,150586.05,,
14-04-2025,Receipt,11,Customer 06,,150586.05,
14-04-2025,Sales,13,Customer 06,135424.54,,
14-04-2025,Sales,13,Sales - Local,,135424.54,
14-04-2025,Receipt,12,HDFC Bank Current A/c,126108.92,,
14-04-2025,Receipt,12,Customer 06,,126108.92,
15-04-2025,Sales,14,Customer 06,138466.32,,
15-04-2025,Sales,14,Sales - Local,,138466.32,
15-04-2025,Sales,15,Customer 06,105946.97,,
15-04-2025,Sales,15,Sales - Local,,105946.97,
15-04-2025,Sales,16,Customer 02,197509.57,,
15-04-2025,Sales,16,Sales - Local,,197509.57,
16-04-2025,Payment,13,Rent,25000.00,,
16-04-2025,Payment,13,HDFC Bank Current A/c,,25000.00,
16-04-2025,Payment,14,Salary,49876.67,,
16-04-2025,Payment,14,HDFC Bank Current A/c,,49876.67,
16-04-2025,Payment,15,Electricity Charges,7483.87,,
16-04-2025,Payment,15,HDFC Bank Current A/c,,7483.87,
16-04-2025,Journal,1,Interest on Unsecured Loans,3000.00,,
16-04-2025,Journal,1,Unsecured Loan - Rajesh Kumar,,2700.00,
16-04-2025,Journal,1,TDS Payable,,300.00,
16-04-2025,Payment,16,TDS Payable,300.00,,
16-04-2025,Payment,16,HDFC Bank Current A/c,,300.00,
16-04-2025,Sales,17,Cash,22483.65,,
16-04-2025,Sales,17,Sales - Local,,22483.65,
16-04-2025,Sales,18,Cash,26915.34,,
16-04-2025,Sales,18,Sales - Local,,26915.34,
16-04-2025,Receipt,13,HDFC Bank Current A/c,1953.29,,
16-04-2025,Receipt,13,Customer 03,,1953.29,
17-04-2025,Purchase,7,Purchases - Local,111134.10,,
17-04-2025,Purchase,7,Supplier 04,,111134.10,
17-04-2025,Purchase,8,Purchases - Local,42425.19,,
17-04-2025,Purchase,8,Supplier 04,,42425.19,
17-04-2025,Payment,17,Printing & Stationery,936.83,,
17-04-2025,Payment,17,Cash,,936.83,
18-04-2025,Purchase,9,Purchases - Local,119217.02,,
18-04-2025,Purchase,9,Supplier 05,,119217.02,
18-04-2025,Sales,19,Customer 02,158086.38,,
18-04-2025,Sales,19,Sales - Local,,158086.38,
18-04-2025,Payment,18,Printing & Stationery,5421.84,,
18-04-2025,Payment,18,Cash,,5421.84,
19-04-2025,Receipt,14,HDFC Bank Current A/c,92163.33,,
19-04-2025,Receipt,14,Customer 04,,92163.33,
19-04-2025,Sales,20,Cash,23615.88,,
19-04-2025,Sales,20,Sales - Local,,23615.88,
19-04-2025,Sales,21,Customer 04,70127.14,,
19-04-2025,Sales,21,Sales - Local,,70127.14,
20-04-2025,Sales,22,Customer 04,80685.97,,
20-04-2025,Sales,22,Sales - Local,,80685.97,
20-04-2025,Purchase,10,Purchases - Local,60484.97,,
20-04-2025,Purchase,10,Supplier 02,,60484.97,
20-04-2025,Receipt,15,HDFC Bank Current A/c,8437.87,,
20-04-2025,Receipt,15,Customer 05,,8437.87,
21-04-2025,Purchase,11,Purchases - Local,69260.69,,
21-04-2025,Purchase,11,Supplier 05,,69260.69,
21-04-2025,Sales,23,Cash,31092.25,,
21-04-2025,Sales,23,Sales - Local,,31092.25,
21-04-2025,Purchase,12,Purchases - Local,13588.98,,
21-04-2025,Purchase,12,Supplier 01,,13588.98,
22-04-2025,Payment,19,Supplier 01,8617.24,,
22-04-2025,Payment,19,HDFC Bank Current A/c,,8617.24,
22-04-2025,Sales,24,Customer 02,34529.29,,
22-04-2025,Sales,24,Sales - Local,,34529.29,
22-04-2025,Payment,20,Supplier 01,5222.40,,
22-04-2025,Payment,20,HDFC Bank Current A/c,,5222.40,
23-04-2025,Sales,25,Cash,4766.00,,
23-04-2025,Sales,25,Sales - Local,,4766.00,
23-04-2025,Purchase,13,Purchases - Local,17912.08,,
23-04-2025,Purchase,13,Supplier 03,,17912.08,
23-04-2025,Sales,26,Customer 07,76826.44,,
23-04-2025,Sales,26,Sales - Local,,76826.44,
24-04-2025,Purchase,14,Purchases - Local,115866.19,,
24-04-2025,Purchase,14,Supplier 04,,115866.19,
24-04-2025,Payment,21,Conveyance,4875.11,,
24-04-2025,Payment,21,Cash,,4875.11,
24-04-2025,Purchase,15,Purchases - Local,13116.33,,
24-04-2025,Purchase,15,Supplier 04,,13116.33,
25-04-2025,Payment,22,Office Expenses,5568.39,,
25-04-2025,Payment,22,Cash,,5568.39,
25-04-2025,Purchase,16,Purchases - Local,119982.16,,
25-04-2025,Purchase,16,Supplier 04,,119982.16,
25-04-2025,Sales,27,Cash,22877.76,,
25-04-2025,Sales,27,Sales - Local,,22877.76,
26-04-2025,Sales,28,Customer 07,58079.67,,
26-04-2025,Sales,28,Sales - Local,,58079.67,
26-04-2025,Payment,23,Printing & Stationery,4240.74,,
26-04-2025,Payment,23,Cash,,4240.74,
26-04-2025,Sales,29,Cash,49583.81,,
26-04-2025,Sales,29,Sales - Local,,49583.81,
27-04-2025,Payment,24,Supplier 02,77281.98,,
27-04-2025,Payment,24,HDFC Bank Current A/c,,77281.98,
27-04-2025,Sales,30,Customer 04,127205.63,,
27-04-2025,Sales,30,Sales - Local,,127205.63,
27-04-2025,Sales,31,Cash,15970.76,,
27-04-2025,Sales,31,Sales - Local,,15970.76,
28-04-2025,Sales,32,Customer 02,124673.44,,
28-04-2025,Sales,32,Sales - Local,,124673.44,
28-04-2025,Purchase,17,Purchases - Local,66297.44,,
28-04-2025,Purchase,17,Supplier 03,,66297.44,
28-04-2025,Sales,33,Cash,644.80,,
28-04-2025,Sales,33,Sales - Local,,644.80,
29-04-2025,Sales,34,Cash,17036.69,,
29-04-2025,Sales,34,Sales - Local,,17036.69,
29-04-2025,Receipt,16,Cash,1971.87,,
29-04-2025,Receipt,16,Customer 05,,1971.87,
29-04-2025,Payment,25,Supplier 05,165454.90,,
29-04-2025,Payment,25,HDFC Bank Current A/c,,165454.90,
30-04-2025,Purchase,18,Purchases - Local,38149.11,,
30-04-2025,Purchase,18,Supplier 04,,38149.11,
30-04-2025,Payment,26,Telephone Expenses,5412.42,,
30-04-2025,Payment,26,Cash,,5412.42,
30-04-2025,Purchase,19,Purchases - Local,24601.37,,
30-04-2025,Purchase,19,Supplier 04,,24601.37,
01-05-2025,Purchase,20,Purchases - Local,33844.24,,
01-05-2025,Purchase,20,Supplier 01,,33844.24,
01-05-2025,Purchase,21,Purchases - Local,82680.81,,
01-05-2025,Purchase,21,Supplier 03,,82680.81,
01-05-2025,Payment,27,Bank Charges,58.00,,
01-05-2025,Payment,27,HDFC Bank Current A/c,,58.00,
02-05-2025,Sales,35,Customer 04,63636.17,,
02-05-2025,Sales,35,Sales - Local,,63636.17,
02-05-2025,Receipt,17,Cash,2172.73,,
02-05-2025,Receipt,17,Customer 07,,2172.73,
02-05-2025,Sales,36,Customer 07,156609.77,,
02-05-2025,Sales,36,Sales - Local,,156609.77,
03-05-2025,Purchase,22,Purchases - Local,68992.09,,
03-05-2025,Purchase,22,Supplier 03,,68992.09,
03-05-2025,Receipt,18,HDFC Bank Current A/c,354512.15,,
03-05-2025,Receipt,18,Customer 04,,354512.15,
03-05-2025,Payment,28,Printing & Stationery,9731.37,,
03-05-2025,Payment,28,Cash,,9731.37,
04-05-2025,Sales,37,Customer 07,144699.07,,
04-05-2025,Sales,37,Sales - Local,,144699.07,
04-05-2025,Sales,38,Customer 08,109516.31,,
04-05-2025,Sales,38,Sales - Local,,109516.31,
04-05-2025,Sales,39,Customer 02,165345.78,,
04-05-2025,Sales,39,Sales - Local,,165345.78,
05-05-2025,Payment,29,Supplier 05,24881.66,,
05-05-2025,Payment,29,HDFC Bank Current A/c,,24881.66,
05-05-2025,Purchase,23,Purchases - Local,83578.06,,
05-05-2025,Purchase,23,Supplier 01,,83578.06,
05-05-2025,Sales,40,Customer 02,147607.77,,
05-05-2025,Sales,40,Sales - Local,,147607.77,
06-05-2025,Payment,30,Staff Welfare,3012.36,,
06-05-2025,Payment,30,Cash,,3012.36,
06-05-2025,Sales,41,Cash,10039.36,,
06-05-2025,Sales,41,Sales - Local,,10039.36,
06-05-2025,Receipt,19,Cash,18101.43,,
06-05-2025,Receipt,19,Customer 07,,18101.43,
07-05-2025,Receipt,20,HDFC Bank Current A/c,487071.49,,
07-05-2025,Receipt,20,Customer 02,,487071.49,
07-05-2025,Sales,42,Customer 04,39847.64,,
07-05-2025,Sales,42,Sales - Local,,39847.64,
07-05-2025,Purchase,24,Purchases - Local,54720.91,,
07-05-2025,Purchase,24,Supplier 02,,54720.91,
08-05-2025,Sales,43,Customer 08,176884.56,,
08-05-2025,Sales,43,Sales - Local,,176884.56,
08-05-2025,Purchase,25,Purchases - Local,82128.69,,
08-05-2025,Purchase,25,Supplier 03,,82128.69,
08-05-2025,Payment,31,Supplier 01,91349.89,,
08-05-2025,Payment,31,HDFC Bank Current A/c,,91349.89,
09-05-2025,Payment,32,Supplier 03,151444.93,,
09-05-2025,Payment,32,HDFC Bank Current A/c,,151444.93,
09-05-2025,Sales,44,Customer 08,105771.97,,
09-05-2025,Sales,44,Sales - Local,,105771.97,
10-05-2025,Sales,45,Customer 07,133978.91,,
10-05-2025,Sales,45,Sales - Local,,133978.91,
10-05-2025,Payment,33,Supplier 03,51243.92,,
10-05-2025,Payment,33,HDFC Bank Current A/c,,51243.92,
10-05-2025,Payment,34,Supplier 02,10495.91,,
10-05-2025,Payment,34,HDFC Bank Current A/c,,10495.91,
11-05-2025,Payment,35,Office Expenses,2364.19,,
11-05-2025,Payment,35,Cash,,2364.19,
11-05-2025,Receipt,21,HDFC Bank Current A/c,119259.05,,
11-05-2025,Receipt,21,Customer 07,,119259.05,
11-05-2025,Payment,36,Supplier 05,2477.48,,
11-05-2025,Payment,36,HDFC Bank Current A/c,,2477.48,
12-05-2025,Receipt,22,HDFC Bank Current A/c,325336.20,,
12-05-2025,Receipt,22,Customer 07,,325336.20,
12-05-2025,Receipt,23,HDFC Bank Current A/c,65408.98,,
12-05-2025,Receipt,23,Customer 01,,65408.98,
12-05-2025,Payment,37,Conveyance,308.62,,
12-05-2025,Payment,37,Cash,,308.62,
13-05-2025,Sales,46,Customer 03,86007.65,,
13-05-2025,Sales,46,Sales - Local,,86007.65,
13-05-2025,Sales,47,Customer 08,187313.67,,
13-05-2025,Sales,47,Sales - Local,,187313.67,
13-05-2025,Purchase,26,Purchases - Local,113480.52,,
13-05-2025,Purchase,26,Supplier 05,,113480.52,
14-05-2025,Receipt,24,HDFC Bank Current A/c,106154.01,,
14-05-2025,Receipt,24,Customer 07,,106154.01,
14-05-2025,Sales,48,Customer 06,16737.43,,
14-05-2025,Sales,48,Sales - Local,,16737.43,
14-05-2025,Sales,49,Cash,38709.34,,
14-05-2025,Sales,49,Sales - Local,,38709.34,
15-05-2025,Purchase,27,Purchases - Local,22254.82,,
15-05-2025,Purchase,27,Supplier 04,,22254.82,
15-05-2025,Receipt,25,HDFC Bank Current A/c,4398.14,,
15-05-2025,Receipt,25,Customer 07,,4398.14,
15-05-2025,Purchase,28,Purchases - Local,10682.50,,
15-05-2025,Purchase,28,Supplier 04,,10682.50,
16-05-2025,Payment,38,Rent,25000.00,,
16-05-2025,Payment,38,HDFC Bank Current A/c,,25000.00,
16-05-2025,Payment,39,Salary,47581.80,,
16-05-2025,Payment,39,HDFC Bank Current A/c,,47581.80,
16-05-2025,Payment,40,Electricity Charges,5630.51,,
16-05-2025,Payment,40,HDFC Bank Current A/c,,5630.51,
16-05-2025,Journal,2,Interest on Unsecured Loans,3000.00,,
16-05-2025,Journal,2,Unsecured Loan - Rajesh Kumar,,2700.00,
16-05-2025,Journal,2,TDS Payable,,300.00,
16-05-2025,Payment,41,TDS Payable,300.00,,
16-05-2025,Payment,41,HDFC Bank Current A/c,,300.00,
16-05-2025,Sales,50,Customer 03,68595.44,,
16-05-2025,Sales,50,Sales - Local,,68595.44,
16-05-2025,Purchase,29,Purchases - Local,7254.13,,
16-05-2025,Purchase,29,Supplier 01,,7254.13,
16-05-2025,Payment,42,Supplier 05,84942.06,,
16-05-2025,Payment,42,HDFC Bank Current A/c,,84942.06,
17-05-2025,Sales,51,Customer 01,115163.82,,
17-05-2025,Sales,51,Sales - Local,,115163.82,
17-05-2025,Purchase,30,Purchases - Local,15913.87,,
17-05-2025,Purchase,30,Supplier 02,,15913.87,
17-05-2025,Receipt,26,HDFC Bank Current A/c,1418.45,,
17-05-2025,Receipt,26,Interest Received,,1418.45,
18-05-2025,Payment,43,Supplier 04,670995.08,,
18-05-2025,Payment,43,HDFC Bank Current A/c,,670995.08,
18-05-2025,Receipt,27,HDFC Bank Current A/c,40225.71,,
18-05-2025,Receipt,27,Customer 05,,40225.71,
18-05-2025,Sales,52,Customer 04,70275.59,,
18-05-2025,Sales,52,Sales - Local,,70275.59,
19-05-2025,Payment,44,Staff Welfare,7784.52,,
19-05-2025,Payment,44,Cash,,7784.52,
19-05-2025,Payment,45,Supplier 05,7733.42,,
19-05-2025,Payment,45,HDFC Bank Current A/c,,7733.42,
19-05-2025,Receipt,28,HDFC Bank Current A/c,78046.62,,
19-05-2025,Receipt,28,Customer 03,,78046.62,
20-05-2025,Purchase,31,Purchases - Local,63124.21,,
20-05-2025,Purchase,31,Supplier 05,,63124.21,
20-05-2025,Payment,46,Staff Welfare,1529.71,,
20-05-2025,Payment,46,Cash,,1529.71,
20-05-2025,Receipt,29,HDFC Bank Current A/c,24360.02,,
20-05-2025,Receipt,29,Customer 04,,24360.02,
21-05-2025,Sales,53,Cash,1707.02,,
21-05-2025,Sales,53,Sales - Local,,1707.02,
21-05-2025,Receipt,30,HDFC Bank Current A/c,8908.61,,
21-05-2025,Receipt,30,Customer 05,,8908.61,
21-05-2025,Sales,54,Customer 01,79109.80,,
21-05-2025,Sales,54,Sales - Local,,79109.80,
22-05-2025,Receipt,31,HDFC Bank Current A/c,20366.78,,
22-05-2025,Receipt,31,Customer 04,,20366.78,
22-05-2025,Purchase,32,Purchases - Local,36127.71,,
22-05-2025,Purchase,32,Supplier 04,,36127.71,
22-05-2025,Sales,55,Customer 04,156656.43,,
22-05-2025,Sales,55,Sales - Local,,156656.43,
23-05-2025,Sales,56,Customer 07,174476.85,,
23-05-2025,Sales,56,Sales - Local,,174476.85,
23-05-2025,Purchase,33,Purchases - Local,90264.57,,
23-05-2025,Purchase,33,Supplier 01,,90264.57,
23-05-2025,Purchase,34,Purchases - Local,67121.37,,
23-05-2025,Purchase,34,Supplier 01,,67121.37,
24-05-2025,Payment,47,Printing & Stationery,4954.28,,
24-05-2025,Payment,47,Cash,,4954.28,
24-05-2025,Sales,57,Cash,22462.34,,
24-05-2025,Sales,57,Sales - Local,,22462.34,
24-05-2025,Payment,48,Supplier 04,37239.49,,
24-05-2025,Payment,48,HDFC Bank Current A/c,,37239.49,
25-05-2025,Payment,49,Supplier 03,133288.58,,
25-05-2025,Payment,49,HDFC Bank Current A/c,,133288.58,
25-05-2025,Sales,58,Customer 01,156140.77,,
25-05-2025,Sales,58,Sales - Local,,156140.77,
25-05-2025,Purchase,35,Purchases - Local,51700.04,,
25-05-2025,Purchase,35,Supplier 01,,51700.04,
26-05-2025,Sales,59,Customer 07,49053.43,,
26-05-2025,Sales,59,Sales - Local,,49053.43,
26-05-2025,Sales,60,Cash,5211.35,,
26-05-2025,Sales,60,Sales - Local,,5211.35,
26-05-2025,Payment,50,Supplier 04,19116.33,,
26-05-2025,Payment,50,HDFC Bank Current A/c,,19116.33,
27-05-2025,Payment,51,Printing & Stationery,9194.82,,
27-05-2025,Payment,51,Cash,,9194.82,
27-05-2025,Payment,52,Supplier 02,19109.14,,
27-05-2025,Payment,52,HDFC Bank Current A/c,,19109.14,
27-05-2025,Sales,61,Customer 08,76498.35,,
27-05-2025,Sales,61,Sales - Local,,76498.35,
28-05-2025,Sales,62,Cash,12302.91,,
28-05-2025,Sales,62,Sales - Local,,12302.91,
28-05-2025,Receipt,32,HDFC Bank Current A/c,226698.15,,
28-05-2025,Receipt,32,Customer 06,,226698.15,
28-05-2025,Sales,63,Customer 07,184046.21,,
28-05-2025,Sales,63,Sales - Local,,184046.21,
29-05-2025,Sales,64,Customer 06,75533.65,,
29-05-2025,Sales,64,Sales - Local,,75533.65,
29-05-2025,Receipt,33,HDFC Bank Current A/c,191242.85,,
29-05-2025,Receipt,33,Customer 06,,191242.85,
30-05-2025,Sales,65,Customer 05,83837.39,,
30-05-2025,Sales,65,Sales - Local,,83837.39,
30-05-2025,Sales,66,Cash,27108.74,,
30-05-2025,Sales,66,Sales - Local,,27108.74,
31-05-2025,Sales,67,Customer 08,190968.94,,
31-05-2025,Sales,67,Sales - Local,,190968.94,
31-05-2025,Payment,53,Bank Charges,59.78,,
31-05-2025,Payment,53,HDFC Bank Current A/c,,59.78,
31-05-2025,Sales,68,Customer 03,196464.24,,
31-05-2025,Sales,68,Sales - Local,,196464.24,
01-06-2025,Sales,69,Customer 08,117412.45,,
01-06-2025,Sales,69,Sales - Local,,117412.45,
01-06-2025,Payment,54,Supplier 01,213358.55,,
01-06-2025,Payment,54,HDFC Bank Current A/c,,213358.55,
01-06-2025,Receipt,34,HDFC Bank Current A/c,123181.71,,
01-06-2025,Receipt,34,Customer 08,,123181.71,
02-06-2025,Sales,70,Customer 04,89452.22,,
02-06-2025,Sales,70,Sales - Local,,89452.22,
02-06-2025,Receipt,35,HDFC Bank Current A/c,168800.58,,
02-06-2025,Receipt,35,Customer 03,,168800.58,
02-06-2025,Payment,55,Conveyance,4197.23,,
02-06-2025,Payment,55,Cash,,4197.23,
03-06-2025,Receipt,36,HDFC Bank Current A/c,53359.57,,
03-06-2025,Receipt,36,Customer 05,,53359.57,
03-06-2025,Receipt,37,HDFC Bank Current A/c,78964.92,,
03-06-2025,Receipt,37,Customer 03,,78964.92,
03-06-2025,Receipt,38,HDFC Bank Current A/c,352612.33,,
03-06-2025,Receipt,38,Customer 08,,352612.33,
04-06-2025,Purchase,36,Purchases - Local,26228.13,,
04-06-2025,Purchase,36,Supplier 02,,26228.13,
04-06-2025,Sales,71,Customer 06,125465.95,,
04-06-2025,Sales,71,Sales - Local,,125465.95,
04-06-2025,Receipt,39,HDFC Bank Current A/c,412251.47,,
04-06-2025,Receipt,39,Customer 01,,412251.47,
05-06-2025,Purchase,37,Purchases - Local,43916.56,,
05-06-2025,Purchase,37,Supplier 04,,43916.56,
05-06-2025,Sales,72,Customer 02,144987.27,,
05-06-2025,Sales,72,Sales - Local,,144987.27,
05-06-2025,Payment,56,Staff Welfare,833.24,,
05-06-2025,Payment,56,Cash,,833.24,
06-06-2025,Payment,57,Office Expenses,9333.37,,
06-06-2025,Payment,57,Cash,,9333.37,
06-06-2025,Payment,58,Office Expenses,8480.92,,
06-06-2025,Payment,58,Cash,,8480.92,
06-06-2025,Receipt,40,HDFC Bank Current A/c,21518.47,,
06-06-2025,Receipt,40,Customer 01,,21518.47,
07-06-2025,Purchase,38,Purchases - Local,74349.17,,
07-06-2025,Purchase,38,Supplier 05,,74349.17,
07-06-2025,Payment,59,Supplier 03,21957.13,,
07-06-2025,Payment,59,HDFC Bank Current A/c,,21957.13,
07-06-2025,Receipt,41,Cash,2701.06,,
07-06-2025,Receipt,41,Customer 08,,2701.06,
08-06-2025,Purchase,39,Purchases - Local,22440.44,,
08-06-2025,Purchase,39,Supplier 03,,22440.44,
08-06-2025,Sales,73,Customer 06,199421.64,,
08-06-2025,Sales,73,Sales - Local,,199421.64,
08-06-2025,Sales,74,Customer 01,84461.56,,
08-06-2025,Sales,74,Sales - Local,,84461.56,
09-06-2025,Payment,60,Bank Charges,91.67,,
09-06-2025,Payment,60,HDFC Bank Current A/c,,91.67,
09-06-2025,Sales,75,Cash,43200.06,,
09-06-2025,Sales,75,Sales - Local,,43200.06,
09-06-2025,Receipt,42,HDFC Bank Current A/c,8560.74,,
09-06-2025,Receipt,42,Interest Received,,8560.74,
10-06-2025,Sales,76,Cash,18595.88,,
10-06-2025,Sales,76,Sales - Local,,18595.88,
10-06-2025,Sales,77,Cash,29623.25,,
10-06-2025,Sales,77,Sales - Local,,29623.25,
10-06-2025,Sales,78,Customer 05,133861.80,,
10-06-2025,Sales,78,Sales - Local,,133861.80,
11-06-2025,Purchase,40,Purchases - Local,13201.50,,
11-06-2025,Purchase,40,Supplier 03,,13201.50,
11-06-2025,Sales,79,Customer 04,168604.56,,
11-06-2025,Sales,79,Sales - Local,,168604.56,
11-06-2025,Sales,80,Customer 07,17041.21,,
11-06-2025,Sales,80,Sales - Local,,17041.21,
12-06-2025,Receipt,43,Cash,16502.67,,
12-06-2025,Receipt,43,Customer 07,,16502.67,
12-06-2025,Receipt,44,HDFC Bank Current A/c,61788.99,,
12-06-2025,Receipt,44,Customer 01,,61788.99,
12-06-2025,Purchase,41,Purchases - Local,38000.39,,
12-06-2025,Purchase,41,Supplier 05,,38000.39,
13-06-2025,Sales,81,Customer 08,137302.52,,
13-06-2025,Sales,81,Sales - Local,,137302.52,
13-06-2025,Sales,82,Customer 04,42873.40,,
13-06-2025,Sales,82,Sales - Local,,42873.40,
13-06-2025,Receipt,45,HDFC Bank Current A/c,500369.29,,
13-06-2025,Receipt,45,Customer 04,,500369.29,
14-06-2025,Sales,83,Customer 02,47635.08,,
14-06-2025,Sales,83,Sales - Local,,47635.08,
14-06-2025,Sales,84,Cash,49876.18,,
14-06-2025,Sales,84,Sales - Local,,49876.18,
14-06-2025,Sales,85,Customer 05,25262.08,,
14-06-2025,Sales,85,Sales - Local,,25262.08,
15-06-2025,Payment,61,Rent,25000.00,,
15-06-2025,Payment,61,HDFC Bank Current A/c,,25000.00,
15-06-2025,Payment,62,Salary,42598.23,,
15-06-2025,Payment,62,HDFC Bank Current A/c,,42598.23,
15-06-2025,Payment,63,Electricity Charges,4528.62,,
15-06-2025,Payment,63,HDFC Bank Current A/c,,4528.62,
15-06-2025,Journal,3,Interest on Unsecured Loans,3000.00,,
15-06-2025,Journal,3,Unsecured Loan - Rajesh Kumar,,2700.00,
15-06-2025,Journal,3,TDS Payable,,300.00,
15-06-2025,Payment,64,TDS Payable,300.00,,
15-06-2025,Payment,64,HDFC Bank Current A/c,,300.00,
15-06-2025,Purchase,42,Purchases - Local,93896.21,,
15-06-2025,Purchase,42,Supplier 02,,93896.21,
15-06-2025,Receipt,46,Cash,10244.13,,
15-06-2025,Receipt,46,Customer 06,,10244.13,
15-06-2025,Sales,86,Customer 05,80561.33,,
15-06-2025,Sales,86,Sales - Local,,80561.33,
16-06-2025,Receipt,47,HDFC Bank Current A/c,1592.51,,
16-06-2025,Receipt,47,Customer 04,,1592.51,
16-06-2025,Purchase,43,Purchases - Local,6097.29,,
16-06-2025,Purchase,43,Supplier 02,,6097.29,
16-06-2025,Receipt,48,HDFC Bank Current A/c,373382.57,,
16-06-2025,Receipt,48,Customer 08,,373382.57,
17-06-2025,Sales,87,Customer 02,186637.28,,
17-06-2025,Sales,87,Sales - Local,,186637.28,
17-06-2025,Sales,88,Customer 05,5491.32,,
17-06-2025,Sales,88,Sales - Local,,5491.32,
17-06-2025,Receipt,49,HDFC Bank Current A/c,15188.93,,
17-06-2025,Receipt,49,Customer 03,,15188.93,
18-06-2025,Purchase,44,Purchases - Local,78337.27,,
18-06-2025,Purchase,44,Supplier 01,,78337.27,
18-06-2025,Receipt,50,HDFC Bank Current A/c,17083.65,,
18-06-2025,Receipt,50,Customer 04,,17083.65,
18-06-2025,Payment,65,Supplier 04,14570.13,,
18-06-2025,Payment,65,HDFC Bank Current A/c,,14570.13,
19-06-2025,Sales,89,Cash,49108.43,,
19-06-2025,Sales,89,Sales - Local,,49108.43,
19-06-2025,Sales,90,Customer 01,51975.06,,
19-06-2025,Sales,90,Sales - Local,,51975.06,
19-06-2025,Sales,91,Customer 03,44755.26,,
19-06-2025,Sales,91,Sales - Local,,44755.26,
20-06-2025,Payment,66,Supplier 05,134521.41,,
20-06-2025,Payment,66,HDFC Bank Current A/c,,134521.41,
20-06-2025,Purchase,45,Purchases - Local,81132.85,,
20-06-2025,Purchase,45,Supplier 02,,81132.85,
20-06-2025,Receipt,51,Cash,8378.48,,
20-06-2025,Receipt,51,Customer 05,,8378.48,
21-06-2025,Sales,92,Customer 08,14633.94,,
21-06-2025,Sales,92,Sales - Local,,14633.94,
21-06-2025,Sales,93,Customer 07,108020.77,,
21-06-2025,Sales,93,Sales - Local,,108020.77,
21-06-2025,Purchase,46,Purchases - Local,74621.94,,
21-06-2025,Purchase,46,Supplier 05,,74621.94,
22-06-2025,Sales,94,Cash,6153.12,,
22-06-2025,Sales,94,Sales - Local,,6153.12,
22-06-2025,Purchase,47,Purchases - Local,46740.65,,
22-06-2025,Purchase,47,Supplier 05,,46740.65,
22-06-2025,Sales,95,Customer 06,86865.72,,
22-06-2025,Sales,95,Sales - Local,,86865.72,
23-06-2025,Receipt,52,HDFC Bank Current A/c,102580.26,,
23-06-2025,Receipt,52,Customer 02,,102580.26,
23-06-2025,Payment,67,Supplier 05,177145.84,,
23-06-2025,Payment,67,HDFC Bank Current A/c,,177145.84,
23-06-2025,Purchase,48,Purchases - Local,119030.10,,
23-06-2025,Purchase,48,Supplier 02,,119030.10,
24-06-2025,Sales,96,Customer 07,154311.33,,
24-06-2025,Sales,96,Sales - Local,,154311.33,
24-06-2025,Sales,97,Cash,22690.00,,
24-06-2025,Sales,97,Sales - Local,,22690.00,
24-06-2025,Sales,98,Customer 03,37400.43,,
24-06-2025,Sales,98,Sales - Local,,37400.43,
25-06-2025,Purchase,49,Purchases - Local,16284.11,,
25-06-2025,Purchase,49,Supplier 01,,16284.11,
25-06-2025,Sales,99,Cash,16362.49,,
25-06-2025,Sales,99,Sales - Local,,16362.49,
25-06-2025,Sales,100,Customer 03,194026.94,,
25-06-2025,Sales,100,Sales - Local,,194026.94,
26-06-2025,Purchase,50,Purchases - Local,73429.69,,
26-06-2025,Purchase,50,Supplier 03,,73429.69,
26-06-2025,Purchase,51,Purchases - Local,100835.47,,
26-06-2025,Purchase,51,Supplier 04,,100835.47,
26-06-2025,Sales,101,Customer 04,24976.03,,
26-06-2025,Sales,101,Sales - Local,,24976.03,
27-06-2025,Payment,68,Supplier 05,3765.17,,
27-06-2025,Payment,68,HDFC Bank Current A/c,,3765.17,
27-06-2025,Receipt,53,HDFC Bank Current A/c,8927.57,,
27-06-2025,Receipt,53,Interest Received,,8927.57,
27-06-2025,Payment,69,Supplier 02,119406.11,,
27-06-2025,Payment,69,HDFC Bank Current A/c,,119406.11,
28-06-2025,Sales,102,Customer 06,42768.54,,
28-06-2025,Sales,102,Sales - Local,,42768.54,
28-06-2025,Sales,103,Customer 06,5938.58,,
28-06-2025,Sales,103,Sales - Local,,5938.58,
28-06-2025,Sales,104,Customer 08,20589.00,,
28-06-2025,Sales,104,Sales - Local,,20589.00,
29-06-2025,Payment,70,Supplier 05,1762.14,,
29-06-2025,Payment,70,HDFC Bank Current A/c,,1762.14,
29-06-2025,Sales,105,Cash,43913.62,,
29-06-2025,Sales,105,Sales - Local,,43913.62,
29-06-2025,Payment,71,Supplier 02,22588.00,,
29-06-2025,Payment,71,HDFC Bank Current A/c,,22588.00,
30-06-2025,Payment,72,Staff Welfare,9131.35,,
30-06-2025,Payment,72,Cash,,9131.35,
30-06-2025,Receipt,54,HDFC Bank Current A/c,333311.42,,
30-06-2025,Receipt,54,Customer 06,,333311.42,
30-06-2025,Payment,73,Bank Charges,314.13,,
30-06-2025,Payment,73,HDFC Bank Current A/c,,314.13,
01-07-2025,Sales,106,Customer 01,43863.50,,
01-07-2025,Sales,106,Sales - Local,,43863.50,
01-07-2025,Receipt,55,HDFC Bank Current A/c,250790.60,,
01-07-2025,Receipt,55,Customer 07,,250790.60,
01-07-2025,Sales,107,Cash,47156.01,,
01-07-2025,Sales,107,Sales - Local,,47156.01,
02-07-2025,Purchase,52,Purchases - Local,12909.29,,
02-07-2025,Purchase,52,Supplier 02,,12909.29,
02-07-2025,Sales,108,Customer 07,23253.16,,
02-07-2025,Sales,108,Sales - Local,,23253.16,
02-07-2025,Payment,74,Bank Charges,247.64,,
02-07-2025,Payment,74,HDFC Bank Current A/c,,247.64,
03-07-2025,Payment,75,Supplier 05,1499.74,,
03-07-2025,Payment,75,HDFC Bank Current A/c,,1499.74,
03-07-2025,Receipt,56,HDFC Bank Current A/c,338695.99,,
03-07-2025,Receipt,56,Customer 02,,338695.99,
03-07-2025,Sales,109,Customer 02,67728.55,,
03-07-2025,Sales,109,Sales - Local,,67728.55,
04-07-2025,Receipt,57,HDFC Bank Current A/c,104118.16,,
04-07-2025,Receipt,57,Customer 05,,104118.16,
04-07-2025,Payment,76,Conveyance,7814.30,,
04-07-2025,Payment,76,Cash,,7814.30,
04-07-2025,Purchase,53,Purchases - Local,20838.02,,
04-07-2025,Purchase,53,Supplier 03,,20838.02,
05-07-2025,Receipt,58,HDFC Bank Current A/c,192962.35,,
05-07-2025,Receipt,58,Customer 03,,192962.35,
05-07-2025,Sales,110,Customer 06,139122.78,,
05-07-2025,Sales,110,Sales - Local,,139122.78,
05-07-2025,Payment,77,Staff Welfare,7490.79,,
05-07-2025,Payment,77,Cash,,7490.79,
06-07-2025,Payment,78,Supplier 04,38864.51,,
06-07-2025,Payment,78,HDFC Bank Current A/c,,38864.51,
06-07-2025,Receipt,59,HDFC Bank Current A/c,364415.12,,
06-07-2025,Receipt,59,Customer 07,,364415.12,
06-07-2025,Payment,79,Supplier 03,5444.50,,
06-07-2025,Payment,79,HDFC Bank Current A/c,,5444.50,
07-07-2025,Sales,111,Customer 06,85079.66,,
07-07-2025,Sales,111,Sales - Local,,85079.66,
07-07-2025,Payment,80,Office Expenses,8029.07,,
07-07-2025,Payment,80,Cash,,8029.07,
07-07-2025,Receipt,60,HDFC Bank Current A/c,7287.91,,
07-07-2025,Receipt,60,Customer 06,,7287.91,
08-07-2025,Purchase,54,Purchases - Local,16955.84,,
08-07-2025,Purchase,54,Supplier 04,,16955.84,
08-07-2025,Receipt,61,HDFC Bank Current A/c,168752.30,,
08-07-2025,Receipt,61,Customer 05,,168752.30,
08-07-2025,Payment,81,Bank Charges,364.07,,
08-07-2025,Payment,81,HDFC Bank Current A/c,,364.07,
09-07-2025,Receipt,62,Cash,6822.51,,
09-07-2025,Receipt,62,Customer 08,,6822.51,
09-07-2025,Sales,112,Customer 02,193636.60,,
09-07-2025,Sales,112,Sales - Local,,193636.60,
09-07-2025,Receipt,63,HDFC Bank Current A/c,149285.66,,
09-07-2025,Receipt,63,Customer 01,,149285.66,
10-07-2025,Sales,113,Cash,33836.76,,
10-07-2025,Sales,113,Sales - Local,,33836.76,
10-07-2025,Payment,82,Supplier 04,53064.32,,
10-07-2025,Payment,82,HDFC Bank Current A/c,,53064.32,
10-07-2025,Purchase,55,Purchases - Local,85784.14,,
10-07-2025,Purchase,55,Supplier 05,,85784.14,
11-07-2025,Sales,114,Customer 07,46305.19,,
11-07-2025,Sales,114,Sales - Local,,46305.19,
11-07-2025,Sales,115,Customer 02,180262.04,,
11-07-2025,Sales,115,Sales - Local,,180262.04,
11-07-2025,Receipt,64,Cash,17602.30,,
11-07-2025,Receipt,64,Customer 07,,17602.30,
12-07-2025,Receipt,65,HDFC Bank Current A/c,64556.43,,
12-07-2025,Receipt,65,Customer 07,,64556.43,
12-07-2025,Payment,83,Staff Welfare,7478.84,,
12-07-2025,Payment,83,Cash,,7478.84,
12-07-2025,Receipt,66,HDFC Bank Current A/c,24849.84,,
12-07-2025,Receipt,66,Customer 04,,24849.84,
13-07-2025,Purchase,56,Purchases - Local,96089.93,,
13-07-2025,Purchase,56,Supplier 02,,96089.93,
13-07-2025,Sales,116,Cash,3475.70,,
13-07-2025,Sales,116,Sales - Local,,3475.70,
13-07-2025,Receipt,67,HDFC Bank Current A/c,1172.74,,
13-07-2025,Receipt,67,Customer 01,,1172.74,
14-07-2025,Purchase,57,Purchases - Local,114071.94,,
14-07-2025,Purchase,57,Supplier 04,,114071.94,
14-07-2025,Sales,117,Cash,7849.77,,
14-07-2025,Sales,117,Sales - Local,,7849.77,
14-07-2025,Sales,118,Cash,3001.04,,
14-07-2025,Sales,118,Sales - Local,,3001.04,
15-07-2025,Payment,84,Rent,25000.00,,
15-07-2025,Payment,84,HDFC Bank Current A/c,,25000.00,
15-07-2025,Payment,85,Salary,53777.33,,
15-07-2025,Payment,85,HDFC Bank Current A/c,,53777.33,
15-07-2025,Payment,86,Electricity Charges,7837.29,,
15-07-2025,Payment,86,HDFC Bank Current A/c,,7837.29,
15-07-2025,Journal,4,Interest on Unsecured Loans,3000.00,,
15-07-2025,Journal,4,Unsecured Loan - Rajesh Kumar,,2700.00,
15-07-2025,Journal,4,TDS Payable,,300.00,
15-07-2025,Payment,87,TDS Payable,300.00,,
15-07-2025,Payment,87,HDFC Bank Current A/c,,300.00,
15-07-2025,Receipt,68,HDFC Bank Current A/c,7974.24,,
15-07-2025,Receipt,68,Customer 05,,7974.24,
15-07-2025,Purchase,58,Purchases - Local,64763.76,,
15-07-2025,Purchase,58,Supplier 05,,64763.76,
15-07-2025,Receipt,69,Cash,7342.77,,
15-07-2025,Receipt,69,Customer 06,,7342.77,
16-07-2025,Sales,119,Customer 06,106241.45,,
16-07-2025,Sales,119,Sales - Local,,106241.45,
16-07-2025,Payment,88,Bank Charges,339.37,,
16-07-2025,Payment,88,HDFC Bank Current A/c,,339.37,
16-07-2025,Sales,120,Customer 08,75251.88,,
16-07-2025,Sales,120,Sales - Local,,75251.88,
17-07-2025,Sales,121,Cash,3439.93,,
17-07-2025,Sales,121,Sales - Local,,3439.93,
17-07-2025,Sales,122,Customer 01,81811.10,,
17-07-2025,Sales,122,Sales - Local,,81811.10,
17-07-2025,Payment,89,Office Expenses,6261.93,,
17-07-2025,Payment,89,Cash,,6261.93,
18-07-2025,Sales,123,Cash,39417.82,,
18-07-2025,Sales,123,Sales - Local,,39417.82,
18-07-2025,Payment,90,Office Expenses,8352.00,,
18-07-2025,Payment,90,Cash,,8352.00,
18-07-2025,Sales,124,Customer 03,48301.20,,
18-07-2025,Sales,124,Sales - Local,,48301.20,
19-07-2025,Purchase,59,Purchases - Local,31556.28,,
19-07-2025,Purchase,59,Supplier 01,,31556.28,
19-07-2025,Sales,125,Customer 03,155663.96,,
19-07-2025,Sales,125,Sales - Local,,155663.96,
19-07-2025,Sales,126,Customer 07,124307.85,,
19-07-2025,Sales,126,Sales - Local,,124307.85,
20-07-2025,Sales,127,Customer 01,35220.86,,
20-07-2025,Sales,127,Sales - Local,,35220.86,
20-07-2025,Sales,128,Customer 01,128944.10,,
20-07-2025,Sales,128,Sales - Local,,128944.10,
20-07-2025,Sales,129,Customer 08,145567.98,,
20-07-2025,Sales,129,Sales - Local,,145567.98,
21-07-2025,Sales,130,Customer 01,131866.45,,
21-07-2025,Sales,130,Sales - Local,,131866.45,
21-07-2025,Payment,91,Telephone Expenses,5229.12,,
21-07-2025,Payment,91,Cash,,5229.12,
21-07-2025,Receipt,70,HDFC Bank Current A/c,194664.17,,
21-07-2025,Receipt,70,Customer 08,,194664.17,
22-07-2025,Purchase,60,Purchases - Local,109865.60,,
22-07-2025,Purchase,60,Supplier 02,,109865.60,
22-07-2025,Payment,92,Printing & Stationery,2221.66,,
22-07-2025,Payment,92,Cash,,2221.66,
22-07-2025,Payment,93,Supplier 02,456989.86,,
22-07-2025,Payment,93,HDFC Bank Current A/c,,456989.86,
23-07-2025,Purchase,61,Purchases - Local,38966.67,,
23-07-2025,Purchase,61,Supplier 01,,38966.67,
23-07-2025,Payment,94,Bank Charges,477.78,,
23-07-2025,Payment,94,HDFC Bank Current A/c,,477.78,
24-07-2025,Sales,131,Customer 03,137083.93,,
24-07-2025,Sales,131,Sales - Local,,137083.93,
24-07-2025,Purchase,62,Purchases - Local,96768.71,,
24-07-2025,Purchase,62,Supplier 05,,96768.71,
24-07-2025,Receipt,71,HDFC Bank Current A/c,401423.75,,
24-07-2025,Receipt,71,Customer 03,,401423.75,
25-07-2025,Receipt,72,Cash,8070.88,,
25-07-2025,Receipt,72,Customer 01,,8070.88,
25-07-2025,Sales,132,Customer 06,103864.13,,
25-07-2025,Sales,132,Sales - Local,,103864.13,
25-07-2025,Receipt,73,Cash,10787.67,,
25-07-2025,Receipt,73,Customer 04,,10787.67,
26-07-2025,Payment,95,Bank Charges,357.16,,
26-07-2025,Payment,95,HDFC Bank Current A/c,,357.16,
26-07-2025,Sales,133,Cash,3007.51,,
26-07-2025,Sales,133,Sales - Local,,3007.51,
27-07-2025,Sales,134,Customer 02,110528.86,,
27-07-2025,Sales,134,Sales - Local,,110528.86,
27-07-2025,Sales,135,Customer 08,153727.71,,
27-07-2025,Sales,135,Sales - Local,,153727.71,
27-07-2025,Sales,136,Customer 03,52525.76,,
27-07-2025,Sales,136,Sales - Local,,52525.76,
28-07-2025,Receipt,74,HDFC Bank Current A/c,198484.74,,
28-07-2025,Receipt,74,Customer 06,,198484.74,
28-07-2025,Purchase,63,Purchases - Local,83422.79,,
28-07-2025,Purchase,63,Supplier 04,,83422.79,
28-07-2025,Receipt,75,Cash,12891.17,,
28-07-2025,Receipt,75,Customer 04,,12891.17,
29-07-2025,Payment,96,Supplier 02,1334.52,,
29-07-2025,Payment,96,HDFC Bank Current A/c,,1334.52,
29-07-2025,Payment,97,Supplier 01,158112.74,,
29-07-2025,Payment,97,HDFC Bank Current A/c,,158112.74,
30-07-2025,Sales,137,Customer 02,109759.89,,
30-07-2025,Sales,137,Sales - Local,,109759.89,
30-07-2025,Sales,138,Customer 03,59849.62,,
30-07-2025,Sales,138,Sales - Local,,59849.62,
30-07-2025,Sales,139,Cash,17337.62,,
30-07-2025,Sales,139,Sales - Local,,17337.62,
31-07-2025,Payment,98,Bank Charges,64.78,,
31-07-2025,Payment,98,HDFC Bank Current A/c,,64.78,
31-07-2025,Purchase,64,Purchases - Local,65198.75,,
31-07-2025,Purchase,64,Supplier 04,,65198.75,
31-07-2025,Sales,140,Customer 07,183584.13,,
31-07-2025,Sales,140,Sales - Local,,183584.13,
01-08-2025,Payment,99,Supplier 05,124174.93,,
01-08-2025,Payment,99,HDFC Bank Current A/c,,124174.93,
01-08-2025,Sales,141,Customer 04,187953.28,,
01-08-2025,Sales,141,Sales - Local,,187953.28,
01-08-2025,Sales,142,Cash,33564.83,,
01-08-2025,Sales,142,Sales - Local,,33564.83,
02-08-2025,Purchase,65,Purchases - Local,9477.33,,
02-08-2025,Purchase,65,Supplier 04,,9477.33,
02-08-2025,Payment,100,Bank Charges,422.16,,
02-08-2025,Payment,100,HDFC Bank Current A/c,,422.16,
02-08-2025,Sales,143,Cash,39586.06,,
02-08-2025,Sales,143,Sales - Local,,39586.06,
03-08-2025,Payment,101,Supplier 03,97163.05,,
03-08-2025,Payment,101,HDFC Bank Current A/c,,97163.05,
03-08-2025,Payment,102,Supplier 01,16600.97,,
03-08-2025,Payment,102,HDFC Bank Current A/c,,16600.97,
04-08-2025,Payment,103,Staff Welfare,9400.39,,
04-08-2025,Payment,103,Cash,,9400.39,
04-08-2025,Payment,104,Printing & Stationery,4490.66,,
04-08-2025,Payment,104,Cash,,4490.66,
04-08-2025,Purchase,66,Purchases - Local,77838.91,,
04-08-2025,Purchase,66,Supplier 04,,77838.91,
05-08-2025,Payment,105,Conveyance,1933.34,,
05-08-2025,Payment,105,Cash,,1933.34,
05-08-2025,Payment,106,Bank Charges,483.92,,
05-08-2025,Payment,106,HDFC Bank Current A/c,,483.92,
05-08-2025,Sales,144,Cash,48199.70,,
05-08-2025,Sales,144,Sales - Local,,48199.70,
06-08-2025,Purchase,67,Purchases - Local,37436.28,,
06-08-2025,Purchase,67,Supplier 04,,37436.28,
06-08-2025,Purchase,68,Purchases - Local,72981.76,,
06-08-2025,Purchase,68,Supplier 05,,72981.76,
06-08-2025,Payment,107,Printing & Stationery,4445.56,,
06-08-2025,Payment,107,Cash,,4445.56,
07-08-2025,Payment,108,Supplier 04,258618.71,,
07-08-2025,Payment,108,HDFC Bank Current A/c,,258618.71,
07-08-2025,Sales,145,Cash,14174.38,,
07-08-2025,Sales,145,Sales - Local,,14174.38,
07-08-2025,Sales,146,Customer 01,146277.05,,
07-08-2025,Sales,146,Sales - Local,,146277.05,
08-08-2025,Purchase,69,Purchases - Local,22707.78,,
08-08-2025,Purchase,69,Supplier 04,,22707.78,
08-08-2025,Sales,147,Customer 07,36351.85,,
08-08-2025,Sales,147,Sales - Local,,36351.85,
08-08-2025,Sales,148,Customer 03,69357.40,,
08-08-2025,Sales,148,Sales - Local,,69357.40,
09-08-2025,Payment,109,Telephone Expenses,9795.45,,
09-08-2025,Payment,109,Cash,,9795.45,
09-08-2025,Payment,110,Office Expenses,8214.80,,
09-08-2025,Payment,110,Cash,,8214.80,
09-08-2025,Sales,149,Customer 04,47612.74,,
09-08-2025,Sales,149,Sales - Local,,47612.74,
10-08-2025,Sales,150,Cash,1646.59,,
10-08-2025,Sales,150,Sales - Local,,1646.59,
10-08-2025,Sales,151,Customer 03,105325.20,,
10-08-2025,Sales,151,Sales - Local,,105325.20,
10-08-2025,Purchase,70,Purchases - Local,63823.28,,
10-08-2025,Purchase,70,Supplier 03,,63823.28,
11-08-2025,Payment,111,Bank Charges,477.29,,
11-08-2025,Payment,111,HDFC Bank Current A/c,,477.29,
11-08-2025,Payment,112,Conveyance,678.41,,
11-08-2025,Payment,112,Cash,,678.41,
11-08-2025,Purchase,71,Purchases - Local,100427.99,,
11-08-2025,Purchase,71,Supplier 04,,100427.99,
12-08-2025,Purchase,72,Purchases - Local,101532.76,,
12-08-2025,Purchase,72,Supplier 03,,101532.76,
12-08-2025,Sales,152,Customer 04,182244.18,,
12-08-2025,Sales,152,Sales - Local,,182244.18,
12-08-2025,Purchase,73,Purchases - Local,113658.42,,
12-08-2025,Purchase,73,Supplier 02,,113658.42,
13-08-2025,Purchase,74,Purchases - Local,59315.01,,
13-08-2025,Purchase,74,Supplier 03,,59315.01,
13-08-2025,Sales,153,Customer 05,144445.05,,
13-08-2025,Sales,153,Sales - Local,,144445.05,
13-08-2025,Receipt,76,HDFC Bank Current A/c,15171.36,,
13-08-2025,Receipt,76,Customer 07,,15171.36,
14-08-2025,Payment,113,Rent,25000.00,,
14-08-2025,Payment,113,HDFC Bank Current A/c,,25000.00,
14-08-2025,Payment,114,Salary,41655.82,,
14-08-2025,Payment,114,HDFC Bank Current A/c,,41655.82,
14-08-2025,Payment,115,Electricity Charges,4911.99,,
14-08-2025,Payment,115,HDFC Bank Current A/c,,4911.99,
14-08-2025,Journal,5,Interest on Unsecured Loans,3000.00,,
14-08-2025,Journal,5,Unsecured Loan - Rajesh Kumar,,2700.00,
14-08-2025,Journal,5,TDS Payable,,300.00,
14-08-2025,Payment,116,TDS Payable,300.00,,
14-08-2025,Payment,116,HDFC Bank Current A/c,,300.00,
14-08-2025,Payment,117,Printing & Stationery,6383.05,,
14-08-2025,Payment,117,Cash,,6383.05,
14-08-2025,Purchase,75,Purchases - Local,56303.67,,
14-08-2025,Purchase,75,Supplier 05,,56303.67,
14-08-2025,Purchase,76,Purchases - Local,6657.07,,
14-08-2025,Purchase,76,Supplier 05,,6657.07,
15-08-2025,Receipt,77,HDFC Bank Current A/c,471368.38,,
15-08-2025,Receipt,77,Customer 08,,471368.38,
15-08-2025,Receipt,78,HDFC Bank Current A/c,345550.92,,
15-08-2025,Receipt,78,Customer 06,,345550.92,
15-08-2025,Sales,154,Customer 02,131609.19,,
15-08-2025,Sales,154,Sales - Local,,131609.19,
16-08-2025,Sales,155,Customer 08,25135.55,,
16-08-2025,Sales,155,Sales - Local,,25135.55,
16-08-2025,Sales,156,Cash,11006.61,,
16-08-2025,Sales,156,Sales - Local,,11006.61,
16-08-2025,Purchase,77,Purchases - Local,79017.33,,
16-08-2025,Purchase,77,Supplier 04,,79017.33,
17-08-2025,Receipt,79,HDFC Bank Current A/c,141520.18,,
17-08-2025,Receipt,79,Customer 01,,141520.18,
17-08-2025,Payment,118,Conveyance,9824.94,,
17-08-2025,Payment,118,Cash,,9824.94,
17-08-2025,Receipt,80,HDFC Bank Current A/c,124232.67,,
17-08-2025,Receipt,80,Customer 04,,124232.67,
18-08-2025,Sales,157,Cash,33914.32,,
18-08-2025,Sales,157,Sales - Local,,33914.32,
18-08-2025,Receipt,81,HDFC Bank Current A/c,1167088.26,,
18-08-2025,Receipt,81,Customer 02,,1167088.26,
18-08-2025,Receipt,82,HDFC Bank Current A/c,73287.59,,
18-08-2025,Receipt,82,Customer 02,,73287.59,
19-08-2025,Receipt,83,HDFC Bank Current A/c,110552.82,,
19-08-2025,Receipt,83,Customer 03,,110552.82,
19-08-2025,Sales,158,Customer 08,91873.50,,
19-08-2025,Sales,158,Sales - Local,,91873.50,
19-08-2025,Receipt,84,HDFC Bank Current A/c,259151.28,,
19-08-2025,Receipt,84,Customer 01,,259151.28,
20-08-2025,Payment,119,Telephone Expenses,2736.22,,
20-08-2025,Payment,119,Cash,,2736.22,
20-08-2025,Sales,159,Customer 03,36617.88,,
20-08-2025,Sales,159,Sales - Local,,36617.88,
20-08-2025,Sales,160,Cash,23645.28,,
20-08-2025,Sales,160,Sales - Local,,23645.28,
21-08-2025,Receipt,85,HDFC Bank Current A/c,174868.37,,
21-08-2025,Receipt,85,Customer 08,,174868.37,
21-08-2025,Payment,120,Supplier 04,112913.15,,
21-08-2025,Payment,120,HDFC Bank Current A/c,,112913.15,
21-08-2025,Purchase,78,Purchases - Local,36511.93,,
21-08-2025,Purchase,78,Supplier 03,,36511.93,
22-08-2025,Sales,161,Customer 02,49739.07,,
22-08-2025,Sales,161,Sales - Local,,49739.07,
22-08-2025,Purchase,79,Purchases - Local,27761.18,,
22-08-2025,Purchase,79,Supplier 03,,27761.18,
22-08-2025,Receipt,86,HDFC Bank Current A/c,122706.49,,
22-08-2025,Receipt,86,Customer 05,,122706.49,
23-08-2025,Receipt,87,Cash,13216.88,,
23-08-2025,Receipt,87,Customer 08,,13216.88,
23-08-2025,Sales,162,Customer 01,11188.55,,
23-08-2025,Sales,162,Sales - Local,,11188.55,
23-08-2025,Receipt,88,Cash,10978.80,,
23-08-2025,Receipt,88,Customer 06,,10978.80,
24-08-2025,Payment,121,Telephone Expenses,8356.98,,
24-08-2025,Payment,121,Cash,,8356.98,
24-08-2025,Payment,122,Supplier 05,240950.78,,
24-08-2025,Payment,122,HDFC Bank Current A/c,,240950.78,
24-08-2025,Payment,123,Supplier 01,3416.66,,
24-08-2025,Payment,123,HDFC Bank Current A/c,,3416.66,
25-08-2025,Payment,124,Staff Welfare,7792.18,,
25-08-2025,Payment,124,Cash,,7792.18,
25-08-2025,Purchase,80,Purchases - Local,48087.41,,
25-08-2025,Purchase,80,Supplier 03,,48087.41,
25-08-2025,Receipt,89,HDFC Bank Current A/c,197909.83,,
25-08-2025,Receipt,89,Customer 03,,197909.83,
26-08-2025,Sales,163,Customer 01,89902.34,,
26-08-2025,Sales,163,Sales - Local,,89902.34,
26-08-2025,Payment,125,Supplier 02,101614.52,,
26-08-2025,Payment,125,HDFC Bank Current A/c,,101614.52,
26-08-2025,Purchase,81,Purchases - Local,57245.73,,
26-08-2025,Purchase,81,Supplier 01,,57245.73,
27-08-2025,Receipt,90,HDFC Bank Current A/c,340448.73,,
27-08-2025,Receipt,90,Customer 07,,340448.73,
27-08-2025,Sales,164,Customer 01,123685.50,,
27-08-2025,Sales,164,Sales - Local,,123685.50,
27-08-2025,Sales,165,Customer 06,64197.27,,
27-08-2025,Sales,165,Sales - Local,,64197.27,
28-08-2025,Receipt,91,Cash,5399.59,,
28-08-2025,Receipt,91,Customer 04,,5399.59,
28-08-2025,Receipt,92,Cash,9501.60,,
28-08-2025,Receipt,92,Customer 05,,9501.60,
28-08-2025,Receipt,93,Cash,1833.21,,
28-08-2025,Receipt,93,Customer 05,,1833.21,
29-08-2025,Payment,126,Conveyance,4273.18,,
29-08-2025,Payment,126,Cash,,4273.18,
29-08-2025,Sales,166,Cash,19032.60,,
29-08-2025,Sales,166,Sales - Local,,19032.60,
29-08-2025,Purchase,82,Purchases - Local,73536.93,,
29-08-2025,Purchase,82,Supplier 02,,73536.93,
30-08-2025,Purchase,83,Purchases - Local,105386.98,,
30-08-2025,Purchase,83,Supplier 02,,105386.98,
30-08-2025,Receipt,94,Cash,9695.77,,
30-08-2025,Receipt,94,Customer 08,,9695.77,
30-08-2025,Receipt,95,HDFC Bank Current A/c,1487.42,,
30-08-2025,Receipt,95,Customer 05,,1487.42,
31-08-2025,Purchase,84,Purchases - Local,47387.98,,
31-08-2025,Purchase,84,Supplier 02,,47387.98,
31-08-2025,Payment,127,Bank Charges,199.66,,
31-08-2025,Payment,127,HDFC Bank Current A/c,,199.66,
31-08-2025,Sales,167,Cash,29997.76,,
31-08-2025,Sales,167,Sales - Local,,29997.76,
01-09-2025,Receipt,96,HDFC Bank Current A/c,4947.32,,
01-09-2025,Receipt,96,Customer 08,,4947.32,
01-09-2025,Sales,168,Customer 08,54404.35,,
01-09-2025,Sales,168,Sales - Local,,54404.35,
01-09-2025,Sales,169,Customer 07,35522.37,,
01-09-2025,Sales,169,Sales - Local,,35522.37,
02-09-2025,Sales,170,Customer 08,89161.31,,
02-09-2025,Sales,170,Sales - Local,,89161.31,
02-09-2025,Purchase,85,Purchases - Local,77161.05,,
02-09-2025,Purchase,85,Supplier 03,,77161.05,
03-09-2025,Sales,171,Customer 07,112196.56,,
03-09-2025,Sales,171,Sales - Local,,112196.56,
03-09-2025,Purchase,86,Purchases - Local,47978.87,,
03-09-2025,Purchase,86,Supplier 01,,47978.87,
03-09-2025,Receipt,97,Cash,9151.97,,
03-09-2025,Receipt,97,Customer 01,,9151.97,
04-09-2025,Sales,172,Cash,7995.79,,
04-09-2025,Sales,172,Sales - Local,,7995.79,
04-09-2025,Payment,128,Printing & Stationery,6216.05,,
04-09-2025,Payment,128,Cash,,6216.05,
04-09-2025,Payment,129,Supplier 01,4094.61,,
04-09-2025,Payment,129,HDFC Bank Current A/c,,4094.61,
05-09-2025,Purchase,87,Purchases - Local,103611.64,,
05-09-2025,Purchase,87,Supplier 01,,103611.64,
05-09-2025,Receipt,98,Cash,6231.14,,
05-09-2025,Receipt,98,Customer 07,,6231.14,
05-09-2025,Receipt,99,Cash,6283.54,,
05-09-2025,Receipt,99,Customer 08,,6283.54,
06-09-2025,Receipt,100,HDFC Bank Current A/c,1753.59,,
06-09-2025,Receipt,100,Customer 05,,1753.59,
06-09-2025,Sales,173,Customer 07,60626.21,,
06-09-2025,Sales,173,Sales - Local,,60626.21,
06-09-2025,Sales,174,Customer 02,51326.56,,
06-09-2025,Sales,174,Sales - Local,,51326.56,
07-09-2025,Purchase,88,Purchases - Local,60095.64,,
07-09-2025,Purchase,88,Supplier 05,,60095.64,
07-09-2025,Sales,175,Cash,28306.33,,
07-09-2025,Sales,175,Sales - Local,,28306.33,
07-09-2025,Sales,176,Customer 01,72398.97,,
07-09-2025,Sales,176,Sales - Local,,72398.97,
08-09-2025,Payment,130,Office Expenses,3350.82,,
08-09-2025,Payment,130,Cash,,3350.82,
08-09-2025,Payment,131,Office Expenses,5227.08,,
08-09-2025,Payment,131,Cash,,5227.08,
08-09-2025,Receipt,101,HDFC Bank Current A/c,96071.18,,
08-09-2025,Receipt,101,Customer 02,,96071.18,
09-09-2025,Payment,132,Bank Charges,212.38,,
09-09-2025,Payment,132,HDFC Bank Current A/c,,212.38,
09-09-2025,Purchase,89,Purchases - Local,76630.32,,
09-09-2025,Purchase,89,Supplier 01,,76630.32,
09-09-2025,Sales,177,Customer 03,76333.22,,
09-09-2025,Sales,177,Sales - Local,,76333.22,
10-09-2025,Sales,178,Customer 04,186898.01,,
10-09-2025,Sales,178,Sales - Local,,186898.01,
10-09-2025,Purchase,90,Purchases - Local,25758.17,,
10-09-2025,Purchase,90,Supplier 01,,25758.17,
10-09-2025,Receipt,102,HDFC Bank Current A/c,6560.80,,
10-09-2025,Receipt,102,Customer 02,,6560.80,
11-09-2025,Purchase,91,Purchases - Local,17811.23,,
11-09-2025,Purchase,91,Supplier 04,,17811.23,
11-09-2025,Sales,179,Customer 02,180504.76,,
11-09-2025,Sales,179,Sales - Local,,180504.76,
11-09-2025,Payment,133,Supplier 01,157613.23,,
11-09-2025,Payment,133,HDFC Bank Current A/c,,157613.23,
12-09-2025,Payment,134,Bank Charges,78.94,,
12-09-2025,Payment,134,HDFC Bank Current A/c,,78.94,
12-09-2025,Purchase,92,Purchases - Local,57676.28,,
12-09-2025,Purchase,92,Supplier 03,,57676.28,
12-09-2025,Receipt,103,HDFC Bank Current A/c,1719.22,,
12-09-2025,Receipt,103,Customer 05,,1719.22,
13-09-2025,Payment,135,Rent,25000.00,,
13-09-2025,Payment,135,HDFC Bank Current A/c,,25000.00,
13-09-2025,Payment,136,Salary,40074.91,,
13-09-2025,Payment,136,HDFC Bank Current A/c,,40074.91,
13-09-2025,Payment,137,Electricity Charges,7282.84,,
13-09-2025,Payment,137,HDFC Bank Current A/c,,7282.84,
13-09-2025,Journal,6,Interest on Unsecured Loans,3000.00,,
13-09-2025,Journal,6,Unsecured Loan - Rajesh Kumar,,2700.00,
13-09-2025,Journal,6,TDS Payable,,300.00,
13-09-2025,Payment,138,TDS Payable,300.00,,
13-09-2025,Payment,138,HDFC Bank Current A/c,,300.00,
13-09-2025,Sales,180,Customer 03,173179.25,,
13-09-2025,Sales,180,Sales - Local,,173179.25,
13-09-2025,Receipt,104,HDFC Bank Current A/c,14590.68,,
13-09-2025,Receipt,104,Customer 07,,14590.68,
13-09-2025,Receipt,105,HDFC Bank Current A/c,20049.44,,
13-09-2025,Receipt,105,Customer 08,,20049.44,
14-09-2025,Purchase,93,Purchases - Local,10207.79,,
14-09-2025,Purchase,93,Supplier 01,,10207.79,
14-09-2025,Receipt,106,HDFC Bank Current A/c,164619.35,,
14-09-2025,Receipt,106,Customer 02,,164619.35,
14-09-2025,Sales,181,Customer 03,33256.45,,
14-09-2025,Sales,181,Sales - Local,,33256.45,
15-09-2025,Receipt,107,HDFC Bank Current A/c,328587.74,,
15-09-2025,Receipt,107,Customer 03,,328587.74,
15-09-2025,Payment,139,Telephone Expenses,2263.14,,
15-09-2025,Payment,139,Cash,,2263.14,
15-09-2025,Payment,140,Telephone Expenses,4234.54,,
15-09-2025,Payment,140,Cash,,4234.54,
16-09-2025,Sales,182,Customer 05,63447.27,,
16-09-2025,Sales,182,Sales - Local,,63447.27,
16-09-2025,Payment,141,Supplier 05,59467.15,,
16-09-2025,Payment,141,HDFC Bank Current A/c,,59467.15,
16-09-2025,Purchase,94,Purchases - Local,41004.50,,
16-09-2025,Purchase,94,Supplier 03,,41004.50,
17-09-2025,Sales,183,Customer 04,61684.91,,
17-09-2025,Sales,183,Sales - Local,,61684.91,
17-09-2025,Payment,142,Office Expenses,4088.73,,
17-09-2025,Payment,142,Cash,,4088.73,
17-09-2025,Sales,184,Customer 03,131322.03,,
17-09-2025,Sales,184,Sales - Local,,131322.03,
18-09-2025,Receipt,108,HDFC Bank Current A/c,115988.22,,
18-09-2025,Receipt,108,Customer 07,,115988.22,
18-09-2025,Sales,185,Cash,42858.66,,
18-09-2025,Sales,185,Sales - Local,,42858.66,
18-09-2025,Receipt,109,HDFC Bank Current A/c,57278.57,,
18-09-2025,Receipt,109,Customer 06,,57278.57,
19-09-2025,Receipt,110,HDFC Bank Current A/c,14834.11,,
19-09-2025,Receipt,110,Customer 05,,14834.11,
19-09-2025,Sales,186,Cash,32242.95,,
19-09-2025,Sales,186,Sales - Local,,32242.95,
19-09-2025,Purchase,95,Purchases - Local,51228.53,,
19-09-2025,Purchase,95,Supplier 03,,51228.53,
20-09-2025,Payment,143,Printing & Stationery,8670.18,,
20-09-2025,Payment,143,Cash,,8670.18,
20-09-2025,Purchase,96,Purchases - Local,21629.59,,
20-09-2025,Purchase,96,Supplier 04,,21629.59,
20-09-2025,Purchase,97,Purchases - Local,79925.88,,
20-09-2025,Purchase,97,Supplier 01,,79925.88,
21-09-2025,Sales,187,Customer 03,148036.42,,
21-09-2025,Sales,187,Sales - Local,,148036.42,
21-09-2025,Receipt,111,Cash,6226.62,,
21-09-2025,Receipt,111,Customer 03,,6226.62,
21-09-2025,Purchase,98,Purchases - Local,32577.98,,
21-09-2025,Purchase,98,Supplier 04,,32577.98,
22-09-2025,Purchase,99,Purchases - Local,67712.84,,
22-09-2025,Purchase,99,Supplier 05,,67712.84,
22-09-2025,Receipt,112,HDFC Bank Current A/c,269407.57,,
22-09-2025,Receipt,112,Customer 03,,269407.57,
22-09-2025,Sales,188,Customer 02,84976.34,,
22-09-2025,Sales,188,Sales - Local,,84976.34,
23-09-2025,Purchase,100,Purchases - Local,63007.73,,
23-09-2025,Purchase,100,Supplier 03,,63007.73,
23-09-2025,Sales,189,Customer 08,163547.20,,
23-09-2025,Sales,189,Sales - Local,,163547.20,
23-09-2025,Receipt,113,Cash,15582.51,,
23-09-2025,Receipt,113,Customer 01,,15582.51,
24-09-2025,Payment,144,Supplier 03,148691.79,,
24-09-2025,Payment,144,HDFC Bank Current A/c,,148691.79,
24-09-2025,Payment,145,Supplier 01,201403.77,,
24-09-2025,Payment,145,HDFC Bank Current A/c,,201403.77,
24-09-2025,Payment,146,Supplier 05,47582.56,,
24-09-2025,Payment,146,HDFC Bank Current A/c,,47582.56,
25-09-2025,Purchase,101,Purchases - Local,30537.52,,
25-09-2025,Purchase,101,Supplier 03,,30537.52,
25-09-2025,Purchase,102,Purchases - Local,75341.65,,
25-09-2025,Purchase,102,Supplier 05,,75341.65,
25-09-2025,Payment,147,Telephone Expenses,3299.88,,
25-09-2025,Payment,147,Cash,,3299.88,
26-09-2025,Purchase,103,Purchases - Local,63871.57,,
26-09-2025,Purchase,103,Supplier 01,,63871.57,
26-09-2025,Purchase,104,Purchases - Local,24213.07,,
26-09-2025,Purchase,104,Supplier 03,,24213.07,
26-09-2025,Payment,148,Telephone Expenses,6361.72,,
26-09-2025,Payment,148,Cash,,6361.72,
27-09-2025,Purchase,105,Purchases - Local,79177.12,,
27-09-2025,Purchase,105,Supplier 01,,79177.12,
27-09-2025,Purchase,106,Purchases - Local,107345.19,,
27-09-2025,Purchase,106,Supplier 04,,107345.19,
27-09-2025,Receipt,114,Cash,6399.96,,
27-09-2025,Receipt,114,Customer 04,,6399.96,
28-09-2025,Purchase,107,Purchases - Local,49461.43,,
28-09-2025,Purchase,107,Supplier 03,,49461.43,
28-09-2025,Purchase,108,Purchases - Local,104255.67,,
28-09-2025,Purchase,108,Supplier 04,,104255.67,
28-09-2025,Sales,190,Cash,47814.52,,
28-09-2025,Sales,190,Sales - Local,,47814.52,
29-09-2025,Purchase,109,Purchases - Local,13741.73,,
29-09-2025,Purchase,109,Supplier 02,,13741.73,
29-09-2025,Purchase,110,Purchases - Local,111560.36,,
29-09-2025,Purchase,110,Supplier 01,,111560.36,
29-09-2025,Payment,149,Office Expenses,2653.86,,
29-09-2025,Payment,149,Cash,,2653.86,
30-09-2025,Sales,191,Cash,5174.49,,
30-09-2025,Sales,191,Sales - Local,,5174.49,
30-09-2025,Purchase,111,Purchases - Local,69616.33,,
30-09-2025,Purchase,111,Supplier 03,,69616.33,
30-09-2025,Payment,150,Bank Charges,70.38,,
30-09-2025,Payment,150,HDFC Bank Current A/c,,70.38,
01-10-2025,Sales,192,Customer 06,11790.51,,
01-10-2025,Sales,192,Sales - Local,,11790.51,
01-10-2025,Payment,151,Staff Welfare,9465.03,,
01-10-2025,Payment,151,Cash,,9465.03,
01-10-2025,Sales,193,Customer 03,35988.81,,
01-10-2025,Sales,193,Sales - Local,,35988.81,
02-10-2025,Receipt,115,HDFC Bank Current A/c,3406.06,,
02-10-2025,Receipt,115,Interest Received,,3406.06,
02-10-2025,Purchase,112,Purchases - Local,51224.63,,
02-10-2025,Purchase,112,Supplier 03,,51224.63,
02-10-2025,Sales,194,Cash,45619.08,,
02-10-2025,Sales,194,Sales - Local,,45619.08,
03-10-2025,Sales,195,Customer 05,133377.13,,
03-10-2025,Sales,195,Sales - Local,,133377.13,
03-10-2025,Sales,196,Customer 01,114171.60,,
03-10-2025,Sales,196,Sales - Local,,114171.60,
03-10-2025,Sales,197,Customer 01,70487.32,,
03-10-2025,Sales,197,Sales - Local,,70487.32,
04-10-2025,Sales,198,Customer 02,5982.12,,
04-10-2025,Sales,198,Sales - Local,,5982.12,
04-10-2025,Sales,199,Cash,39054.87,,
04-10-2025,Sales,199,Sales - Local,,39054.87,
04-10-2025,Payment,152,Staff Welfare,7252.38,,
04-10-2025,Payment,152,Cash,,7252.38,
05-10-2025,Payment,153,Telephone Expenses,4967.65,,
05-10-2025,Payment,153,Cash,,4967.65,
05-10-2025,Payment,154,Supplier 03,542246.43,,
05-10-2025,Payment,154,HDFC Bank Current A/c,,542246.43,
05-10-2025,Payment,155,Supplier 04,370338.92,,
05-10-2025,Payment,155,HDFC Bank Current A/c,,370338.92,
06-10-2025,Payment,156,Supplier 04,29767.26,,
06-10-2025,Payment,156,HDFC Bank Current A/c,,29767.26,
06-10-2025,Sales,200,Customer 08,89839.07,,
06-10-2025,Sales,200,Sales - Local,,89839.07,
06-10-2025,Purchase,113,Purchases - Local,93526.09,,
06-10-2025,Purchase,113,Supplier 02,,93526.09,
07-10-2025,Payment,157,Supplier 03,48189.86,,
07-10-2025,Payment,157,HDFC Bank Current A/c,,48189.86,
07-10-2025,Receipt,116,HDFC Bank Current A/c,131904.42,,
07-10-2025,Receipt,116,Customer 04,,131904.42,
07-10-2025,Sales,201,Customer 03,170156.83,,
07-10-2025,Sales,201,Sales - Local,,170156.83,
08-10-2025,Sales,202,Customer 01,61389.93,,
08-10-2025,Sales,202,Sales - Local,,61389.93,
08-10-2025,Receipt,117,Cash,11409.35,,
08-10-2025,Receipt,117,Customer 01,,11409.35,
08-10-2025,Payment,158,Supplier 01,267770.54,,
08-10-2025,Payment,158,HDFC Bank Current A/c,,267770.54,
09-10-2025,Payment,159,Supplier 01,14626.86,,
09-10-2025,Payment,159,HDFC Bank Current A/c,,14626.86,
09-10-2025,Receipt,118,HDFC Bank Current A/c,186429.72,,
09-10-2025,Receipt,118,Customer 01,,186429.72,
09-10-2025,Sales,203,Customer 05,115491.75,,
09-10-2025,Sales,203,Sales - Local,,115491.75,
10-10-2025,Sales,204,Customer 02,21010.94,,
10-10-2025,Sales,204,Sales - Local,,21010.94,
10-10-2025,Receipt,119,Cash,15757.40,,
10-10-2025,Receipt,119,Customer 02,,15757.40,
10-10-2025,Receipt,120,Cash,4689.65,,
10-10-2025,Receipt,120,Customer 03,,4689.65,
11-10-2025,Purchase,114,Purchases - Local,93755.06,,
11-10-2025,Purchase,114,Supplier 03,,93755.06,
11-10-2025,Purchase,115,Purchases - Local,24698.71,,
11-10-2025,Purchase,115,Supplier 03,,24698.71,
11-10-2025,Payment,160,Conveyance,6821.75,,
11-10-2025,Payment,160,Cash,,6821.75,
12-10-2025,Purchase,116,Purchases - Local,54462.70,,
12-10-2025,Purchase,116,Supplier 02,,54462.70,
12-10-2025,Payment,161,Staff Welfare,382.20,,
12-10-2025,Payment,161,Cash,,382.20,
12-10-2025,Receipt,121,HDFC Bank Current A/c,58873.52,,
12-10-2025,Receipt,121,Customer 02,,58873.52,
13-10-2025,Payment,162,Rent,25000.00,,
13-10-2025,Payment,162,HDFC Bank Current A/c,,25000.00,
13-10-2025,Payment,163,Salary,44111.50,,
13-10-2025,Payment,163,HDFC Bank Current A/c,,44111.50,
13-10-2025,Payment,164,Electricity Charges,7609.97,,
13-10-2025,Payment,164,HDFC Bank Current A/c,,7609.97,
13-10-2025,Journal,7,Interest on Unsecured Loans,3000.00,,
13-10-2025,Journal,7,Unsecured Loan - Rajesh Kumar,,2700.00,
13-10-2025,Journal,7,TDS Payable,,300.00,
13-10-2025,Payment,165,TDS Payable,300.00,,
13-10-2025,Payment,165,HDFC Bank Current A/c,,300.00,
13-10-2025,Sales,205,Cash,26624.56,,
13-10-2025,Sales,205,Sales - Local,,26624.56,
13-10-2025,Payment,166,Supplier 04,32789.97,,
13-10-2025,Payment,166,HDFC Bank Current A/c,,32789.97,
13-10-2025,Sales,206,Customer 02,40403.90,,
13-10-2025,Sales,206,Sales - Local,,40403.90,
14-10-2025,Sales,207,Cash,47729.21,,
14-10-2025,Sales,207,Sales - Local,,47729.21,
14-10-2025,Receipt,122,Cash,8843.52,,
14-10-2025,Receipt,122,Customer 03,,8843.52,
14-10-2025,Payment,167,Supplier 04,76982.74,,
14-10-2025,Payment,167,HDFC Bank Current A/c,,76982.74,
15-10-2025,Sales,208,Customer 07,192615.39,,
15-10-2025,Sales,208,Sales - Local,,192615.39,
15-10-2025,Receipt,123,HDFC Bank Current A/c,49985.57,,
15-10-2025,Receipt,123,Customer 02,,49985.57,
15-10-2025,Purchase,117,Purchases - Local,75941.96,,
15-10-2025,Purchase,117,Supplier 05,,75941.96,
16-10-2025,Sales,209,Customer 05,191519.70,,
16-10-2025,Sales,209,Sales - Local,,191519.70,
16-10-2025,Sales,210,Customer 07,187061.06,,
16-10-2025,Sales,210,Sales - Local,,187061.06,
16-10-2025,Sales,211,Customer 01,105265.29,,
16-10-2025,Sales,211,Sales - Local,,105265.29,
17-10-2025,Purchase,118,Purchases - Local,101764.65,,
17-10-2025,Purchase,118,Supplier 02,,101764.65,
17-10-2025,Purchase,119,Purchases - Local,30709.00,,
17-10-2025,Purchase,119,Supplier 05,,30709.00,
17-10-2025,Payment,168,Supplier 05,170716.81,,
17-10-2025,Payment,168,HDFC Bank Current A/c,,170716.81,
18-10-2025,Sales,212,Customer 03,108285.91,,
18-10-2025,Sales,212,Sales - Local,,108285.91,
18-10-2025,Sales,213,Customer 05,151987.43,,
18-10-2025,Sales,213,Sales - Local,,151987.43,
18-10-2025,Purchase,120,Purchases - Local,21192.97,,
18-10-2025,Purchase,120,Supplier 05,,21192.97,
19-10-2025,Sales,214,Customer 04,73494.39,,
19-10-2025,Sales,214,Sales - Local,,73494.39,
19-10-2025,Purchase,121,Purchases - Local,41672.32,,
19-10-2025,Purchase,121,Supplier 01,,41672.32,
19-10-2025,Sales,215,Customer 05,67272.49,,
19-10-2025,Sales,215,Sales - Local,,67272.49,
20-10-2025,Sales,216,Cash,44664.84,,
20-10-2025,Sales,216,Sales - Local,,44664.84,
20-10-2025,Payment,169,Supplier 05,30575.25,,
20-10-2025,Payment,169,HDFC Bank Current A/c,,30575.25,
20-10-2025,Payment,170,Conveyance,6730.71,,
20-10-2025,Payment,170,Cash,,6730.71,
21-10-2025,Sales,217,Customer 08,83106.53,,
21-10-2025,Sales,217,Sales - Local,,83106.53,
21-10-2025,Payment,171,Printing & Stationery,9527.44,,
21-10-2025,Payment,171,Cash,,9527.44,
21-10-2025,Receipt,124,HDFC Bank Current A/c,33643.32,,
21-10-2025,Receipt,124,Customer 02,,33643.32,
22-10-2025,Purchase,122,Purchases - Local,9892.93,,
22-10-2025,Purchase,122,Supplier 04,,9892.93,
22-10-2025,Payment,172,Bank Charges,469.96,,
22-10-2025,Payment,172,HDFC Bank Current A/c,,469.96,
22-10-2025,Receipt,125,HDFC Bank Current A/c,252628.58,,
22-10-2025,Receipt,125,Customer 03,,252628.58,
23-10-2025,Sales,218,Customer 08,126283.82,,
23-10-2025,Sales,218,Sales - Local,,126283.82,
23-10-2025,Purchase,123,Purchases - Local,9745.06,,
23-10-2025,Purchase,123,Supplier 05,,9745.06,
23-10-2025,Receipt,126,HDFC Bank Current A/c,16423.92,,
23-10-2025,Receipt,126,Customer 02,,16423.92,
24-10-2025,Sales,219,Customer 08,43414.71,,
24-10-2025,Sales,219,Sales - Local,,43414.71,
24-10-2025,Payment,173,Supplier 01,46754.35,,
24-10-2025,Payment,173,HDFC Bank Current A/c,,46754.35,
24-10-2025,Purchase,124,Purchases - Local,76823.74,,
24-10-2025,Purchase,124,Supplier 05,,76823.74,
25-10-2025,Sales,220,Cash,10023.60,,
25-10-2025,Sales,220,Sales - Local,,10023.60,
25-10-2025,Sales,221,Cash,49629.07,,
25-10-2025,Sales,221,Sales - Local,,49629.07,
25-10-2025,Sales,222,Customer 04,77713.63,,
25-10-2025,Sales,222,Sales - Local,,77713.63,
26-10-2025,Sales,223,Customer 03,185229.69,,
26-10-2025,Sales,223,Sales - Local,,185229.69,
26-10-2025,Sales,224,Cash,22520.08,,
26-10-2025,Sales,224,Sales - Local,,22520.08,
26-10-2025,Purchase,125,Purchases - Local,24557.86,,
26-10-2025,Purchase,125,Supplier 01,,24557.86,
27-10-2025,Sales,225,Customer 04,11947.13,,
27-10-2025,Sales,225,Sales - Local,,11947.13,
27-10-2025,Sales,226,Customer 02,148898.12,,
27-10-2025,Sales,226,Sales - Local,,148898.12,
27-10-2025,Receipt,127,Cash,4772.55,,
27-10-2025,Receipt,127,Customer 05,,4772.55,
28-10-2025,Receipt,128,HDFC Bank Current A/c,46787.74,,
28-10-2025,Receipt,128,Customer 06,,46787.74,
28-10-2025,Purchase,126,Purchases - Local,6511.03,,
28-10-2025,Purchase,126,Supplier 01,,6511.03,
28-10-2025,Sales,227,Cash,40649.41,,
28-10-2025,Sales,227,Sales - Local,,40649.41,
29-10-2025,Purchase,127,Purchases - Local,33203.04,,
29-10-2025,Purchase,127,Supplier 03,,33203.04,
29-10-2025,Purchase,128,Purchases - Local,64691.67,,
29-10-2025,Purchase,128,Supplier 02,,64691.67,
29-10-2025,Payment,174,Office Expenses,9147.41,,
29-10-2025,Payment,174,Cash,,9147.41,
30-10-2025,Payment,175,Printing & Stationery,9818.06,,
30-10-2025,Payment,175,Cash,,9818.06,
30-10-2025,Receipt,129,HDFC Bank Current A/c,5997.66,,
30-10-2025,Receipt,129,Customer 06,,5997.66,
30-10-2025,Sales,228,Customer 06,78420.04,,
30-10-2025,Sales,228,Sales - Local,,78420.04,
31-10-2025,Receipt,130,HDFC Bank Current A/c,231149.59,,
31-10-2025,Receipt,130,Customer 05,,231149.59,
31-10-2025,Purchase,129,Purchases - Local,98886.44,,
31-10-2025,Purchase,129,Supplier 05,,98886.44,
31-10-2025,Sales,229,Cash,3300.52,,
31-10-2025,Sales,229,Sales - Local,,3300.52,
01-11-2025,Payment,176,Supplier 05,121515.56,,
01-11-2025,Payment,176,HDFC Bank Current A/c,,121515.56,
01-11-2025,Sales,230,Cash,3941.52,,
01-11-2025,Sales,230,Sales - Local,,3941.52,
01-11-2025,Payment,177,Printing & Stationery,6322.37,,
01-11-2025,Payment,177,Cash,,6322.37,
02-11-2025,Payment,178,Supplier 04,13214.93,,
02-11-2025,Payment,178,HDFC Bank Current A/c,,13214.93,
02-11-2025,Receipt,131,HDFC Bank Current A/c,58101.44,,
02-11-2025,Receipt,131,Customer 02,,58101.44,
02-11-2025,Receipt,132,HDFC Bank Current A/c,27976.04,,
02-11-2025,Receipt,132,Customer 07,,27976.04,
03-11-2025,Receipt,133,HDFC Bank Current A/c,12929.81,,
03-11-2025,Receipt,133,Customer 05,,12929.81,
03-11-2025,Receipt,134,HDFC Bank Current A/c,39088.89,,
03-11-2025,Receipt,134,Customer 06,,39088.89,
03-11-2025,Payment,179,Supplier 05,19146.68,,
03-11-2025,Payment,179,HDFC Bank Current A/c,,19146.68,
04-11-2025,Receipt,135,HDFC Bank Current A/c,110876.89,,
04-11-2025,Receipt,135,Customer 01,,110876.89,
04-11-2025,Sales,231,Cash,13129.18,,
04-11-2025,Sales,231,Sales - Local,,13129.18,
04-11-2025,Sales,232,Customer 02,83436.24,,
04-11-2025,Sales,232,Sales - Local,,83436.24,
05-11-2025,Sales,233,Customer 07,77618.84,,
05-11-2025,Sales,233,Sales - Local,,77618.84,
05-11-2025,Sales,234,Cash,11790.17,,
05-11-2025,Sales,234,Sales - Local,,11790.17,
05-11-2025,Sales,235,Customer 02,139185.40,,
05-11-2025,Sales,235,Sales - Local,,139185.40,
06-11-2025,Payment,180,Printing & Stationery,3091.62,,
06-11-2025,Payment,180,Cash,,3091.62,
06-11-2025,Payment,181,Supplier 05,39382.83,,
06-11-2025,Payment,181,HDFC Bank Current A/c,,39382.83,
06-11-2025,Purchase,130,Purchases - Local,96709.40,,
06-11-2025,Purchase,130,Supplier 04,,96709.40,
07-11-2025,Payment,182,Telephone Expenses,6716.49,,
07-11-2025,Payment,182,Cash,,6716.49,
07-11-2025,Purchase,131,Purchases - Local,56336.69,,
07-11-2025,Purchase,131,Supplier 02,,56336.69,
07-11-2025,Payment,183,Office Expenses,2745.92,,
07-11-2025,Payment,183,Cash,,2745.92,
08-11-2025,Sales,236,Customer 04,156490.24,,
08-11-2025,Sales,236,Sales - Local,,156490.24,
08-11-2025,Sales,237,Cash,9877.70,,
08-11-2025,Sales,237,Sales - Local,,9877.70,
08-11-2025,Receipt,136,HDFC Bank Current A/c,219813.50,,
08-11-2025,Receipt,136,Customer 08,,219813.50,
09-11-2025,Purchase,132,Purchases - Local,15838.21,,
09-11-2025,Purchase,132,Supplier 01,,15838.21,
09-11-2025,Sales,238,Cash,47268.99,,
09-11-2025,Sales,238,Sales - Local,,47268.99,
09-11-2025,Purchase,133,Purchases - Local,84315.84,,
09-11-2025,Purchase,133,Supplier 01,,84315.84,
10-11-2025,Payment,184,Supplier 01,131064.23,,
10-11-2025,Payment,184,HDFC Bank Current A/c,,131064.23,
10-11-2025,Purchase,134,Purchases - Local,108913.70,,
10-11-2025,Purchase,134,Supplier 02,,108913.70,
10-11-2025,Payment,185,Conveyance,5609.82,,
10-11-2025,Payment,185,Cash,,5609.82,
11-11-2025,Receipt,137,HDFC Bank Current A/c,305081.80,,
11-11-2025,Receipt,137,Customer 01,,305081.80,
11-11-2025,Receipt,138,HDFC Bank Current A/c,125308.90,,
11-11-2025,Receipt,138,Customer 04,,125308.90,
11-11-2025,Purchase,135,Purchases - Local,29378.85,,
11-11-2025,Purchase,135,Supplier 04,,29378.85,
12-11-2025,Payment,186,Rent,25000.00,,
12-11-2025,Payment,186,HDFC Bank Current A/c,,25000.00,
12-11-2025,Payment,187,Salary,48046.85,,
12-11-2025,Payment,187,HDFC Bank Current A/c,,48046.85,
12-11-2025,Payment,188,Electricity Charges,5944.83,,
12-11-2025,Payment,188,HDFC Bank Current A/c,,5944.83,
12-11-2025,Journal,8,Interest on Unsecured Loans,3000.00,,
12-11-2025,Journal,8,Unsecured Loan - Rajesh Kumar,,2700.00,
12-11-2025,Journal,8,TDS Payable,,300.00,
12-11-2025,Payment,189,TDS Payable,300.00,,
12-11-2025,Payment,189,HDFC Bank Current A/c,,300.00,
12-11-2025,Receipt,139,Cash,18562.47,,
12-11-2025,Receipt,139,Customer 03,,18562.47,
12-11-2025,Sales,239,Cash,20174.03,,
12-11-2025,Sales,239,Sales - Local,,20174.03,
12-11-2025,Purchase,136,Purchases - Local,87437.60,,
12-11-2025,Purchase,136,Supplier 01,,87437.60,
13-11-2025,Receipt,140,HDFC Bank Current A/c,214356.12,,
13-11-2025,Receipt,140,Customer 05,,214356.12,
13-11-2025,Payment,190,Bank Charges,94.39,,
13-11-2025,Payment,190,HDFC Bank Current A/c,,94.39,
13-11-2025,Purchase,137,Purchases - Local,53461.08,,
13-11-2025,Purchase,137,Supplier 05,,53461.08,
14-11-2025,Purchase,138,Purchases - Local,36622.59,,
14-11-2025,Purchase,138,Supplier 05,,36622.59,
14-11-2025,Payment,191,Staff Welfare,5063.64,,
14-11-2025,Payment,191,Cash,,5063.64,
14-11-2025,Payment,192,Conveyance,5242.77,,
14-11-2025,Payment,192,Cash,,5242.77,
15-11-2025,Purchase,139,Purchases - Local,70246.97,,
15-11-2025,Purchase,139,Supplier 04,,70246.97,
15-11-2025,Receipt,141,HDFC Bank Current A/c,201602.46,,
15-11-2025,Receipt,141,Customer 02,,201602.46,
15-11-2025,Payment,193,Staff Welfare,222.43,,
15-11-2025,Payment,193,Cash,,222.43,
16-11-2025,Payment,194,Supplier 05,30822.43,,
16-11-2025,Payment,194,HDFC Bank Current A/c,,30822.43,
16-11-2025,Purchase,140,Purchases - Local,44660.30,,
16-11-2025,Purchase,140,Supplier 03,,44660.30,
16-11-2025,Receipt,142,HDFC Bank Current A/c,216041.72,,
16-11-2025,Receipt,142,Customer 05,,216041.72,
17-11-2025,Sales,240,Cash,31173.29,,
17-11-2025,Sales,240,Sales - Local,,31173.29,
17-11-2025,Receipt,143,HDFC Bank Current A/c,71981.86,,
17-11-2025,Receipt,143,Customer 02,,71981.86,
17-11-2025,Payment,195,Conveyance,451.01,,
17-11-2025,Payment,195,Cash,,451.01,
18-11-2025,Purchase,141,Purchases - Local,66785.61,,
18-11-2025,Purchase,141,Supplier 05,,66785.61,
18-11-2025,Payment,196,Telephone Expenses,424.51,,
18-11-2025,Payment,196,Cash,,424.51,
18-11-2025,Purchase,142,Purchases - Local,71253.35,,
18-11-2025,Purchase,142,Supplier 03,,71253.35,
19-11-2025,Payment,197,Supplier 04,164552.17,,
19-11-2025,Payment,197,HDFC Bank Current A/c,,164552.17,
19-11-2025,Sales,241,Customer 01,5852.13,,
19-11-2025,Sales,241,Sales - Local,,5852.13,
19-11-2025,Sales,242,Customer 06,43810.62,,
19-11-2025,Sales,242,Sales - Local,,43810.62,
20-11-2025,Sales,243,Cash,31289.84,,
20-11-2025,Sales,243,Sales - Local,,31289.84,
20-11-2025,Sales,244,Customer 04,177284.26,,
20-11-2025,Sales,244,Sales - Local,,177284.26,
20-11-2025,Receipt,144,HDFC Bank Current A/c,9237.00,,
20-11-2025,Receipt,144,Customer 02,,9237.00,
21-11-2025,Payment,198,Supplier 03,60257.26,,
21-11-2025,Payment,198,HDFC Bank Current A/c,,60257.26,
21-11-2025,Sales,245,Cash,34008.81,,
21-11-2025,Sales,245,Sales - Local,,34008.81,
21-11-2025,Receipt,145,HDFC Bank Current A/c,377801.31,,
21-11-2025,Receipt,145,Customer 07,,377801.31,
22-11-2025,Receipt,146,HDFC Bank Current A/c,187611.60,,
22-11-2025,Receipt,146,Customer 03,,187611.60,
22-11-2025,Receipt,147,HDFC Bank Current A/c,3762.36,,
22-11-2025,Receipt,147,Interest Received,,3762.36,
22-11-2025,Sales,246,Customer 03,135059.84,,
22-11-2025,Sales,246,Sales - Local,,135059.84,
23-11-2025,Payment,199,Supplier 05,79831.15,,
23-11-2025,Payment,199,HDFC Bank Current A/c,,79831.15,
23-11-2025,Sales,247,Cash,46071.47,,
23-11-2025,Sales,247,Sales - Local,,46071.47,
23-11-2025,Sales,248,Customer 06,125267.24,,
23-11-2025,Sales,248,Sales - Local,,125267.24,
24-11-2025,Receipt,148,Cash,10649.98,,
24-11-2025,Receipt,148,Customer 08,,10649.98,
24-11-2025,Payment,200,Supplier 03,285094.64,,
24-11-2025,Payment,200,HDFC Bank Current A/c,,285094.64,
24-11-2025,Sales,249,Customer 01,105598.47,,
24-11-2025,Sales,249,Sales - Local,,105598.47,
25-11-2025,Sales,250,Cash,26657.79,,
25-11-2025,Sales,250,Sales - Local,,26657.79,
25-11-2025,Receipt,149,HDFC Bank Current A/c,27195.40,,
25-11-2025,Receipt,149,Customer 02,,27195.40,
25-11-2025,Sales,251,Customer 01,152427.28,,
25-11-2025,Sales,251,Sales - Local,,152427.28,
26-11-2025,Sales,252,Customer 07,17189.47,,
26-11-2025,Sales,252,Sales - Local,,17189.47,
26-11-2025,Receipt,150,Cash,921.56,,
26-11-2025,Receipt,150,Customer 04,,921.56,
26-11-2025,Sales,253,Customer 03,171642.30,,
26-11-2025,Sales,253,Sales - Local,,171642.30,
27-11-2025,Receipt,151,HDFC Bank Current A/c,252857.34,,
27-11-2025,Receipt,151,Customer 08,,252857.34,
27-11-2025,Sales,254,Customer 07,126284.43,,
27-11-2025,Sales,254,Sales - Local,,126284.43,
27-11-2025,Sales,255,Customer 07,78596.26,,
27-11-2025,Sales,255,Sales - Local,,78596.26,
28-11-2025,Sales,256,Customer 04,173798.11,,
28-11-2025,Sales,256,Sales - Local,,173798.11,
28-11-2025,Sales,257,Customer 02,26720.72,,
28-11-2025,Sales,257,Sales - Local,,26720.72,
28-11-2025,Receipt,152,HDFC Bank Current A/c,18198.99,,
28-11-2025,Receipt,152,Customer 05,,18198.99,
29-11-2025,Sales,258,Cash,21160.97,,
29-11-2025,Sales,258,Sales - Local,,21160.97,
29-11-2025,Purchase,143,Purchases - Local,6939.50,,
29-11-2025,Purchase,143,Supplier 05,,6939.50,
29-11-2025,Purchase,144,Purchases - Local,32893.21,,
29-11-2025,Purchase,144,Supplier 04,,32893.21,
30-11-2025,Payment,201,Supplier 05,52435.17,,
30-11-2025,Payment,201,HDFC Bank Current A/c,,52435.17,
30-11-2025,Sales,259,Customer 08,86683.08,,
30-11-2025,Sales,259,Sales - Local,,86683.08,
30-11-2025,Sales,260,Customer 04,93494.61,,
30-11-2025,Sales,260,Sales - Local,,93494.61,
01-12-2025,Sales,261,Customer 07,177982.06,,
01-12-2025,Sales,261,Sales - Local,,177982.06,
01-12-2025,Receipt,153,HDFC Bank Current A/c,197271.76,,
01-12-2025,Receipt,153,Customer 06,,197271.76,
01-12-2025,Receipt,154,HDFC Bank Current A/c,69040.91,,
01-12-2025,Receipt,154,Customer 08,,69040.91,
02-12-2025,Purchase,145,Purchases - Local,33118.94,,
02-12-2025,Purchase,145,Supplier 01,,33118.94,
02-12-2025,Purchase,146,Purchases - Local,109836.85,,
02-12-2025,Purchase,146,Supplier 05,,109836.85,
02-12-2025,Sales,262,Customer 03,126031.91,,
02-12-2025,Sales,262,Sales - Local,,126031.91,
03-12-2025,Purchase,147,Purchases - Local,21677.13,,
03-12-2025,Purchase,147,Supplier 01,,21677.13,
03-12-2025,Receipt,155,HDFC Bank Current A/c,327990.90,,
03-12-2025,Receipt,155,Customer 03,,327990.90,
04-12-2025,Purchase,148,Purchases - Local,101448.01,,
04-12-2025,Purchase,148,Supplier 03,,101448.01,
04-12-2025,Sales,263,Customer 07,88943.43,,
04-12-2025,Sales,263,Sales - Local,,88943.43,
04-12-2025,Receipt,156,HDFC Bank Current A/c,97458.90,,
04-12-2025,Receipt,156,Customer 04,,97458.90,
05-12-2025,Sales,264,Customer 04,85071.60,,
05-12-2025,Sales,264,Sales - Local,,85071.60,
05-12-2025,Purchase,149,Purchases - Local,67762.74,,
05-12-2025,Purchase,149,Supplier 01,,67762.74,
05-12-2025,Receipt,157,HDFC Bank Current A/c,15025.24,,
05-12-2025,Receipt,157,Customer 05,,15025.24,
06-12-2025,Sales,265,Customer 02,16087.80,,
06-12-2025,Sales,265,Sales - Local,,16087.80,
06-12-2025,Sales,266,Cash,1061.78,,
06-12-2025,Sales,266,Sales - Local,,1061.78,
06-12-2025,Sales,267,Cash,35647.23,,
06-12-2025,Sales,267,Sales - Local,,35647.23,
07-12-2025,Purchase,150,Purchases - Local,36625.28,,
07-12-2025,Purchase,150,Supplier 04,,36625.28,
07-12-2025,Receipt,158,HDFC Bank Current A/c,297049.80,,
07-12-2025,Receipt,158,Customer 01,,297049.80,
07-12-2025,Receipt,159,HDFC Bank Current A/c,12595.33,,
07-12-2025,Receipt,159,Customer 06,,12595.33,
08-12-2025,Receipt,160,HDFC Bank Current A/c,1689.28,,
08-12-2025,Receipt,160,Interest Received,,1689.28,
08-12-2025,Sales,268,Cash,48717.85,,
08-12-2025,Sales,268,Sales - Local,,48717.85,
08-12-2025,Sales,269,Customer 07,132600.19,,
08-12-2025,Sales,269,Sales - Local,,132600.19,
09-12-2025,Purchase,151,Purchases - Local,59262.10,,
09-12-2025,Purchase,151,Supplier 04,,59262.10,
09-12-2025,Purchase,152,Purchases - Local,78925.74,,
09-12-2025,Purchase,152,Supplier 05,,78925.74,
09-12-2025,Sales,270,Customer 01,142217.16,,
09-12-2025,Sales,270,Sales - Local,,142217.16,
10-12-2025,Sales,271,Cash,23460.27,,
10-12-2025,Sales,271,Sales - Local,,23460.27,
10-12-2025,Sales,272,Customer 04,66996.99,,
10-12-2025,Sales,272,Sales - Local,,66996.99,
10-12-2025,Payment,202,Supplier 05,91717.94,,
10-12-2025,Payment,202,HDFC Bank Current A/c,,91717.94,
11-12-2025,Purchase,153,Purchases - Local,35291.55,,
11-12-2025,Purchase,153,Supplier 05,,35291.55,
11-12-2025,Sales,273,Customer 01,8699.99,,
11-12-2025,Sales,273,Sales - Local,,8699.99,
11-12-2025,Payment,203,Supplier 03,147831.02,,
11-12-2025,Payment,203,HDFC Bank Current A/c,,147831.02,
12-12-2025,Payment,204,Rent,25000.00,,
12-12-2025,Payment,204,HDFC Bank Current A/c,,25000.00,
12-12-2025,Payment,205,Salary,51554.68,,
12-12-2025,Payment,205,HDFC Bank Current A/c,,51554.68,
12-12-2025,Payment,206,Electricity Charges,5091.19,,
12-12-2025,Payment,206,HDFC Bank Current A/c,,5091.19,
12-12-2025,Journal,9,Interest on Unsecured Loans,3000.00,,
12-12-2025,Journal,9,Unsecured Loan - Rajesh Kumar,,2700.00,
12-12-2025,Journal,9,TDS Payable,,300.00,
12-12-2025,Payment,207,TDS Payable,300.00,,
12-12-2025,Payment,207,HDFC Bank Current A/c,,300.00,
12-12-2025,Payment,208,Staff Welfare,7414.14,,
12-12-2025,Payment,208,Cash,,7414.14,
12-12-2025,Purchase,154,Purchases - Local,47032.89,,
12-12-2025,Purchase,154,Supplier 01,,47032.89,
12-12-2025,Sales,274,Customer 03,171496.94,,
12-12-2025,Sales,274,Sales - Local,,171496.94,
13-12-2025,Purchase,155,Purchases - Local,39758.40,,
13-12-2025,Purchase,155,Supplier 05,,39758.40,
13-12-2025,Sales,275,Customer 01,31579.17,,
13-12-2025,Sales,275,Sales - Local,,31579.17,
13-12-2025,Payment,209,Office Expenses,856.09,,
13-12-2025,Payment,209,Cash,,856.09,
14-12-2025,Sales,276,Customer 08,143891.95,,
14-12-2025,Sales,276,Sales - Local,,143891.95,
14-12-2025,Payment,210,Bank Charges,159.10,,
14-12-2025,Payment,210,HDFC Bank Current A/c,,159.10,
14-12-2025,Payment,211,Supplier 04,39450.29,,
14-12-2025,Payment,211,HDFC Bank Current A/c,,39450.29,
15-12-2025,Payment,212,Supplier 04,57387.57,,
15-12-2025,Payment,212,HDFC Bank Current A/c,,57387.57,
15-12-2025,Payment,213,Supplier 05,101483.99,,
15-12-2025,Payment,213,HDFC Bank Current A/c,,101483.99,
16-12-2025,Payment,214,Supplier 02,631470.78,,
16-12-2025,Payment,214,HDFC Bank Current A/c,,631470.78,
16-12-2025,Purchase,156,Purchases - Local,27930.72,,
16-12-2025,Purchase,156,Supplier 03,,27930.72,
16-12-2025,Sales,277,Customer 01,194663.83,,
16-12-2025,Sales,277,Sales - Local,,194663.83,
17-12-2025,Payment,215,Supplier 04,65669.76,,
17-12-2025,Payment,215,HDFC Bank Current A/c,,65669.76,
17-12-2025,Receipt,161,Cash,4682.04,,
17-12-2025,Receipt,161,Customer 01,,4682.04,
17-12-2025,Sales,278,Cash,31102.18,,
17-12-2025,Sales,278,Sales - Local,,31102.18,
18-12-2025,Sales,279,Customer 05,165542.71,,
18-12-2025,Sales,279,Sales - Local,,165542.71,
18-12-2025,Sales,280,Cash,47626.92,,
18-12-2025,Sales,280,Sales - Local,,47626.92,
18-12-2025,Sales,281,Cash,40834.09,,
18-12-2025,Sales,281,Sales - Local,,40834.09,
19-12-2025,Receipt,162,HDFC Bank Current A/c,5749.79,,
19-12-2025,Receipt,162,Customer 08,,5749.79,
19-12-2025,Sales,282,Cash,16877.66,,
19-12-2025,Sales,282,Sales - Local,,16877.66,
19-12-2025,Payment,216,Supplier 01,111512.92,,
19-12-2025,Payment,216,HDFC Bank Current A/c,,111512.92,
20-12-2025,Sales,283,Cash,24416.64,,
20-12-2025,Sales,283,Sales - Local,,24416.64,
20-12-2025,Purchase,157,Purchases - Local,84761.79,,
20-12-2025,Purchase,157,Supplier 03,,84761.79,
20-12-2025,Payment,217,Conveyance,2984.05,,
20-12-2025,Payment,217,Cash,,2984.05,
21-12-2025,Sales,284,Customer 01,28330.74,,
21-12-2025,Sales,284,Sales - Local,,28330.74,
21-12-2025,Sales,285,Cash,10443.46,,
21-12-2025,Sales,285,Sales - Local,,10443.46,
21-12-2025,Sales,286,Cash,35084.01,,
21-12-2025,Sales,286,Sales - Local,,35084.01,
22-12-2025,Sales,287,Cash,30351.35,,
22-12-2025,Sales,287,Sales - Local,,30351.35,
22-12-2025,Purchase,158,Purchases - Local,119743.36,,
22-12-2025,Purchase,158,Supplier 03,,119743.36,
22-12-2025,Purchase,159,Purchases - Local,33506.01,,
22-12-2025,Purchase,159,Supplier 02,,33506.01,
23-12-2025,Sales,288,Cash,42362.79,,
23-12-2025,Sales,288,Sales - Local,,42362.79,
23-12-2025,Sales,289,Customer 05,121508.78,,
23-12-2025,Sales,289,Sales - Local,,121508.78,
23-12-2025,Payment,218,Supplier 05,21420.16,,
23-12-2025,Payment,218,HDFC Bank Current A/c,,21420.16,
24-12-2025,Purchase,160,Purchases - Local,9565.36,,
24-12-2025,Purchase,160,Supplier 02,,9565.36,
24-12-2025,Sales,290,Customer 01,174093.64,,
24-12-2025,Sales,290,Sales - Local,,174093.64,
24-12-2025,Receipt,163,HDFC Bank Current A/c,90186.03,,
24-12-2025,Receipt,163,Customer 05,,90186.03,
25-12-2025,Purchase,161,Purchases - Local,87284.09,,
25-12-2025,Purchase,161,Supplier 05,,87284.09,
25-12-2025,Sales,291,Customer 04,16183.17,,
25-12-2025,Sales,291,Sales - Local,,16183.17,
25-12-2025,Sales,292,Customer 02,95516.86,,
25-12-2025,Sales,292,Sales - Local,,95516.86,
26-12-2025,Sales,293,Cash,3851.76,,
26-12-2025,Sales,293,Sales - Local,,3851.76,
26-12-2025,Purchase,162,Purchases - Local,102895.05,,
26-12-2025,Purchase,162,Supplier 01,,102895.05,
26-12-2025,Payment,219,Supplier 04,30874.25,,
26-12-2025,Payment,219,HDFC Bank Current A/c,,30874.25,
27-12-2025,Purchase,163,Purchases - Local,116958.90,,
27-12-2025,Purchase,163,Supplier 03,,116958.90,
27-12-2025,Receipt,164,HDFC Bank Current A/c,300453.84,,
27-12-2025,Receipt,164,Customer 08,,300453.84,
27-12-2025,Sales,294,Customer 04,13646.55,,
27-12-2025,Sales,294,Sales - Local,,13646.55,
28-12-2025,Payment,220,Bank Charges,332.36,,
28-12-2025,Payment,220,HDFC Bank Current A/c,,332.36,
28-12-2025,Sales,295,Customer 06,93340.59,,
28-12-2025,Sales,295,Sales - Local,,93340.59,
28-12-2025,Purchase,164,Purchases - Local,48456.08,,
28-12-2025,Purchase,164,Supplier 03,,48456.08,
29-12-2025,Receipt,165,HDFC Bank Current A/c,180261.98,,
29-12-2025,Receipt,165,Customer 07,,180261.98,
29-12-2025,Receipt,166,HDFC Bank Current A/c,145366.61,,
29-12-2025,Receipt,166,Customer 05,,145366.61,
29-12-2025,Purchase,165,Purchases - Local,56235.57,,
29-12-2025,Purchase,165,Supplier 03,,56235.57,
30-12-2025,Purchase,166,Purchases - Local,6090.04,,
30-12-2025,Purchase,166,Supplier 02,,6090.04,
30-12-2025,Payment,221,Supplier 01,247895.44,,
30-12-2025,Payment,221,HDFC Bank Current A/c,,247895.44,
30-12-2025,Payment,222,Supplier 01,2847.90,,
30-12-2025,Payment,222,HDFC Bank Current A/c,,2847.90,
31-12-2025,Receipt,167,Cash,10338.21,,
31-12-2025,Receipt,167,Customer 08,,10338.21,
31-12-2025,Purchase,167,Purchases - Local,89110.62,,
31-12-2025,Purchase,167,Supplier 03,,89110.62,
31-12-2025,Payment,223,Supplier 04,4576.94,,
31-12-2025,Payment,223,HDFC Bank Current A/c,,4576.94,
01-01-2026,Sales,296,Cash,49017.62,,
01-01-2026,Sales,296,Sales - Local,,49017.62,
01-01-2026,Purchase,168,Purchases - Local,16772.58,,
01-01-2026,Purchase,168,Supplier 05,,16772.58,
01-01-2026,Sales,297,Cash,22753.86,,
01-01-2026,Sales,297,Sales - Local,,22753.86,
02-01-2026,Purchase,169,Purchases - Local,27156.25,,
02-01-2026,Purchase,169,Supplier 02,,27156.25,
02-01-2026,Sales,298,Cash,25573.33,,
02-01-2026,Sales,298,Sales - Local,,25573.33,
02-01-2026,Receipt,168,HDFC Bank Current A/c,68531.31,,
02-01-2026,Receipt,168,Customer 06,,68531.31,
03-01-2026,Receipt,169,HDFC Bank Current A/c,26795.96,,
03-01-2026,Receipt,169,Customer 05,,26795.96,
03-01-2026,Receipt,170,HDFC Bank Current A/c,509703.89,,
03-01-2026,Receipt,170,Customer 01,,509703.89,
03-01-2026,Sales,299,Customer 04,60039.82,,
03-01-2026,Sales,299,Sales - Local,,60039.82,
04-01-2026,Sales,300,Customer 01,65745.60,,
04-01-2026,Sales,300,Sales - Local,,65745.60,
04-01-2026,Sales,301,Customer 05,147798.83,,
04-01-2026,Sales,301,Sales - Local,,147798.83,
04-01-2026,Receipt,171,HDFC Bank Current A/c,126837.62,,
04-01-2026,Receipt,171,Customer 05,,126837.62,
05-01-2026,Purchase,170,Purchases - Local,46349.46,,
05-01-2026,Purchase,170,Supplier 03,,46349.46,
05-01-2026,Sales,302,Cash,39563.68,,
05-01-2026,Sales,302,Sales - Local,,39563.68,
05-01-2026,Sales,303,Customer 04,147403.74,,
05-01-2026,Sales,303,Sales - Local,,147403.74,
06-01-2026,Receipt,172,Cash,1405.94,,
06-01-2026,Receipt,172,Customer 05,,1405.94,
06-01-2026,Receipt,173,HDFC Bank Current A/c,120878.62,,
06-01-2026,Receipt,173,Customer 02,,120878.62,
06-01-2026,Receipt,174,HDFC Bank Current A/c,112285.89,,
06-01-2026,Receipt,174,Customer 01,,112285.89,
07-01-2026,Purchase,171,Purchases - Local,119265.79,,
07-01-2026,Purchase,171,Supplier 03,,119265.79,
07-01-2026,Receipt,175,Cash,2929.93,,
07-01-2026,Receipt,175,Customer 02,,2929.93,
07-01-2026,Payment,224,Supplier 02,34174.11,,
07-01-2026,Payment,224,HDFC Bank Current A/c,,34174.11,
08-01-2026,Payment,225,Office Expenses,7233.14,,
08-01-2026,Payment,225,Cash,,7233.14,
08-01-2026,Purchase,172,Purchases - Local,13754.82,,
08-01-2026,Purchase,172,Supplier 05,,13754.82,
08-01-2026,Payment,226,Printing & Stationery,1650.80,,
08-01-2026,Payment,226,Cash,,1650.80,
09-01-2026,Payment,227,Supplier 03,104763.61,,
09-01-2026,Payment,227,HDFC Bank Current A/c,,104763.61,
09-01-2026,Purchase,173,Purchases - Local,84387.30,,
09-01-2026,Purchase,173,Supplier 02,,84387.30,
10-01-2026,Payment,228,Conveyance,9179.99,,
10-01-2026,Payment,228,Cash,,9179.99,
10-01-2026,Sales,304,Customer 05,27878.60,,
10-01-2026,Sales,304,Sales - Local,,27878.60,
10-01-2026,Receipt,176,HDFC Bank Current A/c,49180.87,,
10-01-2026,Receipt,176,Customer 03,,49180.87,
11-01-2026,Payment,229,Rent,25000.00,,
11-01-2026,Payment,229,HDFC Bank Current A/c,,25000.00,
11-01-2026,Payment,230,Salary,45092.58,,
11-01-2026,Payment,230,HDFC Bank Current A/c,,45092.58,
11-01-2026,Payment,231,Electricity Charges,5443.87,,
11-01-2026,Payment,231,HDFC Bank Current A/c,,5443.87,
11-01-2026,Journal,10,Interest on Unsecured Loans,3000.00,,
11-01-2026,Journal,10,Unsecured Loan - Rajesh Kumar,,2700.00,
11-01-2026,Journal,10,TDS Payable,,300.00,
11-01-2026,Payment,232,TDS Payable,300.00,,
11-01-2026,Payment,232,HDFC Bank Current A/c,,300.00,
11-01-2026,Sales,305,Customer 08,134187.50,,
11-01-2026,Sales,305,Sales - Local,,134187.50,
11-01-2026,Sales,306,Cash,33528.37,,
11-01-2026,Sales,306,Sales - Local,,33528.37,
11-01-2026,Payment,233,Conveyance,952.20,,
11-01-2026,Payment,233,Cash,,952.20,
12-01-2026,Sales,307,Customer 07,183699.79,,
12-01-2026,Sales,307,Sales - Local,,183699.79,
12-01-2026,Receipt,177,HDFC Bank Current A/c,13807.98,,
12-01-2026,Receipt,177,Customer 06,,13807.98,
12-01-2026,Sales,308,Customer 06,29560.37,,
12-01-2026,Sales,308,Sales - Local,,29560.37,
13-01-2026,Sales,309,Cash,14886.82,,
13-01-2026,Sales,309,Sales - Local,,14886.82,
13-01-2026,Receipt,178,Cash,12224.49,,
13-01-2026,Receipt,178,Customer 03,,12224.49,
13-01-2026,Receipt,179,Cash,11734.46,,
13-01-2026,Receipt,179,Customer 01,,11734.46,
14-01-2026,Sales,310,Cash,5142.95,,
14-01-2026,Sales,310,Sales - Local,,5142.95,
14-01-2026,Purchase,174,Purchases - Local,111874.96,,
14-01-2026,Purchase,174,Supplier 03,,111874.96,
14-01-2026,Sales,311,Cash,28384.73,,
14-01-2026,Sales,311,Sales - Local,,28384.73,
15-01-2026,Purchase,175,Purchases - Local,88022.75,,
15-01-2026,Purchase,175,Supplier 05,,88022.75,
15-01-2026,Sales,312,Cash,15740.78,,
15-01-2026,Sales,312,Sales - Local,,15740.78,
15-01-2026,Purchase,176,Purchases - Local,36269.48,,
15-01-2026,Purchase,176,Supplier 01,,36269.48,
16-01-2026,Payment,234,Supplier 03,635413.31,,
16-01-2026,Payment,234,HDFC Bank Current A/c,,635413.31,
16-01-2026,Purchase,177,Purchases - Local,19171.20,,
16-01-2026,Purchase,177,Supplier 05,,19171.20,
16-01-2026,Receipt,180,HDFC Bank Current A/c,11959.24,,
16-01-2026,Receipt,180,Customer 08,,11959.24,
17-01-2026,Receipt,181,HDFC Bank Current A/c,28752.80,,
17-01-2026,Receipt,181,Customer 06,,28752.80,
17-01-2026,Sales,313,Cash,23917.91,,
17-01-2026,Sales,313,Sales - Local,,23917.91,
17-01-2026,Receipt,182,Cash,10510.57,,
17-01-2026,Receipt,182,Customer 08,,10510.57,
18-01-2026,Sales,314,Customer 06,23664.53,,
18-01-2026,Sales,314,Sales - Local,,23664.53,
18-01-2026,Payment,235,Supplier 03,90170.91,,
18-01-2026,Payment,235,HDFC Bank Current A/c,,90170.91,
18-01-2026,Receipt,183,Cash,13434.47,,
18-01-2026,Receipt,183,Customer 08,,13434.47,
19-01-2026,Receipt,184,HDFC Bank Current A/c,16222.49,,
19-01-2026,Receipt,184,Customer 02,,16222.49,
19-01-2026,Payment,236,Bank Charges,17.34,,
19-01-2026,Payment,236,HDFC Bank Current A/c,,17.34,
19-01-2026,Receipt,185,HDFC Bank Current A/c,1645.41,,
19-01-2026,Receipt,185,Customer 02,,1645.41,
20-01-2026,Receipt,186,HDFC Bank Current A/c,8978.94,,
20-01-2026,Receipt,186,Interest Received,,8978.94,
20-01-2026,Payment,237,Printing & Stationery,7036.74,,
20-01-2026,Payment,237,Cash,,7036.74,
20-01-2026,Receipt,187,HDFC Bank Current A/c,626807.38,,
20-01-2026,Receipt,187,Customer 04,,626807.38,
21-01-2026,Receipt,188,Cash,7095.94,,
21-01-2026,Receipt,188,Customer 06,,7095.94,
21-01-2026,Payment,238,Bank Charges,409.72,,
21-01-2026,Payment,238,HDFC Bank Current A/c,,409.72,
21-01-2026,Sales,315,Customer 04,103165.13,,
21-01-2026,Sales,315,Sales - Local,,103165.13,
22-01-2026,Sales,316,Customer 04,115597.51,,
22-01-2026,Sales,316,Sales - Local,,115597.51,
22-01-2026,Payment,239,Supplier 04,4589.48,,
22-01-2026,Payment,239,HDFC Bank Current A/c,,4589.48,
22-01-2026,Payment,240,Supplier 01,7207.13,,
22-01-2026,Payment,240,HDFC Bank Current A/c,,7207.13,
23-01-2026,Receipt,189,HDFC Bank Current A/c,1348.72,,
23-01-2026,Receipt,189,Customer 02,,1348.72,
23-01-2026,Sales,317,Customer 01,122602.94,,
23-01-2026,Sales,317,Sales - Local,,122602.94,
23-01-2026,Sales,318,Customer 03,180076.42,,
23-01-2026,Sales,318,Sales - Local,,180076.42,
24-01-2026,Receipt,190,HDFC Bank Current A/c,693288.35,,
24-01-2026,Receipt,190,Customer 07,,693288.35,
24-01-2026,Receipt,191,HDFC Bank Current A/c,165949.99,,
24-01-2026,Receipt,191,Customer 04,,165949.99,
24-01-2026,Receipt,192,HDFC Bank Current A/c,58908.94,,
24-01-2026,Receipt,192,Customer 03,,58908.94,
25-01-2026,Sales,319,Customer 04,19339.92,,
25-01-2026,Sales,319,Sales - Local,,19339.92,
25-01-2026,Sales,320,Customer 03,5262.26,,
25-01-2026,Sales,320,Sales - Local,,5262.26,
25-01-2026,Payment,241,Supplier 05,140996.51,,
25-01-2026,Payment,241,HDFC Bank Current A/c,,140996.51,
26-01-2026,Sales,321,Customer 07,43710.65,,
26-01-2026,Sales,321,Sales - Local,,43710.65,
26-01-2026,Purchase,178,Purchases - Local,19687.97,,
26-01-2026,Purchase,178,Supplier 03,,19687.97,
26-01-2026,Receipt,193,Cash,16810.11,,
26-01-2026,Receipt,193,Customer 05,,16810.11,
27-01-2026,Sales,322,Customer 01,187786.71,,
27-01-2026,Sales,322,Sales - Local,,187786.71,
27-01-2026,Sales,323,Cash,12645.68,,
27-01-2026,Sales,323,Sales - Local,,12645.68,
27-01-2026,Purchase,179,Purchases - Local,82633.16,,
27-01-2026,Purchase,179,Supplier 02,,82633.16,
28-01-2026,Sales,324,Cash,49970.31,,
28-01-2026,Sales,324,Sales - Local,,49970.31,
28-01-2026,Purchase,180,Purchases - Local,91900.29,,
28-01-2026,Purchase,180,Supplier 01,,91900.29,
28-01-2026,Purchase,181,Purchases - Local,16334.92,,
28-01-2026,Purchase,181,Supplier 02,,16334.92,
29-01-2026,Purchase,182,Purchases - Local,79076.76,,
29-01-2026,Purchase,182,Supplier 01,,79076.76,
29-01-2026,Sales,325,Cash,37458.20,,
29-01-2026,Sales,325,Sales - Local,,37458.20,
30-01-2026,Sales,326,Customer 07,102192.61,,
30-01-2026,Sales,326,Sales - Local,,102192.61,
30-01-2026,Payment,242,Staff Welfare,885.88,,
30-01-2026,Payment,242,Cash,,885.88,
30-01-2026,Payment,243,Office Expenses,4442.19,,
30-01-2026,Payment,243,Cash,,4442.19,
31-01-2026,Payment,244,Supplier 03,1355.90,,
31-01-2026,Payment,244,HDFC Bank Current A/c,,1355.90,
31-01-2026,Purchase,183,Purchases - Local,43533.06,,
31-01-2026,Purchase,183,Supplier 05,,43533.06,
31-01-2026,Receipt,194,Cash,15541.72,,
31-01-2026,Receipt,194,Customer 08,,15541.72,
01-02-2026,Receipt,195,Cash,18857.80,,
01-02-2026,Receipt,195,Customer 06,,18857.80,
01-02-2026,Receipt,196,HDFC Bank Current A/c,83796.26,,
01-02-2026,Receipt,196,Customer 08,,83796.26,
01-02-2026,Receipt,197,HDFC Bank Current A/c,90764.09,,
01-02-2026,Receipt,197,Customer 04,,90764.09,
02-02-2026,Sales,327,Customer 01,16086.25,,
02-02-2026,Sales,327,Sales - Local,,16086.25,
02-02-2026,Payment,245,Supplier 04,1030.60,,
02-02-2026,Payment,245,HDFC Bank Current A/c,,1030.60,
03-02-2026,Receipt,198,HDFC Bank Current A/c,8200.53,,
03-02-2026,Receipt,198,Customer 06,,8200.53,
03-02-2026,Receipt,199,HDFC Bank Current A/c,1007.76,,
03-02-2026,Receipt,199,Customer 06,,1007.76,
03-02-2026,Purchase,184,Purchases - Local,89886.67,,
03-02-2026,Purchase,184,Supplier 04,,89886.67,
04-02-2026,Payment,246,Conveyance,8358.26,,
04-02-2026,Payment,246,Cash,,8358.26,
04-02-2026,Receipt,200,HDFC Bank Current A/c,153976.59,,
04-02-2026,Receipt,200,Customer 01,,153976.59,
05-02-2026,Sales,328,Customer 07,118161.45,,
05-02-2026,Sales,328,Sales - Local,,118161.45,
05-02-2026,Sales,329,Cash,21038.94,,
05-02-2026,Sales,329,Sales - Local,,21038.94,
05-02-2026,Sales,330,Customer 08,33860.95,,
05-02-2026,Sales,330,Sales - Local,,33860.95,
06-02-2026,Sales,331,Cash,32301.13,,
06-02-2026,Sales,331,Sales - Local,,32301.13,
06-02-2026,Payment,247,Supplier 04,71861.93,,
06-02-2026,Payment,247,HDFC Bank Current A/c,,71861.93,
06-02-2026,Sales,332,Customer 04,38313.15,,
06-02-2026,Sales,332,Sales - Local,,38313.15,
07-02-2026,Sales,333,Customer 05,95922.98,,
07-02-2026,Sales,333,Sales - Local,,95922.98,
07-02-2026,Receipt,201,HDFC Bank Current A/c,332439.52,,
07-02-2026,Receipt,201,Customer 03,,332439.52,
07-02-2026,Payment,248,Supplier 05,199203.33,,
07-02-2026,Payment,248,HDFC Bank Current A/c,,199203.33,
08-02-2026,Purchase,185,Purchases - Local,81595.61,,
08-02-2026,Purchase,185,Supplier 02,,81595.61,
08-02-2026,Sales,334,Cash,21523.57,,
08-02-2026,Sales,334,Sales - Local,,21523.57,
08-02-2026,Purchase,186,Purchases - Local,50063.25,,
08-02-2026,Purchase,186,Supplier 02,,50063.25,
09-02-2026,Sales,335,Customer 06,127692.04,,
09-02-2026,Sales,335,Sales - Local,,127692.04,
09-02-2026,Payment,249,Office Expenses,7612.53,,
09-02-2026,Payment,249,Cash,,7612.53,
09-02-2026,Payment,250,Supplier 04,12398.55,,
09-02-2026,Payment,250,HDFC Bank Current A/c,,12398.55,
10-02-2026,Payment,251,Rent,25000.00,,
10-02-2026,Payment,251,HDFC Bank Current A/c,,25000.00,
10-02-2026,Payment,252,Salary,45989.90,,
10-02-2026,Payment,252,HDFC Bank Current A/c,,45989.90,
10-02-2026,Payment,253,Electricity Charges,5031.98,,
10-02-2026,Payment,253,HDFC Bank Current A/c,,5031.98,
10-02-2026,Journal,11,Interest on Unsecured Loans,3000.00,,
10-02-2026,Journal,11,Unsecured Loan - Rajesh Kumar,,2700.00,
10-02-2026,Journal,11,TDS Payable,,300.00,
10-02-2026,Payment,254,TDS Payable,300.00,,
10-02-2026,Payment,254,HDFC Bank Current A/c,,300.00,
10-02-2026,Payment,255,Telephone Expenses,6245.88,,
10-02-2026,Payment,255,Cash,,6245.88,
10-02-2026,Purchase,187,Purchases - Local,44617.89,,
10-02-2026,Purchase,187,Supplier 04,,44617.89,
10-02-2026,Purchase,188,Purchases - Local,22844.99,,
10-02-2026,Purchase,188,Supplier 02,,22844.99,
11-02-2026,Receipt,202,HDFC Bank Current A/c,33243.69,,
11-02-2026,Receipt,202,Customer 08,,33243.69,
11-02-2026,Sales,336,Customer 08,45495.51,,
11-02-2026,Sales,336,Sales - Local,,45495.51,
11-02-2026,Payment,256,Bank Charges,462.90,,
11-02-2026,Payment,256,HDFC Bank Current A/c,,462.90,
12-02-2026,Payment,257,Telephone Expenses,713.70,,
12-02-2026,Payment,257,Cash,,713.70,
12-02-2026,Sales,337,Cash,14691.18,,
12-02-2026,Sales,337,Sales - Local,,14691.18,
12-02-2026,Sales,338,Cash,45476.41,,
12-02-2026,Sales,338,Sales - Local,,45476.41,
13-02-2026,Sales,339,Cash,22307.14,,
13-02-2026,Sales,339,Sales - Local,,22307.14,
13-02-2026,Purchase,189,Purchases - Local,12451.43,,
13-02-2026,Purchase,189,Supplier 04,,12451.43,
13-02-2026,Receipt,203,HDFC Bank Current A/c,118437.98,,
13-02-2026,Receipt,203,Customer 01,,118437.98,
14-02-2026,Payment,258,Conveyance,1992.33,,
14-02-2026,Payment,258,Cash,,1992.33,
14-02-2026,Purchase,190,Purchases - Local,93349.58,,
14-02-2026,Purchase,190,Supplier 02,,93349.58,
14-02-2026,Sales,340,Customer 03,13528.41,,
14-02-2026,Sales,340,Sales - Local,,13528.41,
15-02-2026,Receipt,204,Cash,3891.22,,
15-02-2026,Receipt,204,Customer 08,,3891.22,
15-02-2026,Receipt,205,Cash,18376.24,,
15-02-2026,Receipt,205,Customer 08,,18376.24,
15-02-2026,Receipt,206,Cash,14033.08,,
15-02-2026,Receipt,206,Customer 01,,14033.08,
16-02-2026,Purchase,191,Purchases - Local,31214.95,,
16-02-2026,Purchase,191,Supplier 01,,31214.95,
16-02-2026,Receipt,207,HDFC Bank Current A/c,136875.90,,
16-02-2026,Receipt,207,Customer 07,,136875.90,
16-02-2026,Sales,341,Customer 07,152356.96,,
16-02-2026,Sales,341,Sales - Local,,152356.96,
17-02-2026,Payment,259,Staff Welfare,8655.58,,
17-02-2026,Payment,259,Cash,,8655.58,
17-02-2026,Payment,260,Supplier 01,54003.43,,
17-02-2026,Payment,260,HDFC Bank Current A/c,,54003.43,
17-02-2026,Receipt,208,Cash,3614.65,,
17-02-2026,Receipt,208,Customer 03,,3614.65,
18-02-2026,Payment,261,Supplier 04,21804.76,,
18-02-2026,Payment,261,HDFC Bank Current A/c,,21804.76,
18-02-2026,Sales,342,Cash,43793.21,,
18-02-2026,Sales,342,Sales - Local,,43793.21,
18-02-2026,Receipt,209,HDFC Bank Current A/c,116182.21,,
18-02-2026,Receipt,209,Customer 05,,116182.21,
19-02-2026,Purchase,192,Purchases - Local,18031.42,,
19-02-2026,Purchase,192,Supplier 01,,18031.42,
19-02-2026,Payment,262,Conveyance,1168.31,,
19-02-2026,Payment,262,Cash,,1168.31,
19-02-2026,Receipt,210,HDFC Bank Current A/c,137131.44,,
19-02-2026,Receipt,210,Customer 01,,137131.44,
20-02-2026,Receipt,211,HDFC Bank Current A/c,255686.17,,
20-02-2026,Receipt,211,Customer 04,,255686.17,
20-02-2026,Payment,263,Supplier 04,23250.86,,
20-02-2026,Payment,263,HDFC Bank Current A/c,,23250.86,
20-02-2026,Purchase,193,Purchases - Local,85535.13,,
20-02-2026,Purchase,193,Supplier 05,,85535.13,
21-02-2026,Payment,264,Telephone Expenses,3023.93,,
21-02-2026,Payment,264,Cash,,3023.93,
21-02-2026,Sales,343,Customer 07,108753.27,,
21-02-2026,Sales,343,Sales - Local,,108753.27,
21-02-2026,Receipt,212,HDFC Bank Current A/c,10252.11,,
21-02-2026,Receipt,212,Customer 08,,10252.11,
22-02-2026,Payment,265,Staff Welfare,1271.59,,
22-02-2026,Payment,265,Cash,,1271.59,
22-02-2026,Purchase,194,Purchases - Local,76071.56,,
22-02-2026,Purchase,194,Supplier 03,,76071.56,
22-02-2026,Sales,344,Customer 07,80867.80,,
22-02-2026,Sales,344,Sales - Local,,80867.80,
23-02-2026,Receipt,213,HDFC Bank Current A/c,9512.18,,
23-02-2026,Receipt,213,Customer 08,,9512.18,
23-02-2026,Sales,345,Customer 08,151621.61,,
23-02-2026,Sales,345,Sales - Local,,151621.61,
23-02-2026,Purchase,195,Purchases - Local,5749.32,,
23-02-2026,Purchase,195,Supplier 02,,5749.32,
24-02-2026,Sales,346,Customer 05,36042.89,,
24-02-2026,Sales,346,Sales - Local,,36042.89,
24-02-2026,Receipt,214,HDFC Bank Current A/c,2335.87,,
24-02-2026,Receipt,214,Customer 03,,2335.87,
24-02-2026,Sales,347,Customer 08,81926.90,,
24-02-2026,Sales,347,Sales - Local,,81926.90,
25-02-2026,Sales,348,Cash,31166.11,,
25-02-2026,Sales,348,Sales - Local,,31166.11,
25-02-2026,Receipt,215,HDFC Bank Current A/c,144167.58,,
25-02-2026,Receipt,215,Customer 07,,144167.58,
25-02-2026,Payment,266,Supplier 05,60290.75,,
25-02-2026,Payment,266,HDFC Bank Current A/c,,60290.75,
26-02-2026,Receipt,216,HDFC Bank Current A/c,8729.55,,
26-02-2026,Receipt,216,Interest Received,,8729.55,
26-02-2026,Sales,349,Cash,6215.91,,
26-02-2026,Sales,349,Sales - Local,,6215.91,
26-02-2026,Sales,350,Customer 06,134686.33,,
26-02-2026,Sales,350,Sales - Local,,134686.33,
27-02-2026,Payment,267,Supplier 03,88829.98,,
27-02-2026,Payment,267,HDFC Bank Current A/c,,88829.98,
27-02-2026,Sales,351,Cash,17473.96,,
27-02-2026,Sales,351,Sales - Local,,17473.96,
28-02-2026,Payment,268,Supplier 05,44424.35,,
28-02-2026,Payment,268,HDFC Bank Current A/c,,44424.35,
28-02-2026,Purchase,196,Purchases - Local,72038.74,,
28-02-2026,Purchase,196,Supplier 01,,72038.74,
28-02-2026,Sales,352,Customer 01,175432.54,,
28-02-2026,Sales,352,Sales - Local,,175432.54,
01-03-2026,Purchase,197,Purchases - Local,37000.59,,
01-03-2026,Purchase,197,Supplier 04,,37000.59,
01-03-2026,Receipt,217,HDFC Bank Current A/c,87498.10,,
01-03-2026,Receipt,217,Customer 04,,87498.10,
01-03-2026,Receipt,218,Cash,17172.86,,
01-03-2026,Receipt,218,Customer 05,,17172.86,
02-03-2026,Sales,353,Customer 03,149316.73,,
02-03-2026,Sales,353,Sales - Local,,149316.73,
02-03-2026,Payment,269,Telephone Expenses,868.65,,
02-03-2026,Payment,269,Cash,,868.65,
02-03-2026,Receipt,219,Cash,8543.69,,
02-03-2026,Receipt,219,Customer 04,,8543.69,
03-03-2026,Sales,354,Cash,24420.37,,
03-03-2026,Sales,354,Sales - Local,,24420.37,
03-03-2026,Payment,270,Supplier 02,172717.57,,
03-03-2026,Payment,270,HDFC Bank Current A/c,,172717.57,
04-03-2026,Purchase,198,Purchases - Local,67985.54,,
04-03-2026,Purchase,198,Supplier 02,,67985.54,
04-03-2026,Purchase,199,Purchases - Local,102717.41,,
04-03-2026,Purchase,199,Supplier 03,,102717.41,
04-03-2026,Sales,355,Customer 08,135563.27,,
04-03-2026,Sales,355,Sales - Local,,135563.27,
05-03-2026,Sales,356,Cash,35410.81,,
05-03-2026,Sales,356,Sales - Local,,35410.81,
05-03-2026,Sales,357,Customer 06,70489.42,,
05-03-2026,Sales,357,Sales - Local,,70489.42,
05-03-2026,Purchase,200,Purchases - Local,38413.35,,
05-03-2026,Purchase,200,Supplier 03,,38413.35,
06-03-2026,Payment,271,Supplier 01,57655.71,,
06-03-2026,Payment,271,HDFC Bank Current A/c,,57655.71,
06-03-2026,Sales,358,Cash,39436.17,,
06-03-2026,Sales,358,Sales - Local,,39436.17,
06-03-2026,Purchase,201,Purchases - Local,52410.01,,
06-03-2026,Purchase,201,Supplier 01,,52410.01,
07-03-2026,Payment,272,Supplier 05,1967.89,,
07-03-2026,Payment,272,HDFC Bank Current A/c,,1967.89,
07-03-2026,Sales,359,Cash,8409.27,,
07-03-2026,Sales,359,Sales - Local,,8409.27,
07-03-2026,Sales,360,Cash,17850.44,,
07-03-2026,Sales,360,Sales - Local,,17850.44,
08-03-2026,Sales,361,Customer 05,18748.54,,
08-03-2026,Sales,361,Sales - Local,,18748.54,
08-03-2026,Sales,362,Customer 04,139081.81,,
08-03-2026,Sales,362,Sales - Local,,139081.81,
08-03-2026,Payment,273,Supplier 04,4616.26,,
08-03-2026,Payment,273,HDFC Bank Current A/c,,4616.26,
09-03-2026,Payment,274,Office Expenses,4554.05,,
09-03-2026,Payment,274,Cash,,4554.05,
09-03-2026,Purchase,202,Purchases - Local,96308.26,,
09-03-2026,Purchase,202,Supplier 04,,96308.26,
09-03-2026,Payment,275,Telephone Expenses,9172.61,,
09-03-2026,Payment,275,Cash,,9172.61,
10-03-2026,Receipt,220,HDFC Bank Current A/c,289688.70,,
10-03-2026,Receipt,220,Customer 08,,289688.70,
10-03-2026,Sales,363,Customer 03,76945.67,,
10-03-2026,Sales,363,Sales - Local,,76945.67,
10-03-2026,Payment,276,Supplier 01,56845.88,,
10-03-2026,Payment,276,HDFC Bank Current A/c,,56845.88,
11-03-2026,Sales,364,Cash,2594.86,,
11-03-2026,Sales,364,Sales - Local,,2594.86,
11-03-2026,Sales,365,Customer 01,151657.78,,
11-03-2026,Sales,365,Sales - Local,,151657.78,
11-03-2026,Receipt,221,HDFC Bank Current A/c,41803.71,,
11-03-2026,Receipt,221,Customer 01,,41803.71,
12-03-2026,Payment,277,Rent,25000.00,,
12-03-2026,Payment,277,HDFC Bank Current A/c,,25000.00,
12-03-2026,Payment,278,Salary,43069.05,,
12-03-2026,Payment,278,HDFC Bank Current A/c,,43069.05,
12-03-2026,Payment,279,Electricity Charges,7170.93,,
12-03-2026,Payment,279,HDFC Bank Current A/c,,7170.93,
12-03-2026,Journal,12,Interest on Unsecured Loans,3000.00,,
12-03-2026,Journal,12,Unsecured Loan - Rajesh Kumar,,2700.00,
12-03-2026,Journal,12,TDS Payable,,300.00,
12-03-2026,Payment,280,TDS Payable,300.00,,
12-03-2026,Payment,280,HDFC Bank Current A/c,,300.00,
12-03-2026,Payment,281,Supplier 01,200117.39,,
12-03-2026,Payment,281,HDFC Bank Current A/c,,200117.39,
12-03-2026,Receipt,222,HDFC Bank Current A/c,1360.55,,
12-03-2026,Receipt,222,Interest Received,,1360.55,
12-03-2026,Payment,282,Bank Charges,130.65,,
12-03-2026,Payment,282,HDFC Bank Current A/c,,130.65,
13-03-2026,Receipt,223,HDFC Bank Current A/c,40904.40,,
13-03-2026,Receipt,223,Customer 04,,40904.40,
13-03-2026,Receipt,224,HDFC Bank Current A/c,243436.21,,
13-03-2026,Receipt,224,Customer 03,,243436.21,
13-03-2026,Payment,283,Conveyance,5905.48,,
13-03-2026,Payment,283,Cash,,5905.48,
14-03-2026,Receipt,225,HDFC Bank Current A/c,41119.61,,
14-03-2026,Receipt,225,Customer 05,,41119.61,
14-03-2026,Receipt,226,HDFC Bank Current A/c,136756.84,,
14-03-2026,Receipt,226,Customer 04,,136756.84,
14-03-2026,Receipt,227,Cash,1129.87,,
14-03-2026,Receipt,227,Customer 06,,1129.87,
15-03-2026,Sales,366,Customer 08,197708.92,,
15-03-2026,Sales,366,Sales - Local,,197708.92,
15-03-2026,Purchase,203,Purchases - Local,62296.93,,
15-03-2026,Purchase,203,Supplier 01,,62296.93,
15-03-2026,Sales,367,Customer 08,52498.43,,
15-03-2026,Sales,367,Sales - Local,,52498.43,
16-03-2026,Purchase,204,Purchases - Local,37772.26,,
16-03-2026,Purchase,204,Supplier 04,,37772.26,
16-03-2026,Sales,368,Cash,18569.26,,
16-03-2026,Sales,368,Sales - Local,,18569.26,
16-03-2026,Payment,284,Supplier 05,1014.26,,
16-03-2026,Payment,284,HDFC Bank Current A/c,,1014.26,
17-03-2026,Sales,369,Customer 05,117861.73,,
17-03-2026,Sales,369,Sales - Local,,117861.73,
17-03-2026,Sales,370,Customer 04,20662.02,,
17-03-2026,Sales,370,Sales - Local,,20662.02,
17-03-2026,Receipt,228,HDFC Bank Current A/c,26117.82,,
17-03-2026,Receipt,228,Customer 03,,26117.82,
18-03-2026,Sales,371,Customer 01,191411.87,,
18-03-2026,Sales,371,Sales - Local,,191411.87,
18-03-2026,Receipt,229,HDFC Bank Current A/c,82834.89,,
18-03-2026,Receipt,229,Customer 06,,82834.89,
18-03-2026,Receipt,230,HDFC Bank Current A/c,2541.93,,
18-03-2026,Receipt,230,Interest Received,,2541.93,
19-03-2026,Payment,285,Office Expenses,5078.61,,
19-03-2026,Payment,285,Cash,,5078.61,
19-03-2026,Payment,286,Telephone Expenses,6854.80,,
19-03-2026,Payment,286,Cash,,6854.80,
19-03-2026,Payment,287,Supplier 01,10566.61,,
19-03-2026,Payment,287,HDFC Bank Current A/c,,10566.61,
20-03-2026,Purchase,205,Purchases - Local,64055.14,,
20-03-2026,Purchase,205,Supplier 01,,64055.14,
20-03-2026,Payment,288,Staff Welfare,7678.82,,
20-03-2026,Payment,288,Cash,,7678.82,
20-03-2026,Sales,372,Customer 01,81794.48,,
20-03-2026,Sales,372,Sales - Local,,81794.48,
21-03-2026,Receipt,231,HDFC Bank Current A/c,147420.44,,
21-03-2026,Receipt,231,Customer 06,,147420.44,
21-03-2026,Receipt,232,HDFC Bank Current A/c,363854.06,,
21-03-2026,Receipt,232,Customer 07,,363854.06,
21-03-2026,Sales,373,Customer 03,171178.55,,
21-03-2026,Sales,373,Sales - Local,,171178.55,
22-03-2026,Sales,374,Customer 01,119560.56,,
22-03-2026,Sales,374,Sales - Local,,119560.56,
22-03-2026,Purchase,206,Purchases - Local,87903.23,,
22-03-2026,Purchase,206,Supplier 02,,87903.23,
22-03-2026,Receipt,233,Cash,17848.82,,
22-03-2026,Receipt,233,Customer 03,,17848.82,
23-03-2026,Payment,289,Supplier 04,164437.49,,
23-03-2026,Payment,289,HDFC Bank Current A/c,,164437.49,
23-03-2026,Sales,375,Cash,7129.89,,
23-03-2026,Sales,375,Sales - Local,,7129.89,
23-03-2026,Payment,290,Supplier 04,16695.89,,
23-03-2026,Payment,290,HDFC Bank Current A/c,,16695.89,
24-03-2026,Receipt,234,HDFC Bank Current A/c,184213.37,,
24-03-2026,Receipt,234,Customer 01,,184213.37,
24-03-2026,Purchase,207,Purchases - Local,5085.72,,
24-03-2026,Purchase,207,Supplier 01,,5085.72,
24-03-2026,Payment,291,Conveyance,2312.02,,
24-03-2026,Payment,291,Cash,,2312.02,
25-03-2026,Payment,292,Supplier 05,2188.22,,
25-03-2026,Payment,292,HDFC Bank Current A/c,,2188.22,
25-03-2026,Sales,376,Cash,36394.37,,
25-03-2026,Sales,376,Sales - Local,,36394.37,
25-03-2026,Receipt,235,HDFC Bank Current A/c,43422.39,,
25-03-2026,Receipt,235,Customer 05,,43422.39,
26-03-2026,Payment,293,Office Expenses,4560.31,,
26-03-2026,Payment,293,Cash,,4560.31,
26-03-2026,Purchase,208,Purchases - Local,83414.21,,
26-03-2026,Purchase,208,Supplier 01,,83414.21,
26-03-2026,Receipt,236,Cash,18842.47,,
26-03-2026,Receipt,236,Customer 03,,18842.47,
27-03-2026,Payment,294,Bank Charges,137.38,,
27-03-2026,Payment,294,HDFC Bank Current A/c,,137.38,
27-03-2026,Payment,295,Supplier 02,27407.95,,
27-03-2026,Payment,295,HDFC Bank Current A/c,,27407.95,
27-03-2026,Receipt,237,HDFC Bank Current A/c,95275.61,,
27-03-2026,Receipt,237,Customer 08,,95275.61,
28-03-2026,Receipt,238,Cash,6924.87,,
28-03-2026,Receipt,238,Customer 06,,6924.87,
28-03-2026,Payment,296,Conveyance,3276.96,,
28-03-2026,Payment,296,Cash,,3276.96,
29-03-2026,Payment,297,Conveyance,7896.95,,
29-03-2026,Payment,297,Cash,,7896.95,
29-03-2026,Payment,298,Supplier 02,253259.07,,
29-03-2026,Payment,298,HDFC Bank Current A/c,,253259.07,
29-03-2026,Payment,299,Office Expenses,6770.19,,
29-03-2026,Payment,299,Cash,,6770.19,
30-03-2026,Purchase,209,Purchases - Local,109732.56,,
30-03-2026,Purchase,209,Supplier 03,,109732.56,
30-03-2026,Purchase,210,Purchases - Local,109384.25,,
30-03-2026,Purchase,210,Supplier 02,,109384.25,
30-03-2026,Purchase,211,Purchases - Local,108348.28,,
30-03-2026,Purchase,211,Supplier 02,,108348.28,
31-03-2026,Purchase,212,Purchases - Local,118107.24,,
31-03-2026,Purchase,212,Supplier 04,,118107.24,
31-03-2026,Sales,377,Customer 02,5712.62,,
31-03-2026,Sales,377,Sales - Local,,5712.62,
31-03-2026,Payment,300,Supplier 01,185134.22,,
31-03-2026,Payment,300,HDFC Bank Current A/c,,185134.22,
31-03-2026,Journal,13,Depreciation,135000.00,,
31-03-2026,Journal,13,Plant & Machinery,,120000.00,
31-03-2026,Journal,13,Furniture & Fixtures,,15000.00,
31-03-2026,Journal,14,Partners' Remuneration,240000.00,,
31-03-2026,Journal,14,Partner A - Capital,,120000.00,
31-03-2026,Journal,14,Partner B - Capital,,120000.00,
31-03-2026,Journal,15,Interest on Partners' Capital,60000.00,,
31-03-2026,Journal,15,Partner A - Capital,,30000.00,
31-03-2026,Journal,15,Partner B - Capital,,30000.00,
